"Key","Item Type","Publication Year","Author","Title","Publication Title","ISBN","ISSN","DOI","Url","Abstract Note","Date","Date Added","Date Modified","Access Date","Pages","Num Pages","Issue","Volume","Number Of Volumes","Journal Abbreviation","Short Title","Series","Series Number","Series Text","Series Title","Publisher","Place","Language","Rights","Type","Archive","Archive Location","Library Catalog","Call Number","Extra","Notes","File Attachments","Link Attachments","Manual Tags","Automatic Tags","Editor","Series Editor","Translator","Contributor","Attorney Agent","Book Author","Cast Member","Commenter","Composer","Cosponsor","Counsel","Interviewer","Producer","Recipient","Reviewed Author","Scriptwriter","Words By","Guest","Number","Edition","Running Time","Scale","Medium","Artwork Size","Filing Date","Application Number","Assignee","Issuing Authority","Country","Meeting Name","Conference Name","Court","References","Reporter","Legal Status","Priority Numbers","Programming Language","Version","System","Code","Code Number","Section","Session","Committee","History","Legislative Body"
"GWDCK9VR","journalArticle","2025","Porter, Andrew Stone","DIS/ORDERED LIBERTY: ISLAMIC AND CATHOLIC FEMINIST PERSPECTIVES ON NATURAL LAW AFTER DOBBS","Journal for Cultural & Religious Theory","","1530-5228","","https://research.ebsco.com/plink/56d2b83e-e70c-38f5-9e7e-8c6b9b491cb1","","2025","2026-02-02 05:06:09","2026-02-05 02:12:45","","165-174","","2","23","","JCRT","","","","","","Whitestone Foundation","","","","","","","","","","","","","Natural law; Catholic feminism","","","","","","","","","","","","","","","","","","","","","","","","","","","","","","","","","","","","","","","","","","","","","","",""
"FYLE68KJ","journalArticle","2025","Sendag, Duygu","HEALING AS MULTIMEDIA PRACTICE: CONTEMPORARY SPIRITUALITY IN TURKEY","Journal for Cultural & Religious Theory","","1530-5228","","https://research.ebsco.com/plink/71cc4ee3-636c-37c9-9bfb-52e94a60fe6f","","2025","2026-02-02 05:06:09","2026-02-05 02:12:45","","195-215","","2","23","","JCRT","","","","","","Whitestone Foundation","","","","","","","","","","","","","Spirituality; Healing; Turkey","","","","","","","","","","","","","","","","","","","","","","","","","","","","","","","","","","","","","","","","","","","","","","",""
"TIESS4Y8","journalArticle","2025","Raschke, Carl","SAYING “YOU”: THE GRAMMAR OF ADDRESS AND THE LIMITATIONS OF COGNITIVE THEORIES OF RELIGION","Journal for Cultural & Religious Theory","","1530-5228","","https://research.ebsco.com/plink/c84dc90e-1308-3092-b8c4-7cc303a5edab","","2025","2026-02-02 05:06:09","2026-02-05 02:12:45","","175-195","","2","23","","JCRT","","","","","","Whitestone Foundation","","","","","","","","","","","","","","","","","","","","","","","","","","","","","","","","","","","","","","","","","","","","","","","","","","","","","","","","","","","",""
"Y3MM7PZM","journalArticle","2025","Arnold, Philip P; Taylor, Victor E","A CONVERSATION WITH PHILIP P. ARNOLD ON THE URGENCY OF INDIGENOUS VALUES","Journal for Cultural & Religious Theory","","1530-5228","","https://research.ebsco.com/plink/fef39bcd-065a-389e-8562-635d58e5f043","","2025","2026-02-02 05:06:09","2026-02-05 02:12:45","","132-139","","2","23","","JCRT","","","","","","Whitestone Foundation","","","","","","","","","","","","","","","","","","","","","","","","","","","","","","","","","","","","","","","","","","","","","","","","","","","","","","","","","","","",""
"NFPQGJUI","journalArticle","2025","Grammenou, Iria","SUFFERING AND DYING IN MODERN PANDEMICS: A PARALLEL READING OF IVAN ILLICH, GIORGIO AGAMBEN AND BYUNG-CHUL HAN","Journal for Cultural & Religious Theory","","1530-5228","","https://research.ebsco.com/plink/724416da-7f67-3eee-bc73-944d678b2f28","","2025","2026-02-02 05:06:10","2026-02-05 02:12:45","","74-83","","1","24","","JCRT","","","","","","Whitestone Foundation","","","","","","","","","","","","","","","","","","","","","","","","","","","","","","","","","","","","","","","","","","","","","","","","","","","","","","","","","","","",""
"2KS5HKDI","journalArticle","2025","Daga, Nisha; Joseph, George Kodimattam","THE SACRED END: EXPLORING THE ETHICAL PRACTICE OF SALLEKHANĀ IN JAINA TRADITION","Journal for Cultural & Religious Theory","","1530-5228","","https://research.ebsco.com/plink/afa3d53c-9242-33b6-aafa-66060dff7643","","2025","2026-02-02 05:06:10","2026-02-05 02:12:45","","1-16","","1","24","","JCRT","","","","","","Whitestone Foundation","","","","","","","","","","","","","","","","","","","","","","","","","","","","","","","","","","","","","","","","","","","","","","","","","","","","","","","","","","","",""
"H2TTZLP7","journalArticle","2025","Silverstein, Yaron","MEDICAL PROCEDURE IN THE HEAT OF EMOTION: THE POSITIONS OF MILITARY RABBINATE PERSONNEL ON POSTHUMOUS SPERM RETRIEVAL (PSR) FOLLOWING THE OCTOBER 7, 2023 ATTACK","Journal for Cultural & Religious Theory","","1530-5228","","https://research.ebsco.com/plink/aaa9d7e3-edcf-3afb-ad46-593fe43f7015","","2025","2026-02-02 05:06:10","2026-02-05 02:12:45","","156-186","","1","24","","JCRT","","","","","","Whitestone Foundation","","","","","","","","","","","","","","","","","","","","","","","","","","","","","","","","","","","","","","","","","","","","","","","","","","","","","","","","","","","",""
"C5XHPEMJ","journalArticle","2025","Durante, Christopher","RELIGION’S RELATIONSHIP WITH PUBLIC BIOETHICS: A CRITICAL HISTORICAL ASSESSMENT AND PRAGMATIC METHOD FOR INCLUSIVE DISCOURSE","Journal for Cultural & Religious Theory","","1530-5228","","https://research.ebsco.com/plink/f6fb15b5-6a42-3a85-8396-913c01bb7b20","","2025","2026-02-02 05:06:10","2026-02-05 02:12:45","","16-37","","1","24","","JCRT","","","","","","Whitestone Foundation","","","","","","","","","","","","","","","","","","","","","","","","","","","","","","","","","","","","","","","","","","","","","","","","","","","","","","","","","","","",""
"Q5TRIHUY","journalArticle","2025","Ruan, Genn; Zhang, Xiaoqian","THE VIOLENCE OF CLASSIFICATION AND ETHICS OF SUICIDE: A REFLECTION ON QIU JIN'S DEATH","Journal for Cultural & Religious Theory","","1530-5228","","https://research.ebsco.com/plink/76bb2db5-e6a8-3b26-82bd-1933a4dcdbd8","","2025","2026-02-02 05:06:10","2026-02-05 02:12:45","","138-156","","1","24","","JCRT","","","","","","Whitestone Foundation","","","","","","","","","","","","","","","","","","","","","","","","","","","","","","","","","","","","","","","","","","","","","","","","","","","","","","","","","","","",""
"IMI9U6NK","journalArticle","2025","Godazgar, Hossein","A 'SOCIAL CONSTRUCTIONIST' APPROACH TO 'MUSLIM BIOMEDICAL ETHICS': EXAMINING 'MUSLIM' OPPOSITION TO PHYSICIAN-ASSISTED SUICIDE","Journal for Cultural & Religious Theory","","1530-5228","","https://research.ebsco.com/plink/1dbdcf91-d87b-3312-b605-f1004eccc77a","","2025","2026-02-02 05:06:10","2026-02-05 02:12:45","","37-74","","1","24","","JCRT","","","","","","Whitestone Foundation","","","","","","","","","","","","","","","","","","","","","","","","","","","","","","","","","","","","","","","","","","","","","","","","","","","","","","","","","","","",""
"WJE9TJET","journalArticle","2025","Harwood, Karey","RECONSIDERING THE SIGNIFICANCE OF BIOGENETIC TIES","Journal for Cultural & Religious Theory","","1530-5228","","https://research.ebsco.com/plink/1632ee55-f298-3ac0-a85b-05aae92cac1f","","2025","2026-02-02 05:06:10","2026-02-05 02:12:45","","102-114","","1","24","","JCRT","","","","","","Whitestone Foundation","","","","","","","","","","","","","","","","","","","","","","","","","","","","","","","","","","","","","","","","","","","","","","","","","","","","","","","","","","","",""
"8BZRNHJL","journalArticle","2025","Grane, Kevin","FAITH AND TRANSITIONS: RELIGIOUS NOTIONS OF ACCOUNTABILITY AND GENDER AFFIRMING CARE FOR YOUTH","Journal for Cultural & Religious Theory","","1530-5228","","https://research.ebsco.com/plink/e0bd2e5b-96f2-3380-9534-810316bb8173","","2025","2026-02-02 05:06:10","2026-02-05 02:12:45","","83-102","","1","24","","JCRT","","","","","","Whitestone Foundation","","","","","","","","","","","","","","","","","","","","","","","","","","","","","","","","","","","","","","","","","","","","","","","","","","","","","","","","","","","",""
"8TVWYLEJ","journalArticle","2025","Phelps, Hollis","CONSTRUCTING MYSTICAL EXPERIENCES: A CRITIQUE OF THE MYSTICAL PARADIGM IN PSYCHEDELIC RESEARCH","Journal for Cultural & Religious Theory","","1530-5228","","https://research.ebsco.com/plink/dda563fa-3e24-3d09-91a0-109cf31aeb16","","2025","2026-02-02 05:06:10","2026-02-05 02:12:45","","115-137","","1","24","","JCRT","","","","","","Whitestone Foundation","","","","","","","","","","","","","","","","","","","","","","","","","","","","","","","","","","","","","","","","","","","","","","","","","","","","","","","","","","","",""
"IKAE3PJ2","journalArticle","2024","Massaro, Thomas","THE ENVIRONMENTAL ETHICS OF POPE FRANCIS: PARSING KEY TERMS AND CLAIMS IN LAUDATO SI","Journal for Cultural & Religious Theory","","1530-5228","","https://research.ebsco.com/plink/12f9761d-86b2-359b-9a9c-a38d0af1b689","","2024","2026-02-02 05:06:10","2026-02-05 02:12:45","","65-73","","1","23","","JCRT","","","","","","Whitestone Foundation","","","","","","","","","","","","","Liberation theology; Climatic changes; Environmental ethics; Christianity; Catholic Church; Ecology and religion; Environmentalism; Global warming; Intergenerational relations; Pope (2013-2025 : Francis) – Laudato si'; Technology – Philosophy; Technology and civilization","","","","","","","","","","","","","","","","","","","","","","","","","","","","","","","","","","","","","","","","","","","","","","",""
"C9PWWKBS","journalArticle","2024","Johnson, Zane","METAPHYSICAL PROTESTANTISM: A COMPARATIVE LITERARY ECOLOGY","Journal for Cultural & Religious Theory","","1530-5228","","https://research.ebsco.com/plink/c6224770-d02e-358c-a0d2-b61636e91aa5","","2024","2026-02-02 05:06:10","2026-02-05 02:12:45","","27-38","","1","23","","JCRT","","","","","","Whitestone Foundation","","","","","","","","","","","","","Metaphysics; Environmental ethics; Religious change; Christianity; Philosophy; Environmentalism; Alchemy; Christian; Christianity – Philosophy; Esotericism; Lord's Supper – Real presence; Naturalism; Transcendentalism (New England); Transubstantiation","","","","","","","","","","","","","","","","","","","","","","","","","","","","","","","","","","","","","","","","","","","","","","",""
"B9NBGALZ","journalArticle","2024","Monson, Robert","SEATED AT THE CROSS: WHAT BLACK DISABLED BODIES CAN TEACH US ABOUT ENVIRONMENTAL JUSTICE","Journal for Cultural & Religious Theory","","1530-5228","","https://research.ebsco.com/plink/90ad2044-fb57-3b5a-8e04-f16e56549587","","2024","2026-02-02 05:06:10","2026-02-05 02:12:45","","99-107","","1","23","","JCRT","","","","","","Whitestone Foundation","","","","","","","","","","","","","Black theology; Philosophical anthropology; Justice; African Americans; Environmental justice; Administration of; Black people; Disabilities; Discrimination in justice administration; Flint (Mich); Passion of Jesus Christ; People with disabilities – Religious life; Religious Aspects","","","","","","","","","","","","","","","","","","","","","","","","","","","","","","","","","","","","","","","","","","","","","","",""
"REQM7XSH","journalArticle","2024","Pope, Mick","THE IMAGE OF GOD AND OUR VOCATION OF THE SOIL","Journal for Cultural & Religious Theory","","1530-5228","","https://research.ebsco.com/plink/b1835116-3a69-35d1-9d6b-535e74ff378f","","2024","2026-02-02 05:06:11","2026-02-05 02:12:45","","108-123","","1","23","","JCRT","","","","","","Whitestone Foundation","","","","","","","","","","","","","Philosophical anthropology; Theological anthropology; Vocation; Image of God; Modernity; Climatic changes; Humanity; Christianity; Environmental justice; Global warming; Agriculture – History; Civilization; Culture – Philosophy; Eden; Gardening; Greenhouse gas mitigation; Hebrew language – Terms – ʼadamah; Modern; Nature in religion; Order (Philosophy); Soil conservation; Land use","","","","","","","","","","","","","","","","","","","","","","","","","","","","","","","","","","","","","","","","","","","","","","",""
"U9CTIDES","journalArticle","2024","Mckanan, Daniel","ANCESTRAL DEVOTION, NEW ENGLAND CONSERVATION, AND THE CHALLENGE OF ENVIRONMENTAL JUSTICE","Journal for Cultural & Religious Theory","","1530-5228","","https://research.ebsco.com/plink/3af81d85-4419-32f9-ac04-24581f86f4a4","","2024","2026-02-02 05:06:11","2026-02-05 02:12:45","","86-99","","1","23","","JCRT","","","","","","Whitestone Foundation","","","","","","","","","","","","","Climate change; Philosophical anthropology; Memorials; Environmental justice; Ecology and religion; Intergenerational relations; Ancestors; Boston (Mass.); Capitalism and ethics; Cemeteries; Conservation of natural resources; Deforestation; Forest reserves; National parks and reserves; New England; Public lands; Urban ecology (Sociology)","","","","","","","","","","","","","","","","","","","","","","","","","","","","","","","","","","","","","","","","","","","","","","",""
"679LXN8T","journalArticle","2024","Mather, Nicholas","GREENING AMERICA’S VIRTUES","Journal for Cultural & Religious Theory","","1530-5228","","https://research.ebsco.com/plink/882f1ebf-732d-37d6-ab50-93af2fe0dd4b","","2024","2026-02-02 05:06:11","2026-02-05 02:12:45","","74-86","","1","23","","JCRT","","","","","","Whitestone Foundation","","","","","","","","","","","","","Climate change; American; Environmental ethics; Individual and society; Political ethics; America; Religion and politics; Ecology and culture; Environmental responsibility; Moral education; National characteristics; Political science – Philosophy; Republicanism; Virtues; Environmental degradation","","","","","","","","","","","","","","","","","","","","","","","","","","","","","","","","","","","","","","","","","","","","","","",""
"DZ9XVWYU","journalArticle","2024","Prewitt-Davis, Elijah","THE SOLAR NUN: THE PROPHETIC ACTION AND THOUGHT OF SR. PAULA GONZALEZ, S.C","Journal for Cultural & Religious Theory","","1530-5228","","https://research.ebsco.com/plink/e81ecc5b-4891-3374-8ee8-bcd0772f9710","","2024","2026-02-02 05:06:11","2026-02-05 02:12:45","","123-131","","1","23","","JCRT","","","","","","Whitestone Foundation","","","","","","","","","","","","","Dissent; Women in Christianity; Christianity; Ecology and religion; Nature in religion; Gonzalez; Nature conservation; Nuns; Paula; Political; Religion and science; Renewable energy sources; Solar energy; Women – Religious life","","","","","","","","","","","","","","","","","","","","","","","","","","","","","","","","","","","","","","","","","","","","","","",""
"LJ8DCUEW","journalArticle","2024","Kaur, Harpreet","SIKH ENVIRONMENTAL ETHICS: THEORY AND PRAXIS","Journal for Cultural & Religious Theory","","1530-5228","","https://research.ebsco.com/plink/f4fd3dd6-127a-3ce8-8675-bce3edfe59f3","","2024","2026-02-02 05:06:11","2026-02-05 02:12:45","","39-64","","1","23","","JCRT","","","","","","Whitestone Foundation","","","","","","","","","","","","","Environmentalism; Ādi-Granth; Deep ecology; Ecology – Philosophy; Panentheism; Practice (Philosophy); Sikh religious practice; Sikhism – Sacred books","","","","","","","","","","","","","","","","","","","","","","","","","","","","","","","","","","","","","","","","","","","","","","",""
"NPF3EQDU","journalArticle","2023","Singh, Nirvikar","SIKHS AS SUBALTERNS: VOICE, INEQUALITY AND POWER","Journal for Cultural & Religious Theory","","1530-5228","","https://research.ebsco.com/plink/2c955404-3836-33dc-a431-5c9497cfea55","","2023","2026-02-02 05:06:11","2026-02-05 02:12:45","","269-295","","2","22","","JCRT","","","","","","Whitestone Foundation","","","","","","","","","","","","","Postcolonialism; Social ethics; Social psychology; Decolonization; Methodology; Religions (Study and teaching); Oppression (Psychology); 1891-1937; Antonio; Gramsci; Guha; Marginality; Ranajit; Research ethics; Sikh; Sikhs; Social; Subaltern Studies Collective","","","","","","","","","","","","","","","","","","","","","","","","","","","","","","","","","","","","","","","","","","","","","","",""
"E4MJP4YJ","journalArticle","2023","Keller, Catherine; Raschke, Carl A","THE RELIGIOUS ROOTS OF ENVIRONMENTAL JUSTICE","Journal for Cultural & Religious Theory","","1530-5228","","https://research.ebsco.com/plink/18d74593-b756-321f-86a4-288b082dbe15","","2023","2026-02-02 05:06:11","2026-02-05 02:12:45","","230-252","","2","22","","JCRT","","","","","","Whitestone Foundation","","","","","","","","","","","","","Environmental ethics; Social justice; Ecology; Interviews; Environmental justice; Environmentalism; Nature in religion; Environmental responsibility; Extinction (Biology); Human beings – Relation to nature","","","","","","","","","","","","","","","","","","","","","","","","","","","","","","","","","","","","","","","","","","","","","","",""
"FWM957EM","journalArticle","2023","Magnasco, Anna-Maria","THE RE-ENCHANTMENT OF BODIES: THE TRANSFORMATIVE POWER OF CHARISMATIC HEALINGS IN THE “WORLD OF PHENOMENA”","Journal for Cultural & Religious Theory","","1530-5228","","https://research.ebsco.com/plink/ce8f21af-0f44-3544-ba29-9bebd82934b9","","2023","2026-02-02 05:06:11","2026-02-05 02:12:45","","169-183","","1","22","","JCRT","","","","","","Whitestone Foundation","","","","","","","","","","","","","Philosophical anthropology; Metaphysics; Charisma; Christianity; Healing; Body; Human (Philosophy); Gifts; Healers; Human body in religion; Medical anthropology; Pentecostalism – Catholic Church; Science – Philosophy; Spiritual","","","","","","","","","","","","","","","","","","","","","","","","","","","","","","","","","","","","","","","","","","","","","","",""
"A7EAH9PX","journalArticle","2023","Grane, Kevin","EVOLUTION OF COLONIAL GENDER ROLES","Journal for Cultural & Religious Theory","","1530-5228","","https://research.ebsco.com/plink/b5971b2a-a229-387a-9f17-d61f42757564","","2023","2026-02-02 05:06:11","2026-02-05 02:12:45","","45-56","","1","22","","JCRT","","","","","","Whitestone Foundation","","","","","","","","","","","","","Patriarchy; Imperialism; Colonialism and neocolonialism; Colonies; etc.; Prophecy; Heterosexism; Homophobia; laws; Male domination (Social structure); Sex discrimination against women; Women – Legal status; Women's rights","","","","","","","","","","","","","","","","","","","","","","","","","","","","","","","","","","","","","","","","","","","","","","",""
"DFT8CNSX","journalArticle","2023","Hujing, Kevin","BINDING FREEDOM: EMBODIMENT OF THE SECULAR AND RELIGIOUS","Journal for Cultural & Religious Theory","","1530-5228","","https://research.ebsco.com/plink/f8dcc28c-0b0e-3c73-9c27-c1d8d917ffae","","2023","2026-02-02 05:06:11","2026-02-05 02:12:45","","62-76","","1","22","","JCRT","","","","","","Whitestone Foundation","","","","","","","","","","","","","Religion; Philosophical anthropology; Free will and determinism; Secularism; Culture – Philosophy; Body; Human (Philosophy); Freedom – Philosophy; Tradition (Philosophy)","","","","","","","","","","","","","","","","","","","","","","","","","","","","","","","","","","","","","","","","","","","","","","",""
"AK8BKLLW","journalArticle","2023","Auer, Stella Indira","EMBODIED RESTORATION: THE CULTIVATION OF QUALITY OF LIFE AND DEATH","Journal for Cultural & Religious Theory","","1530-5228","","https://research.ebsco.com/plink/9d76511a-df30-3a32-89c3-6eb2a21b00f3","","2023","2026-02-02 05:06:11","2026-02-05 02:12:45","","1-13","","1","22","","JCRT","","","","","","Whitestone Foundation","","","","","","","","","","","","","Death; Philosophical anthropology; Religious Aspects; Quality of life; Body; Human (Philosophy); Choice (Psychology); Health; Medicine – Philosophy; Risk assessment; Social history","","","","","","","","","","","","","","","","","","","","","","","","","","","","","","","","","","","","","","","","","","","","","","",""
"3I5SX4F9","journalArticle","2023","Westin, Anna; Sedmak, Magdalena","EMBODIED TRAUMA AND HEALING","Journal for Cultural & Religious Theory","","1530-5228","","https://research.ebsco.com/plink/3212363c-86ac-3b25-b1a1-1d95239e0f42","","2023","2026-02-02 05:06:11","2026-02-05 02:12:45","","135-138","","1","22","","JCRT","","","","","","Whitestone Foundation","","","","","","","","","","","","","Philosophical anthropology; Psychic trauma; Interviews; Body; Human (Philosophy); Psychology – Philosophy; Physical anthropology","","","","","","","","","","","","","","","","","","","","","","","","","","","","","","","","","","","","","","","","","","","","","","",""
"3KT7V5CX","journalArticle","2023","Hall, Joshua M","INTRODUCING SPIRIT DANCE: RECONSTRUCTED / SPIRITUAL PRACTICES","Journal for Cultural & Religious Theory","","1530-5228","","https://research.ebsco.com/plink/2309c7d7-ae52-3a2f-8e95-bc100ccbef8e","","2023","2026-02-02 05:06:11","2026-02-05 02:12:45","","185-207","","2","22","","JCRT","","","","","","Whitestone Foundation","","","","","","","","","","","","","Spirituality; Mystery (Theology); Liberalism; Christianity; Shamanism; Administration of; Political science – Philosophy; 1844-1900; Bacchanalia; Communitarianism; Criminal justice; Cultus; Dance and religion; Dionysus (Greek deity); Friedrich Wilhelm; Greek; Nietzsche; Political violence; Revolutions; Vodou; Yanomamo (South American people)","","","","","","","","","","","","","","","","","","","","","","","","","","","","","","","","","","","","","","","","","","","","","","",""
"LTYW7B7T","journalArticle","2023","Byng, Gabriel Thomas Gustav","ECKHART AND THE EK-SISTENCE OF GOD: A MYSTICAL QUARTER TURN IN THE THEOLOGY OF THE REAL","Journal for Cultural & Religious Theory","","1530-5228","","https://research.ebsco.com/plink/66ad154b-d962-34ff-b0e6-9674715d2223","","2023","2026-02-02 05:06:11","2026-02-05 02:12:45","","169-185","","2","22","","JCRT","","","","","","Whitestone Foundation","","","","","","","","","","","","","Theology; God (Philosophy); Philosophy and theology; Symbolism in religion; Mysticism; Christianity; Catholic Church; 1260?-1327; 1901-1981; 1949-; Eckhart; Existence; Experience (Religion) – Christianity; Jacques; Lacan; Meister; Middle Ages; Psychoanalysis and religion; Religion – Philosophy; Slavoj; Žižek","","","","","","","","","","","","","","","","","","","","","","","","","","","","","","","","","","","","","","","","","","","","","","",""
"JP8P5E5B","journalArticle","2023","Raschke, Carl","THE USE AND ABUSE OF THE EXPRESSION “CHRISTIAN NATIONALISM”","Journal for Cultural & Religious Theory","","1530-5228","","https://research.ebsco.com/plink/a628a5c3-e518-3e0c-94dd-2ef951dd0c60","","2023","2026-02-02 05:06:11","2026-02-05 02:12:45","","253-268","","2","22","","JCRT","","","","","","Whitestone Foundation","","","","","","","","","","","","","United States; Populism; Secularism; Christianity and politics; Christianity; Political theology; Nationalism and religion; Neoliberalism; Religion and state; Political science – Philosophy; Christian reconstructionism; Dominion (Word); Privatization; Public opinion","","","","","","","","","","","","","","","","","","","","","","","","","","","","","","","","","","","","","","","","","","","","","","",""
"224V63K9","journalArticle","2023","Howes, Rebekah","HEGEL CONTRA GOD: REPLYING TO GAVIN HYMAN’S ‘NEW HEGEL’","Journal for Cultural & Religious Theory","","1530-5228","","https://research.ebsco.com/plink/4f6ef1d1-bf06-3f14-88b3-ad3348df0f80","","2023","2026-02-02 05:06:11","2026-02-05 02:12:45","","207-230","","2","22","","JCRT","","","","","","Whitestone Foundation","","","","","","","","","","","","","God (Philosophy); Philosophy and theology; Christianity; Dialectic; 1949-; Religion – Philosophy; Slavoj; Žižek; 1770-1831; 1947-1995; 1950-; 1959-; 1974-; Absolute; Archbishop of Canterbury; Catherine; Gavin; Georg Wilhelm Friedrich; Gillian; God – Attributes; Hegel; Hyman; Malabou; Ontotheology; Rose; Rowan; The; Williams","","","","","","","","","","","","","","","","","","","","","","","","","","","","","","","","","","","","","","","","","","","","","","",""
"FKS8RSJD","journalArticle","2023","Sedmak, Magdalena","TRAUMA IN EMMANUEL LEVINAS’ WRITING BODY","Journal for Cultural & Religious Theory","","1530-5228","","https://research.ebsco.com/plink/b43257c8-d681-353c-ac0d-a748688c169d","","2023","2026-02-02 05:06:11","2026-02-05 02:12:45","","100-112","","1","22","","JCRT","","","","","","Whitestone Foundation","","","","","","","","","","","","","Interpersonal relations; Philosophical anthropology; Ethics; Psychic trauma; Social philosophy; Other (Philosophy); Body; Human (Philosophy); Psychology – Philosophy; 1906-1995; Emmanuel; Lévinas; Psychotherapy","","","","","","","","","","","","","","","","","","","","","","","","","","","","","","","","","","","","","","","","","","","","","","",""
"X9P3HP6S","journalArticle","2023","Quell, Philipp","DE(MA)CRACY","Journal for Cultural & Religious Theory","","1530-5228","","https://research.ebsco.com/plink/170ff211-e115-3fe3-abc3-7bf336fd1154","","2023","2026-02-02 05:06:11","2026-02-05 02:12:45","","77-99","","1","22","","JCRT","","","","","","Whitestone Foundation","","","","","","","","","","","","","Social psychology; Social philosophy; Democracy; Political science – Philosophy; Republicanism; Collective behavior; Crowds; Representative government and representation; Political systems","","","","","","","","","","","","","","","","","","","","","","","","","","","","","","","","","","","","","","","","","","","","","","",""
"N8G36ULP","journalArticle","2023","Gaetano, Caterina de","THE IMAGINATION IN SPINOZA: THE MORAL GOOD BETWEEN PROPHECY AND THE AMOR DEI INTELLECTUALIS","Journal for Cultural & Religious Theory","","1530-5228","","https://research.ebsco.com/plink/d85ef914-611e-3609-9abe-a04d22ed0c3e","","2023","2026-02-02 05:06:11","2026-02-05 02:12:45","","14-27","","1","22","","JCRT","","","","","","Whitestone Foundation","","","","","","","","","","","","","Philosophical anthropology; Authority (Religion); Ethics and religion; Prophecy; Political science – Philosophy; Religion – Philosophy; 1632-1677; Benedictus de; Bible – Ethics; Imagination; Knowledge; Spinoza; Theory of; Intellectuals","","","","","","","","","","","","","","","","","","","","","","","","","","","","","","","","","","","","","","","","","","","","","","",""
"TZI8RJPX","journalArticle","2022","Nedoh, Boštjan","UNDEAD","Journal for Cultural & Religious Theory","","1530-5228","","https://research.ebsco.com/plink/5c54e592-6873-3e24-94d5-e380d81f7e33","","2022","2026-02-02 05:06:11","2026-02-05 02:12:45","","440-447","","3","21","","JCRT","","","","","","Whitestone Foundation","","","","","","","","","","","","","Social psychology; Political theology; 1949-; Slavoj; Žižek; 1892-1940; Arthur; Benjamin; Bradley; Memory (Philosophy); Nothing (Philosophy); Walter","","","","","","","","","","","","","","","","","","","","","","","","","","","","","","","","","","","","","","","","","","","","","","",""
"CG3L9MB6","journalArticle","2022","Bielik-Robson, Agata","AGAINST THANATOPOLITICS: A MARRANO INTERVENTION","Journal for Cultural & Religious Theory","","1530-5228","","https://research.ebsco.com/plink/378714ff-ed5c-3899-a6d3-c94251a364d7","","2022","2026-02-02 05:06:11","2026-02-05 02:12:45","","426-435","","3","21","","JCRT","","","","","","Whitestone Foundation","","","","","","","","","","","","","Death; Life; Sacrifice; Sovereignty; Arthur; Bradley; 1588-1679; 1758-1794; Crypto-Jews; Hobbes; Maximilien; Robespierre; Thomas","","","","","","","","","","","","","","","","","","","","","","","","","","","","","","","","","","","","","","","","","","","","","","",""
"QNMDQCWP","journalArticle","2020","Rotlevy, Ori","CRITIQUE IN A POSTSECULAR AGE: MAKING ROOM FOR TRADITION AS A MEDIUM","Journal for Cultural & Religious Theory","","1530-5228","","https://research.ebsco.com/plink/118b4bf6-1762-31ed-ab30-fa93c2f99c90","","2020","2026-02-02 05:06:11","2026-02-05 02:12:45","","436-452","","3","19","","JCRT","","","","","","Whitestone Foundation","","","","","","","","","","","","","Enlightenment; Criticism (Philosophy); Critical theory; Tradition (Philosophy); Religion – Philosophy; 1892-1940; Benjamin; Walter; 1929-; Frankfurt school of sociology; Habermas; Jürgen; Postsecularism; Philosophy & science","","","","","","","","","","","","","","","","","","","","","","","","","","","","","","","","","","","","","","","","","","","","","","",""
"I4E6QKK3","journalArticle","2022","Molla, Rode","FROM HOLISTIC TO IN-BETWEEN THEOLOGY: THE ETHIOPIAN EVANGELICAL CHURCH MEKANE YESUS","Journal for Cultural & Religious Theory","","1530-5228","","https://research.ebsco.com/plink/519945ea-0144-3e53-aa7c-e7d531d8dbb1","","2022","2026-02-02 05:06:11","2026-02-05 02:12:45","","202-219","","2","21","","JCRT","","","","","","Whitestone Foundation","","","","","","","","","","","","","Christianity and culture; African independent churches; Lutheran churches; Ethiopia; Ethiopian Evangelical Church Mekane Yesus; Evangelicalism – Missions; Indigenization of worship; Doctrinal theology; Catholic missionaries; Evangelical churches","","","","","","","","","","","","","","","","","","","","","","","","","","","","","","","","","","","","","","","","","","","","","","",""
"PGVM7CBC","journalArticle","2020","Salzani, Carlo","FALSE RELIGIONS AND TRUE POLITICS: COUNTERING CAPITALISM AS RELIGION","Journal for Cultural & Religious Theory","","1530-5228","","https://research.ebsco.com/plink/c141c63a-d5c5-32bd-80ce-1594d5780e41","","2020","2026-02-02 05:06:11","2026-02-05 02:12:45","","453-462","","3","19","","JCRT","","","","","","Whitestone Foundation","","","","","","","","","","","","","Philosophy; Modern; Capitalism and ethics; Capitalism; Religion – Philosophy; 1892-1940; Benjamin; Walter; Capitalism and religion; Protestant work ethic; Religious thought","","","","","","","","","","","","","","","","","","","","","","","","","","","","","","","","","","","","","","","","","","","","","","",""
"VI36EKLS","journalArticle","2022","Gildea, Niall","PARENTHESIS","Journal for Cultural & Religious Theory","","1530-5228","","https://research.ebsco.com/plink/d3471af1-0600-371c-97d2-cd2d24f2211f","","2022","2026-02-02 05:06:11","2026-02-05 02:12:45","","418-421","","3","21","","JCRT","","","","","","Whitestone Foundation","","","","","","","","","","","","","Foucault; Sovereignty; Jacques; Arthur; Bradley; Nothing (Philosophy); 1926-1984; 1930-2004; Biopolitics; Derrida; Michel; Biopolitics (Sociobiology)","","","","","","","","","","","","","","","","","","","","","","","","","","","","","","","","","","","","","","","","","","","","","","",""
"4BDW2TNP","journalArticle","2020","Weidner, Daniel","LIFE AFTER LIFE: A FIGURE OF THOUGHT IN WALTER BENJAMIN","Journal for Cultural & Religious Theory","","1530-5228","","https://research.ebsco.com/plink/6dcae1d1-9227-3bba-9186-6f5234276288","","2020","2026-02-02 05:06:11","2026-02-05 02:12:45","","463-475","","3","19","","JCRT","","","","","","Whitestone Foundation","","","","","","","","","","","","","Philosophical anthropology; Historicism; Criticism (Philosophy); Future life; Collective memory; Religious studies; Religion – Philosophy; 1892-1940; Benjamin; Walter; History – Philosophy","","","","","","","","","","","","","","","","","","","","","","","","","","","","","","","","","","","","","","","","","","","","","","",""
"5TWMGA8Z","journalArticle","2022","Sirota, Jake S","GESCHLECHT III: AUTHENTIC FAITH, RELIGION, AND POLITICS IN DERRIDA’S READING OF HEIDEGGER’S GEIST","Journal for Cultural & Religious Theory","","1530-5228","","https://research.ebsco.com/plink/8651db3c-2eff-3c48-afee-0d0a592b1ada","","2022","2026-02-02 05:06:11","2026-02-05 02:12:45","","118-135","","1","21","","JCRT","","","","","","Whitestone Foundation","","","","","","","","","","","","","Faith; Political science – Philosophy; Jacques; Religion – Philosophy; 1930-2004; Derrida; 1887-1914; 1889-1976; Authenticity (Philosophy); Georg; Heidegger; Language and languages – Philosophy; Martin; Trakl","","","","","","","","","","","","","","","","","","","","","","","","","","","","","","","","","","","","","","","","","","","","","","",""
"K42I2WSX","journalArticle","2022","Bradley, Arthur","THE BEAUTIFUL MARRANO: A RESPONSE TO AGATA BIELIK-ROBSON","Journal for Cultural & Religious Theory","","1530-5228","","https://research.ebsco.com/plink/68a9b9ff-9742-3c37-a784-ed40d6d0254e","","2022","2026-02-02 05:06:11","2026-02-05 02:12:45","","436-439","","3","21","","JCRT","","","","","","Whitestone Foundation","","","","","","","","","","","","","Deconstruction (Criticism); Political science – Philosophy; Jacques; 1892-1940; Benjamin; Walter; Crypto-Jews; 1930-2004; Derrida; 1966-; Agata; Bielik-Robson; Violence – Philosophy","","","","","","","","","","","","","","","","","","","","","","","","","","","","","","","","","","","","","","","","","","","","","","",""
"F4VGCIRM","journalArticle","2020","Lebovic, Nitzan","BENJAMIN: TO THE RHYTHM OF THEOLOGICAL CONCEPTS","Journal for Cultural & Religious Theory","","1530-5228","","https://research.ebsco.com/plink/38659664-3014-3783-ad09-4336516e8b46","","2020","2026-02-02 05:06:11","2026-02-05 02:12:45","","428-435","","3","19","","JCRT","","","","","","Whitestone Foundation","","","","","","","","","","","","","Theology; Hermeneutics; Philosophy and theology; Political theology; Philosophy; Modern; Religion – Philosophy; 1892-1940; Benjamin; Walter","","","","","","","","","","","","","","","","","","","","","","","","","","","","","","","","","","","","","","","","","","","","","","",""
"YD9NVSPD","journalArticle","2020","Britt, Brian","BENJAMIN’S HABITS AND THE STUDY OF RELIGION","Journal for Cultural & Religious Theory","","1530-5228","","https://research.ebsco.com/plink/7b77362a-a92f-383a-87c8-3d9c081482db","","2020","2026-02-02 05:06:11","2026-02-05 02:12:45","","404-412","","3","19","","JCRT","","","","","","Whitestone Foundation","","","","","","","","","","","","","Modernity; Religious studies; Political science – Philosophy; Religion – Philosophy; 1892-1940; Benjamin; Walter; Act (Philosophy); Asceticism – Buddhism; Religion (Study and teaching); Spiritual exercises; Religious thought","","","","","","","","","","","","","","","","","","","","","","","","","","","","","","","","","","","","","","","","","","","","","","",""
"75WBLXZ6","journalArticle","2020","Green, Roger K","BENJAMIN, METHOD, AND WEAK MESSIANISM","Journal for Cultural & Religious Theory","","1530-5228","","https://research.ebsco.com/plink/dbf6a194-9462-3021-b0f5-aceffb215015","","2020","2026-02-02 05:06:11","2026-02-05 02:12:45","","413-427","","3","19","","JCRT","","","","","","Whitestone Foundation","","","","","","","","","","","","","Messianism; Philosophy; Religious studies; Methodology; Religions (Study and teaching); Modern; Political science – Philosophy; 1892-1940; Benjamin; Walter; Interdisciplinary study; Philosophy – Methodology","","","","","","","","","","","","","","","","","","","","","","","","","","","","","","","","","","","","","","","","","","","","","","",""
"9KMGQVCE","journalArticle","2020","Appel, Kurt; Thomas, Rachel; Raschke, Carl A","CHRISTIANITY AS A NEW HUMANISM: HISTORICAL, THEOLOGICAL, AND PHILOSOPHICAL REFLECTIONS ON THE BIBLE, HEGEL, AND ROBERT MUSIL","Journal for Cultural & Religious Theory","","1530-5228","","https://research.ebsco.com/plink/cd6a3509-02b4-31e9-8c92-4458e0ba5538","","2020","2026-02-02 05:06:11","2026-02-05 02:12:45","","228-255","","2","19","","JCRT","","","","","","Whitestone Foundation","","","","","","","","","","","","","Philosophical theology; God (Philosophy); Philosophy and theology; Humanism; 1770-1831; Georg Wilhelm Friedrich; Hegel; 1880-1942; Bible – Philosophy; Musil; Religious; Robert","","","","","","","","","","","","","","","","","","","","","","","","","","","","","","","","","","","","","","","","","","","","","","",""
"A7XTLRM7","journalArticle","2020","Deibl, Jakob Helmut; Appel, Kurt; Thomas, Rachel; Raschke, Carl A","FROM THE GIFT OF MORTALITY TO THE NAME OF GOD","Journal for Cultural & Religious Theory","","1530-5228","","https://research.ebsco.com/plink/aa837620-5c65-383c-8a65-e38148776600","","2020","2026-02-02 05:06:11","2026-02-05 02:12:45","","285-290","","2","19","","JCRT","","","","","","Whitestone Foundation","","","","","","","","","","","","","Death; Philosophical theology; God (Philosophy); Religion – Philosophy; God – Name","","","","","","","","","","","","","","","","","","","","","","","","","","","","","","","","","","","","","","","","","","","","","","",""
"3ITFIX48","journalArticle","2022","BURKETTE, JERRY","THE FUNCTION OF FAITH: THEOLOGICAL CONSTITUENTS IN PROCESSUAL UTOPIAN METHODOLOGY.","Journal for Cultural & Religious Theory","","15305228","","https://research.ebsco.com/plink/3123efd9-38dd-30f3-9d23-31a7b966f9e8","","2022","2026-02-05 00:51:15","2026-02-05 02:12:45","","44-65","","1","21","","JCRT","","","","","","Whitestone Foundation","","","","","","","","","","","","","Theology; Faith","","","","","","","","","","","","","","","","","","","","","","","","","","","","","","","","","","","","","","","","","","","","","","",""
"G94MSYX9","journalArticle","2022","BOULTING, N. E.","'SCALE RELATIVE ONTOLOGY' AND SIMONE WEIL'S SPIRITUAL PHILOSOPHY.","Journal for Cultural & Religious Theory","","15305228","","https://research.ebsco.com/plink/88f4c9ec-7c38-3860-8173-08d6702a6373","","2022","2026-02-05 00:51:15","2026-02-05 02:12:45","","23-43","","1","21","","JCRT","","","","","","Whitestone Foundation","","","","","","","","","","","","","Philosophy; 1909-1943; Simone; Weil","","","","","","","","","","","","","","","","","","","","","","","","","","","","","","","","","","","","","","","","","","","","","","",""
"WC25HDT8","journalArticle","2022","BAKKER, JUSTINE M.","LOCATING THE OCEANIC IN SYLVIA WYNTER'S","Journal for Cultural & Religious Theory","","15305228","","https://research.ebsco.com/plink/9d297113-de40-37c5-87ea-836bc88fc7a6","","2022","2026-02-05 00:51:15","2026-02-05 02:12:45","","1-22","","1","21","","JCRT","","","","","","Whitestone Foundation","","","","","","","","","","","","","Posthumanism; Sylvia; Wynter","","","","","","","","","","","","","","","","","","","","","","","","","","","","","","","","","","","","","","","","","","","","","","",""
"QR444JZC","journalArticle","2022","RAUBACH, MICHAEL C.","THE BROKEN MIDDLE: GILLIAN ROSE AND PAUL AGAINST THE EMPTY SACRIFICES OF MODERNITY.","Journal for Cultural & Religious Theory","","15305228","","https://research.ebsco.com/plink/cd4a3819-0327-37d1-88c5-0c1aeba951f2","","2022","2026-02-05 00:51:15","2026-02-05 02:12:45","","99-117","","1","21","","JCRT","","","","","","Whitestone Foundation","","","","","","","","","","","","","Modernity; Political ethics; Gillian; Rose","","","","","","","","","","","","","","","","","","","","","","","","","","","","","","","","","","","","","","","","","","","","","","",""
"E6H2A4KS","journalArticle","2021","KLUG, FLORIAN","TRUTH AND IRONY: THE CONCEPTION OF TRUTH BEYOND BINARY PATTERNS AND THE USE OF IRONY FOR THEOLOGICAL REASONING.","Journal for Cultural & Religious Theory","","15305228","","https://research.ebsco.com/plink/70d889d0-3188-3ab7-b0d8-39576ab71869","","2021","2026-02-05 00:51:15","2026-02-05 02:12:45","","401-412","","3","20","","JCRT","","","","","","Whitestone Foundation","","","","","","","","","","","","","Theology; Truth","","","","","","","","","","","","","","","","","","","","","","","","","","","","","","","","","","","","","","","","","","","","","","",""
"95ZSQ5BW","journalArticle","2021","KLINE, DAVID","ANTINOMIAN FLESH.","Journal for Cultural & Religious Theory","","15305228","","https://research.ebsco.com/plink/76136518-402f-351e-820b-a578d3a252a6","","2021","2026-02-05 00:51:15","2026-02-05 02:12:45","","383-400","","3","20","","JCRT","","","","","","Whitestone Foundation","","","","","","","","","","","","","Etymology; Social theory","","","","","","","","","","","","","","","","","","","","","","","","","","","","","","","","","","","","","","","","","","","","","","",""
"PCSRBCVP","journalArticle","2021","HOLDIER, A. G.","""TEACH ME TO DO WHAT'S RIGHT"": FAITH, HOPE, AND LOVE AS POST-RELIGIOUS VIRTUES.","Journal for Cultural & Religious Theory","","15305228","","https://research.ebsco.com/plink/b2a44505-a8c5-39b2-943a-1e6dfe21d587","","2021","2026-02-05 00:51:16","2026-02-05 02:12:45","","374-382","","3","20","","JCRT","","","","","","Whitestone Foundation","","","","","","","","","","","","","Theology; Saint; Thomas; Aquinas; ca. 1225-1274","","","","","","","","","","","","","","","","","","","","","","","","","","","","","","","","","","","","","","","","","","","","","","",""
"6HMEFI7B","journalArticle","2021","BOULTING, NOEL","INTENTIONALISM AND GOD'S FICTION.","Journal for Cultural & Religious Theory","","15305228","","https://research.ebsco.com/plink/95125c16-3979-3b08-899c-62759d77b87c","Can the world be conceived as an artwork as Simone Weil sometimes suggests? And does this suggestion not imply examining the relation between the creator's intentions and what is created? Three approaches will be explored so as to ascertain Simone Weil's response in terms of her Decreation thesis. The first approach can be labelled a phenomenological perspective, employing an insight from Sartre's existentialism, the Frankfurt school of philosophy and the German Literary tradition, illustrating her concern for the significance of human experience. The second approach, the ontological, is illustrated through claims made by Luria - the Jewish mystic - and Von Schelling - arguably the founder of ecological philosophy - in establishing her claim on behalf of what","2021","2026-02-05 00:51:16","2026-02-05 02:12:45","","302-317","","3","20","","JCRT","","","","","","Whitestone Foundation","","","","","","","","","","","","","1909-1943; Simone; Weil; Intentionalism (Aesthetics); Platonists","","","","","","","","","","","","","","","","","","","","","","","","","","","","","","","","","","","","","","","","","","","","","","",""
"EP7Q985U","journalArticle","2021","CUDA, JOHN","THE SPIRITUALITY OF PSYCHONAUTICS: HOW ALICE IN WONDERLAND, THE MATRIX AND OTHER MODERN MYTHS SERVE AS MODELS FOR NEW AGE SEEKERSHIP AND IDENTITY FORMATION.","Journal for Cultural & Religious Theory","","15305228","","https://research.ebsco.com/plink/78178f4a-cf6b-3d14-bb98-b4ae3658f91b","","2021","2026-02-05 00:51:16","2026-02-05 02:12:45","","316-339","","3","20","","JCRT","","","","","","Whitestone Foundation","","","","","","","","","","","","","Spirituality; Alice's Adventures in Wonderland (Book : Carroll)","","","","","","","","","","","","","","","","","","","","","","","","","","","","","","","","","","","","","","","","","","","","","","",""
"DRMGEQAY","journalArticle","2021","FELESE, WENDY","REORIENTATION IN THE FIELD: WHY RELIGION MATTERS.","Journal for Cultural & Religious Theory","","15305228","","https://research.ebsco.com/plink/12d2b56f-ae60-31bd-8363-fe51c0a4827c","","2021","2026-02-05 00:51:16","2026-02-05 02:12:45","","361-373","","3","20","","JCRT","","","","","","Whitestone Foundation","","","","","","","","","","","","","Theology; Jacques; 1930-2004; Derrida","","","","","","","","","","","","","","","","","","","","","","","","","","","","","","","","","","","","","","","","","","","","","","",""
"CWMBS9NZ","journalArticle","2021","WALSH, CATHERINE; MIGNOLO, WALTER; HERRERO, FERNANDO; TINKER, TINK","WHAT DO WE MEAN BY","Journal for Cultural & Religious Theory","","15305228","","https://research.ebsco.com/plink/8ced133b-c6db-3352-82da-9dff0908b495","The following is a transcript of the keynote panel session of a three-day international webinar","2021","2026-02-05 00:51:16","2026-02-05 02:12:45","","341-360","","3","20","","JCRT","","","","","","Whitestone Foundation","","","","","","","","","","","","","1944-; Fernando; George E.; Herrero; Tinker; Webinars","","","","","","","","","","","","","","","","","","","","","","","","","","","","","","","","","","","","","","","","","","","","","","",""
"C6ATUAHQ","journalArticle","2021","Appel, Kurt","THE PRICE OF PRAYER.","Journal for Cultural & Religious Theory","","15305228","","https://research.ebsco.com/plink/6ee65f16-6668-33cd-ac01-c1bcabc2584a","","2021","2026-02-05 00:51:16","2026-02-05 02:12:45","","281-301","","2","20","","JCRT","","","","","","Whitestone Foundation","","","","","","","","","","","","","Gods; Prayers","","","","","","","","","","","","","","","","","","","","","","","","","","","","","","","","","","","","","","","","","","","","","","",""
"ZH49DXXZ","journalArticle","2021","Guanzini, Isabella","THE AESTHETIC CONTINGENCY OF LIFE: AN ACCOUNT OF THE FINITE IN THE TIME OF IMAGES.","Journal for Cultural & Religious Theory","","15305228","","https://research.ebsco.com/plink/3bfd849e-4d65-3976-a9d8-de4ce986e697","","2021","2026-02-05 00:51:16","2026-02-05 02:12:45","","249-280","","2","20","","JCRT","","","","","","Whitestone Foundation","","","","","","","","","","","","","Aesthetics; Finite element method","","","","","","","","","","","","","","","","","","","","","","","","","","","","","","","","","","","","","","","","","","","","","","",""
"69PUA7LU","journalArticle","2021","Deibl, Jakob Helmut","ON THE NAME OF GOD AND THE OPENING OF NEW LINGUISTIC HORIZONS: CONSIDERATIONS STARTING FROM THE BIBLE, HÖLDERLIN AND RILKE.","Journal for Cultural & Religious Theory","","15305228","","https://research.ebsco.com/plink/5f59bd1b-ea5b-3aae-90b8-c39e4f64ac57","","2021","2026-02-05 00:51:16","2026-02-05 02:12:45","","208-248","","2","20","","JCRT","","","","","","Whitestone Foundation","","","","","","","","","","","","","Bible; Linguistics","","","","","","","","","","","","","","","","","","","","","","","","","","","","","","","","","","","","","","","","","","","","","","",""
"FWJX5HG6","journalArticle","2021","Appel, Kurt","CHRISTIANITY AND A NEW HUMANISM: HISTORICAL-THEORETICAL AND THEOLOGICAL REFLECTIONS ON THE BIBLE, HEGEL, AND MUSIL.","Journal for Cultural & Religious Theory","","15305228","","https://research.ebsco.com/plink/1acc4305-21ca-3094-a661-e0491195d67d","","2021","2026-02-05 00:51:16","2026-02-05 02:12:45","","187-206","","2","20","","JCRT","","","","","","Whitestone Foundation","","","","","","","","","","","","","Christianity; Humanism","","","","","","","","","","","","","","","","","","","","","","","","","","","","","","","","","","","","","","","","","","","","","","",""
"R43PTLK4","journalArticle","2022","BRADLEY, ARTHUR","CAVEAT LECTOR: INTRODUCTION.","Journal for Cultural & Religious Theory","","","","https://research.ebsco.com/plink/0956d2b2-f699-31d2-ba92-42f95902215f","","2022","2026-02-05 00:51:16","2026-02-05 02:12:45","","415-417","","3","21","","JCRT","","null","","","","Whitestone Foundation","","","","","","","","","Edition: null","","","","Political theology; Arthur; Bradley","","","","","","","","","","","","","","","","","","","","","","","","","","","","","","","","","","","","","","","","","","","","","","",""
"3CIYTJ9V","journalArticle","2020","MCMAKEN, W. TRAVIS","THE ULTIMATE AND THE PENULTIMATE: BONHOEFFER'S TWOFOLD CONTEXTUALISM AND ADJUDICATING BETWEEN COMPETING ETHICAL CLAIMS.","Journal for Cultural & Religious Theory","","15305228","","https://research.ebsco.com/plink/dd9b491b-9b55-3794-ad64-032d60ea8653","","2020","2026-02-05 00:51:16","2026-02-05 02:12:45","","93-106","","1","20","","JCRT","","","","","","Whitestone Foundation","","","","","","","","","","","","","1906-1945; Bonhoeffer; Contextualism (Philosophy); Dietrich","","","","","","","","","","","","","","","","","","","","","","","","","","","","","","","","","","","","","","","","","","","","","","",""
"W9QYPB2J","journalArticle","2020","WILLIS III, JAMES E.","""NAMING THE DARKNESS,"" SPIRITUAL VIOLENCE, AND RADICAL INCOMPLETENESS: RESITUATING A POLITICAL THEOLOGY","Journal for Cultural & Religious Theory","","15305228","","https://research.ebsco.com/plink/940aab74-4126-3b3e-84c9-40bc805aa8f7","","2020","2026-02-05 00:51:16","2026-02-05 02:12:45","","167-180","","1","20","","JCRT","","","","","","Whitestone Foundation","","","","","","","","","","","","","Spirituality; Political theology; Political violence","","","","","","","","","","","","","","","","","","","","","","","","","","","","","","","","","","","","","","","","","","","","","","",""
"VDJEQUL5","journalArticle","2020","URQUIDEZ, ALBERTO","THE RELIGIOUS SIGNIFICANCE OF MIRACLES: WHY HUME'S CRITIQUE OF MIRACLES IS SUPERFLUOUS.","Journal for Cultural & Religious Theory","","15305228","","https://research.ebsco.com/plink/9e8c2b0c-aa63-3733-9f3f-f6d0b766f11e","","2020","2026-02-05 00:51:16","2026-02-05 02:12:45","","144-166","","1","20","","JCRT","","","","","","Whitestone Foundation","","","","","","","","","","","","","Miracles; 1711-1776; David; Hume; Philosophy of religion","","","","","","","","","","","","","","","","","","","","","","","","","","","","","","","","","","","","","","","","","","","","","","",""
"542IHFEH","journalArticle","2020","REISER, DANIEL","TSIMTSUM IN LIFE OF PI.","Journal for Cultural & Religious Theory","","15305228","","https://research.ebsco.com/plink/8d2fe97a-c491-3d4e-8b87-6b395ab8970a","","2020","2026-02-05 00:51:16","2026-02-05 02:12:45","","107-143","","1","20","","JCRT","","","","","","Whitestone Foundation","","","","","","","","","","","","","Spirituality; Human life cycle; Life of Pi (Book : Martel)","","","","","","","","","","","","","","","","","","","","","","","","","","","","","","","","","","","","","","","","","","","","","","",""
"V3YFXD6C","journalArticle","2020","MAESHIRO, KELLY","MODERN THEOLOGY AND THE DIALECTIC OF GOD.","Journal for Cultural & Religious Theory","","15305228","","https://research.ebsco.com/plink/8eb50697-b03f-3f99-a2d0-ad59c7c1c8a1","","2020","2026-02-05 00:51:16","2026-02-05 02:12:45","","50-92","","1","20","","JCRT","","","","","","Whitestone Foundation","","","","","","","","","","","","","Liberalism (Religion); Doctrinal theology; God","","","","","","","","","","","","","","","","","","","","","","","","","","","","","","","","","","","","","","","","","","","","","","",""
"7599Q32V","journalArticle","2020","LACEY, JARED","LONGING FOR AN IMPOSSIBLE PAST: DIFFÉRANCE, DISTANCE, AND THE CORONAVIRUS AS THE INAUGURATION OF AN AGE OF WRITING.","Journal for Cultural & Religious Theory","","15305228","","https://research.ebsco.com/plink/902ff8bc-ce89-3e82-a278-495eeff024ff","","2020","2026-02-05 00:51:16","2026-02-05 02:12:45","","41-49","","1","20","","JCRT","","","","","","Whitestone Foundation","","","","","","","","","","","","","COVID-19 pandemic; Social distancing","","","","","","","","","","","","","","","","","","","","","","","","","","","","","","","","","","","","","","","","","","","","","","",""
"C34WPVEX","journalArticle","2020","CONROY, MELISSA","SEXUAL DIFFERENCE AND THE VATICAN: A LACANIAN RESPONSE.","Journal for Cultural & Religious Theory","","15305228","","https://research.ebsco.com/plink/6a633b97-c364-3a67-b873-432e69b7e363","","2020","2026-02-05 00:51:16","2026-02-05 02:12:45","","19-40","","1","20","","JCRT","","","","","","Whitestone Foundation","","","","","","","","","","","","","Catholic education; Sex discrimination","","","","","","","","","","","","","","","","","","","","","","","","","","","","","","","","","","","","","","","","","","","","","","",""
"ULHFDSAM","journalArticle","2020","BEDFORD, GARY","BUSHWHACKING DERRIDA: PERCEPTION","Journal for Cultural & Religious Theory","","15305228","","https://research.ebsco.com/plink/965716eb-3690-3022-8864-0934838b83bb","","2020","2026-02-05 00:51:16","2026-02-05 02:12:45","","14-18","","1","20","","JCRT","","","","","","Whitestone Foundation","","","","","","","","","","","","","Ontology; Jacques; 1930-2004; Derrida; Sensory perception","","","","","","","","","","","","","","","","","","","","","","","","","","","","","","","","","","","","","","","","","","","","","","",""
"ZFSDZVM5","journalArticle","2020","BALL, ANDREW J.","REVOLUTIONARY LOVE: KIERKEGAARD'S GIFT ECONOMY AS A RELIGIOUS CORRECTIVE TO THE LEVELING OF THE PUBLIC SPHERE.","Journal for Cultural & Religious Theory","","15305228","","https://research.ebsco.com/plink/bf0427ad-3867-32e6-9af5-a56f4ca5a26d","","2020","2026-02-05 00:51:16","2026-02-05 02:12:45","","1-13","","1","20","","JCRT","","","","","","Whitestone Foundation","","","","","","","","","","","","","Social theory; 1813-1855; Kierkegaard; Public sphere; Søren","","","","","","","","","","","","","","","","","","","","","","","","","","","","","","","","","","","","","","","","","","","","","","",""
"42E47TL4","journalArticle","2020","ALMOG, YAEL","WALTER BENJAMIN'S WORLD OF THINGS.","Journal for Cultural & Religious Theory","","15305228","","https://research.ebsco.com/plink/b936077d-81e2-3f9d-9276-2cd438d246f3","","2020","2026-02-05 00:51:16","2026-02-05 02:12:45","","393-403","","3","19","","JCRT","","","","","","Whitestone Foundation","","","","","","","","","","","","","Material culture; Self-consciousness (Awareness); Walter Benjamin: A Critical Life (Book)","","","","","","","","","","","","","","","","","","","","","","","","","","","","","","","","","","","","","","","","","","","","","","",""
"3ZP3QYS9","journalArticle","2020","TINKER, TINK; NATION, OSAGE","RELIGIOUS STUDIES: THE FINAL COLONIZATION OF THE AMERICAN INDIAN.","Journal for Cultural & Religious Theory","","15305228","","https://research.ebsco.com/plink/3b9584db-02ad-362a-943b-5c97e03fe8c8","","2020","2026-02-05 00:51:16","2026-02-05 02:12:45","","380-390","","2","19","","JCRT","","","","","","Whitestone Foundation","","","","","","","","","","","","","Colonization; Religious studies; Gerald; Vizenor","","","","","","","","","","","","","","","","","","","","","","","","","","","","","","","","","","","","","","","","","","","","","","",""
"946E7NX5","journalArticle","2020","ROSEN, MATT","TO NOT LOSE SIGHT OF THE GOOD: NOTES ON THE ZAPATISMO ETHIC.","Journal for Cultural & Religious Theory","","15305228","","https://research.ebsco.com/plink/8bdc526e-eaa0-3fd7-9883-3b87ef3f0c00","","2020","2026-02-05 00:51:16","2026-02-05 02:12:45","","365-376","","2","19","","JCRT","","","","","","Whitestone Foundation","","","","","","","","","","","","","Neoliberalism; Ejercito Zapatista de Liberacion Nacional (Mexico); Political participation","","","","","","","","","","","","","","","","","","","","","","","","","","","","","","","","","","","","","","","","","","","","","","",""
"D98K4M5W","journalArticle","2020","MURPHY, MARK","LACAN AND PNEUMATOLOGY.","Journal for Cultural & Religious Theory","","15305228","","https://research.ebsco.com/plink/a7828a7d-b8d4-3c85-a7ee-9cd9ee733a3e","","2020","2026-02-05 00:51:16","2026-02-05 02:12:45","","358-364","","2","19","","JCRT","","","","","","Whitestone Foundation","","","","","","","","","","","","","Holy Spirit; 1923-2018; George A.; Lindbeck; Psychoanalysis","","","","","","","","","","","","","","","","","","","","","","","","","","","","","","","","","","","","","","","","","","","","","","",""
"N5BDY7KI","journalArticle","2020","MOLLA, RODE","REFRAMING THE ADWA VICTORY AS A DECOLONIZING PRAXIS: DISCOURSE AROUND COLONIZATION IN THE ETHIOPIAN CONTEXT.","Journal for Cultural & Religious Theory","","15305228","","https://research.ebsco.com/plink/56d75a80-e89d-3bfd-b53a-af6598d8b7da","","2020","2026-02-05 00:51:16","2026-02-05 02:12:45","","452-462","","2","19","","JCRT","","","","","","Whitestone Foundation","","","","","","","","","","","","","Colonization; Psychoanalysis; Ethiopians","","","","","","","","","","","","","","","","","","","","","","","","","","","","","","","","","","","","","","","","","","","","","","",""
"WRH36RJN","journalArticle","2020","MCAVAN, EMILY","THE RELUCTANT FUNDAMENTALIST"" AND THE INHOSPITABLE STATE - ABRAHAMIC HOSPITALITY AND THE LIMITS OF MULTICULTURALISM","Journal for Cultural & Religious Theory","","15305228","","https://research.ebsco.com/plink/6cf9fb13-50cb-3c35-944b-3f66bd4bdf0c","","2020","2026-02-05 00:51:16","2026-02-05 02:12:45","","336-346","","2","19","","JCRT","","","","","","Whitestone Foundation","","","","","","","","","","","","","Multiculturalism; Abrahamic religions; Protestant fundamentalism","","","","","","","","","","","","","","","","","","","","","","","","","","","","","","","","","","","","","","","","","","","","","","",""
"E4F9D9ZI","journalArticle","2020","MARION, JEAN-LUC","THE IRREDUCIBLE.","Journal for Cultural & Religious Theory","","15305228","","https://research.ebsco.com/plink/9eb3bea1-ec5f-3707-9906-0f53dd0d6030","","2020","2026-02-05 00:51:16","2026-02-05 02:12:45","","326-335","","2","19","","JCRT","","","","","","Whitestone Foundation","","","","","","","","","","","","","Theology; Faith (Christianity); Proof of God","","","","","","","","","","","","","","","","","","","","","","","","","","","","","","","","","","","","","","","","","","","","","","",""
"APKCX6AI","journalArticle","2020","MALTBY, PAUL","THE HOLLOW CHRISTIANS OF END TIMES FICTION.","Journal for Cultural & Religious Theory","","15305228","","https://research.ebsco.com/plink/2b354af9-ecc9-3e8a-b553-8081b11b151d","","2020","2026-02-05 00:51:16","2026-02-05 02:12:45","","295-325","","2","19","","JCRT","","","","","","Whitestone Foundation","","","","","","","","","","","","","Christian literature; 1888-1948; Bernanos; Christian fiction; Georges","","","","","","","","","","","","","","","","","","","","","","","","","","","","","","","","","","","","","","","","","","","","","","",""
"TVH4FXFA","journalArticle","2020","HYMAN, GAVIN","THE ""NEW HEGEL"" AND THE QUESTION OF GOD","Journal for Cultural & Religious Theory","","15305228","","https://research.ebsco.com/plink/300b53f8-7715-339b-bec1-be85bc7a7e61","","2020","2026-02-05 00:51:16","2026-02-05 02:12:45","","276-294","","2","19","","JCRT","","","","","","Whitestone Foundation","","","","","","","","","","","","","Metaphysics; Theologians; Gillian; Rose","","","","","","","","","","","","","","","","","","","","","","","","","","","","","","","","","","","","","","","","","","","","","","",""
"VW77BRX9","journalArticle","2020","HURLEY, GAVIN","HORROR FICTION AND CATHOLIC THEOLOGY - A RHETORICAL SYNTHESIS.","Journal for Cultural & Religious Theory","","15305228","","https://research.ebsco.com/plink/ab638ee6-85be-328a-910f-7b202b79e557","","2020","2026-02-05 00:51:16","2026-02-05 02:12:45","","262-275","","2","19","","JCRT","","","","","","Whitestone Foundation","","","","","","","","","","","","","Catholic Church doctrines; Exorcist; Horror tales; The (Book)","","","","","","","","","","","","","","","","","","","","","","","","","","","","","","","","","","","","","","","","","","","","","","",""
"3G8HQFNF","journalArticle","2020","HACKETT, J. EDWARD","THE CURIOUS WHITEHEADIAN PROCLIVITY IN SCHELER'S ACCOUNT OF GOD AND PERSONS.","Journal for Cultural & Religious Theory","","15305228","","https://research.ebsco.com/plink/969dfaac-9ab3-3401-9d08-f1ef7db10c24","","2020","2026-02-05 00:51:16","2026-02-05 02:12:45","","243-261","","2","19","","JCRT","","","","","","Whitestone Foundation","","","","","","","","","","","","","Panentheism; 1874-1928; Max; Phenomenology; Scheler","","","","","","","","","","","","","","","","","","","","","","","","","","","","","","","","","","","","","","","","","","","","","","",""
"W7FTIXFZ","journalArticle","2020","GREEN, ROGER K.","FETISHISM AND THE ERASURE OF INDIGENEITY.","Journal for Cultural & Religious Theory","","15305228","","https://research.ebsco.com/plink/aa7c9977-5541-3429-afeb-aaef2e508f31","","2020","2026-02-05 00:51:16","2026-02-05 02:12:45","","225-242","","2","19","","JCRT","","","","","","Whitestone Foundation","","","","","","","","","","","","","Essentialism (Philosophy); Fetishism (Religion); Indigenous ethnic identity; Commodification","","","","","","","","","","","","","","","","","","","","","","","","","","","","","","","","","","","","","","","","","","","","","","",""
"KN97UCPZ","journalArticle","2021","Appel, Kurt","INTRODUCTION TO ""IN PRAISE OF MORTALITY""","Journal for Cultural & Religious Theory","","15305228","","https://research.ebsco.com/plink/0b14a7a0-a4e3-3c01-82ba-4f91c96eda3b","","2021","2026-02-05 00:51:16","2026-02-05 02:12:45","","184-186","","2","20","","JCRT","","","","","","Whitestone Foundation","","","","","","","","","","","","","Human beings; Language & languages; Mortality","","","","","","","","","","","","","","","","","","","","","","","","","","","","","","","","","","","","","","","","","","","","","","",""
"MK2YE92L","journalArticle","2019","REDELL, PETRA CARLSSON","ALTIZER AND DELEUZE: MATERIAL METAPHYSICS FOR DISASTROUS TIMES.","Journal for Cultural & Religious Theory","","15305228","","https://research.ebsco.com/plink/60d49939-ccca-3176-a5e5-9fa2ee03220a","","2019","2026-02-05 00:51:16","2026-02-05 02:12:45","","33-44","","1","19","","JCRT","","","","","","Whitestone Foundation","","","","","","","","","","","","","Metaphysics; 1927-2018; Altizer; Thomas J. J.","","","","","","","","","","","","","","","","","","","","","","","","","","","","","","","","","","","","","","","","","","","","","","",""
"WFLDX7TV","journalArticle","2019","CASEY, EDWARD S.","ALTIZER: PRESENCE IN ABSENCE.","Journal for Cultural & Religious Theory","","15305228","","https://research.ebsco.com/plink/1606943e-2546-3be7-9364-afc8661dc36f","","2019","2026-02-05 00:51:16","2026-02-05 02:12:45","","219-224","","1","19","","JCRT","","","","","","Whitestone Foundation","","","","","","","","","","","","","1927-2018; Altizer; Thomas J. J.; Transformative learning","","","","","","","","","","","","","","","","","","","","","","","","","","","","","","","","","","","","","","","","","","","","","","",""
"Z7T7KINC","journalArticle","2019","RUBENSTEIN, RICHARD L.","ON BECOMING A RADICAL THEOLOGIAN.","Journal for Cultural & Religious Theory","","15305228","","https://research.ebsco.com/plink/32a4544f-0c58-32e3-8de9-7821ff3152b1","","2019","2026-02-05 00:51:16","2026-02-05 02:12:45","","208-215","","1","19","","JCRT","","","","","","Whitestone Foundation","","","","","","","","","","","","","Theologians; Minesweepers","","","","","","","","","","","","","","","","","","","","","","","","","","","","","","","","","","","","","","","","","","","","","","",""
"KQDR7PLN","journalArticle","2019","COBB JR., JOHN B.","ALTIZER, MY THEOLOGICAL CONTEMPORARY.","Journal for Cultural & Religious Theory","","15305228","","https://research.ebsco.com/plink/f738c41b-b9e2-3af1-b598-83110c47764a","","2019","2026-02-05 00:51:16","2026-02-05 02:12:45","","202-207","","1","19","","JCRT","","","","","","Whitestone Foundation","","","","","","","","","","","","","Theologians; 1927-2018; Altizer; Thomas J. J.","","","","","","","","","","","","","","","","","","","","","","","","","","","","","","","","","","","","","","","","","","","","","","",""
"UNUZEYHI","journalArticle","2019","QUASHA, GEORGE","DIVINE REVELATION IN THE LITERAL EXPRESSION.","Journal for Cultural & Religious Theory","","15305228","","https://research.ebsco.com/plink/6de16853-efd1-3142-a720-4d7510f65e7d","","2019","2026-02-05 00:51:16","2026-02-05 02:12:45","","189-21","","1","19","","JCRT","","","","","","Whitestone Foundation","","","","","","","","","","","","","Theologians; Birth of Tragedy; Ecce Homo (Poem); The (Poem)","","","","","","","","","","","","","","","","","","","","","","","","","","","","","","","","","","","","","","","","","","","","","","",""
"HD4NGZ5E","journalArticle","2025","Carlos Aguirre-García, Juan; Jaramillo-Echeverri, Luis Guillermo","La investigación en ciencias humanas como un campo en construcción.","Journal for Cultural & Religious Theory","","15305228","","https://research.ebsco.com/plink/fec98e24-eb75-3576-bcd9-4076869f003a","The article's main idea is to raise some questions related to research in the human sciences. The purpose is to show that both human sciences and their philosophy are terrains under construction, i.e., they require epistemic, ontological, and methodological efforts to reach a rigorous status of scientificity. To achieve this, we start with an introduction in which we state the intuition guiding the paper, namely, research in human sciences as a work in progress. Subsequently, some of the difficulties for the formulation of research in the human sciences will be shown, and an argument will be made in favour of a relationship between the general philosophy of science and issues proper to the human sciences in their epistemological, ontological, and methodological dimensions. Finally, it will be presented, with merely indicative pretensions, a debate relevant to the philosophy of human sciences, not unrelated to classical discussions of the general philosophy of science. A conclusion to","2025","2026-02-05 00:51:16","2026-02-05 02:12:45","","1-15","","1","24","","JCRT","","","","","","Whitestone Foundation","","","","","","","","","","","","","","","","","","","","","","","","","","","","","","","","","","","","","","","","","","","","","","","","","","","","","","","","","","","",""
"JU2ZEM9N","journalArticle","2025","Jiménez-Albornoz, Juan","La acción racional no es lógicamente superior a otras modalidades de acción.","Journal for Cultural & Religious Theory","","15305228","","https://research.ebsco.com/plink/2907f396-0ecb-3e2c-8b1b-cb40406d802b","One argument put forward by rational action theorists is that rational explanation is logically superior to its alternatives: rational action is a complete explanation and is more easily understood. We will argue that this argument is invalid. Either rational action is just another mode of action, or its logic of explanation brings together a logic of (rational) action with an exogenous set (of preferences), a scheme like other modes of action. The alleged advantage of being a more comprehensible explanation is a commonsense claim, but at that level other logics of action are just as comprehensible. Rational choice may be valid and useful, but the argument of its logical superiority is untenable.","2025","2026-02-05 00:51:16","2026-02-05 02:12:45","","16-26","","1","24","","JCRT","","","","","","Whitestone Foundation","","","","","","","","","","","","","","","","","","","","","","","","","","","","","","","","","","","","","","","","","","","","","","","","","","","","","","","","","","","",""
"YEPJ4FA7","journalArticle","2025","Aguayo-Westwood, Pablo","Constitutive rules as a logical problem in the origin of John Rawls' moral philosophy.","Journal for Cultural & Religious Theory","","15305228","","https://research.ebsco.com/plink/a032a21a-6a8e-3369-a3d6-fce2d67f48bb","This article offers a critical review of John Rawls's 1955 essay Two Concepts of Rules and argues that a full understanding of his mature work requires examining his early philosophical development. The central hypothesis posits that Rawls's analysis of constitutive rules is essential for understanding the epistemic foundations of his later theory of justice. A key distinction is that drawn between justifying an action that falls within a rule (or practice) and justifying the rule itself. This distinction allowed Rawls to defend utilitarianism against its critics, highlighting their logical misunderstanding of how this theory evaluates actions. Furthermore, the article argues that Rawls's early concern with practices and social institutions directly influenced his subsequent interest in the basic structure of society, developed in A Theory of Justice. Ultimately, it reveals Rawls's nascent attention to the evaluation of systems of rules that shape social practices, rather than focusin","2025","2026-02-05 00:51:16","2026-02-05 02:12:45","","27-32","","1","24","","JCRT","","","","","","Whitestone Foundation","","","","","","","","","","","","","Justice; Philosophy; Rawls; 1921-2002; A (Book : Rawls); John; Theory of Justice; Utilitarianism","","","","","","","","","","","","","","","","","","","","","","","","","","","","","","","","","","","","","","","","","","","","","","",""
"5AAFSFXU","journalArticle","2025","MARKS, PIERCE","REUNITING ETHICS AND AESTHETICS: AUGUSTINIAN AND THOMISTIC AESTHETICS AND THE BUCK-PASSING ACCOUNT OF AESTHETIC VALUE.","Journal for Cultural & Religious Theory","","15305228","","https://research.ebsco.com/plink/c48bf372-6d20-3775-b1f9-47511449bdb4","","2025","2026-02-05 00:51:16","2026-02-05 02:12:45","","140-164","","2","23","","JCRT","","","","","","Whitestone Foundation","","","","","","","","","","","","","Aesthetics; Saint; Thomas; Aquinas; ca. 1225-1274","","","","","","","","","","","","","","","","","","","","","","","","","","","","","","","","","","","","","","","","","","","","","","",""
"GLYGEMBN","journalArticle","2024","DURANTE, CHRIS","RELIGIOUS FAITH IN PURSUIT OF ENVIRONMENTAL JUSTICE.","Journal for Cultural & Religious Theory","","15305228","","https://research.ebsco.com/plink/d7b5855c-b960-3892-ae1f-f852492b34a1","","2024","2026-02-05 00:51:16","2026-02-05 02:12:45","","1-9","","1","23","","JCRT","","","","","","Whitestone Foundation","","","","","","","","","","","","","Faith; Environmental justice","","","","","","","","","","","","","","","","","","","","","","","","","","","","","","","","","","","","","","","","","","","","","","",""
"2DWFIATW","journalArticle","2024","GRANE, KEVIN S.","RELIGIOUS SACRIFICIAL SYMPATHY: HOW MAN BECAME MORE VALUABLE THAN BEAST.","Journal for Cultural & Religious Theory","","15305228","","https://research.ebsco.com/plink/dffa42cb-f746-348d-b061-9afac1c2d70e","","2024","2026-02-05 00:51:16","2026-02-05 02:12:45","","10-17","","1","23","","JCRT","","","","","","Whitestone Foundation","","","","","","","","","","","","","Faith; Sympathy","","","","","","","","","","","","","","","","","","","","","","","","","","","","","","","","","","","","","","","","","","","","","","",""
"CRTDZGPN","journalArticle","2024","HUJING, KEVIN","TRANSFORMING SCHEMA: TOWARD AN INTEGRAL ECOLOGY.","Journal for Cultural & Religious Theory","","15305228","","https://research.ebsco.com/plink/836d8c1e-0949-3d07-9bb5-1df41bddc5d9","","2024","2026-02-05 00:51:16","2026-02-05 02:12:45","","18-27","","1","23","","JCRT","","","","","","Whitestone Foundation","","","","","","","","","","","","","Environmental degradation; Financial crises","","","","","","","","","","","","","","","","","","","","","","","","","","","","","","","","","","","","","","","","","","","","","","",""
"22PW483S","journalArticle","2024","JOHNSON, ZANE","METAPHYSICAL PROTESTANTISM: A COMPARATIVE LITERARY ECOLOGY.","Journal for Cultural & Religious Theory","","15305228","","https://research.ebsco.com/plink/5285fd4b-b43e-3020-a939-69e275d2260e","","2024","2026-02-05 00:51:16","2026-02-05 02:12:45","","27-38","","1","23","","JCRT","","","","","","Whitestone Foundation","","","","","","","","","","","","","Protestantism; Middle Ages","","","","","","","","","","","","","","","","","","","","","","","","","","","","","","","","","","","","","","","","","","","","","","",""
"VJMFNAJT","journalArticle","2023","EDLINGER, ANNA-MARIA","THE SACRED AS BORDERING PRACTICE.","Journal for Cultural & Religious Theory","","15305228","","https://research.ebsco.com/plink/61f51235-790d-3e29-a34b-e0e5733994a3","","2023","2026-02-05 00:51:16","2026-02-05 02:12:45","","28-44","","1","22","","JCRT","","","","","","Whitestone Foundation","","","","","","","","","","","","","Prophecy; Sacredness","","","","","","","","","","","","","","","","","","","","","","","","","","","","","","","","","","","","","","","","","","","","","","",""
"DL7HLBNJ","journalArticle","2023","PATRY, TOBIAS","THINKING – LIFE - ORGANIC.","Journal for Cultural & Religious Theory","","15305228","","https://research.ebsco.com/plink/ed50242d-ae24-3b9c-8834-633b6901be96","","2023","2026-02-05 00:51:17","2026-02-05 02:12:45","","113-134","","1","22","","JCRT","","","","","","Whitestone Foundation","","","","","","","","","","","","","Catholic Church; Christian sects","","","","","","","","","","","","","","","","","","","","","","","","","","","","","","","","","","","","","","","","","","","","","","",""
"JKWBYMTQ","journalArticle","2023","WURTS, KIERYN E.","JOHN BOSWELL’S HISTORY OF (EUROCHRISTIAN) SEXUALITY AND THE CASE FOR TRANSCENDENTAL SOMATICS.","Journal for Cultural & Religious Theory","","15305228","","https://research.ebsco.com/plink/01c94f30-7fcb-342d-a183-f482ae1e8fdb","","2023","2026-02-05 00:51:17","2026-02-05 02:12:45","","139-168","","1","22","","JCRT","","","","","","Whitestone Foundation","","","","","","","","","","","","","Christianity; 1947-1994; Boswell; John","","","","","","","","","","","","","","","","","","","","","","","","","","","","","","","","","","","","","","","","","","","","","","",""
"EUQ8K6VG","journalArticle","2022","JOHNSTON, ISOBEL-MARIE","NIDDAH AS INDEX OF JEWISH SEXUALITY: A THEORETICAL FOUNDATION FOR AN ANTHRPOLOGY OF MENSTRUAL RITUALS.","Journal for Cultural & Religious Theory","","15305228","","https://research.ebsco.com/plink/5b0dba52-885f-3455-8dad-71297e6fae70","","2022","2026-02-05 00:51:17","2026-02-05 02:12:45","","272-305","","3","21","","JCRT","","","","","","Whitestone Foundation","","","","","","","","","","","","","Jews; Human sexuality; Menstruation","","","","","","","","","","","","","","","","","","","","","","","","","","","","","","","","","","","","","","","","","","","","","","",""
"22WYT6KS","journalArticle","2022","MEGANCK, ERIK","PHILOSOPHY AS LOVE: UNBLOCKING THE ROAD FROM ATHENS TO JERUSALEM.","Journal for Cultural & Religious Theory","","15305228","","https://research.ebsco.com/plink/88de071f-085d-3c6b-a03f-9398b86aa087","","2022","2026-02-05 00:51:17","2026-02-05 02:12:45","","306-328","","3","21","","JCRT","","","","","","Whitestone Foundation","","","","","","","","","","","","","Love; Wisdom; Philosophy","","","","","","","","","","","","","","","","","","","","","","","","","","","","","","","","","","","","","","","","","","","","","","",""
"VXKCG5Y2","journalArticle","2022","SIMON, HEMOPEREKI","MORMONISM AND THE WHITE POSSESSIVE: MOVING CRITICAL INDIGENOUS STUDIES THEORY INTO THE RELIGIOUS REALM.","Journal for Cultural & Religious Theory","","15305228","","https://research.ebsco.com/plink/6c69ce57-20ef-3e3c-8af9-a5ca33420fe9","","2022","2026-02-05 00:51:17","2026-02-05 02:12:45","","348-382","","3","21","","JCRT","","","","","","Whitestone Foundation","","","","","","","","","","","","","Church of Jesus Christ of Latter-day Saints; Ethnohistory; Lamanites (Mormon doctrine)","","","","","","","","","","","","","","","","","","","","","","","","","","","","","","","","","","","","","","","","","","","","","","",""
"EW2Z98H5","journalArticle","2022","Bradley, Arthur; Raschke, Carl A.; Green, Roger","A Critical Conversation on ""Political Erasure""","Journal for Cultural & Religious Theory","","","","https://research.ebsco.com/plink/3bddddc7-21b3-3b76-9f22-663a04f34847","","2022","2026-02-05 00:51:17","2026-02-05 02:12:45","","","","3","21","","JCRT","","","","","","Whitestone Foundation","","","","","","","","","","","","","Arthur; Bradley; 1978-; 2022-; Russian invasion of Ukraine; Volodymyr; Zelenskyy","","","","","","","","","","","","","","","","","","","","","","","","","","","","","","","","","","","","","","","","","","","","","","",""
"SWPVSHJB","journalArticle","2022","BRADLEY, ARTHUR","A RESPONSE TO NIALL GILDEA.","Journal for Cultural & Religious Theory","","15305228","","https://research.ebsco.com/plink/48e08dc0-16df-3a98-807b-a527ce906b86","","2022","2026-02-05 00:51:17","2026-02-05 02:12:45","","422-425","","3","21","","JCRT","","","","","","Whitestone Foundation","","","","","","","","","","","","","Gildea; History of philosophy; Niall","","","","","","","","","","","","","","","","","","","","","","","","","","","","","","","","","","","","","","","","","","","","","","",""
"4RWRJG67","journalArticle","2022","AFRIDI, MEHNAZ","ORIENTALISM, ONTOLOGY, AND ORIENTATION: A MUSLIM PERSPECTIVE ON CHARLES H. LONG.","Journal for Cultural & Religious Theory","","15305228","","https://research.ebsco.com/plink/cda2327f-d80a-32b8-9e50-89e2482d481b","","2022","2026-02-05 00:51:17","2026-02-05 02:12:45","","158-169","","2","21","","JCRT","","","","","","Whitestone Foundation","","","","","","","","","","","","","Ontology; Long; Charles H.; Orientalism","","","","","","","","","","","","","","","","","","","","","","","","","","","","","","","","","","","","","","","","","","","","","","",""
"54AYQCJB","journalArticle","2022","ARNOLD, PHILIP P.","WHY THE WHITE GUY?","Journal for Cultural & Religious Theory","","15305228","","https://research.ebsco.com/plink/24181027-a4f4-31f3-8d19-92c674e85ae1","","2022","2026-02-05 00:51:17","2026-02-05 02:12:45","","170-173","","2","21","","JCRT","","","","","","Whitestone Foundation","","","","","","","","","","","","","Scholars; Long; Charles H.; History of religion; Native American religion","","","","","","","","","","","","","","","","","","","","","","","","","","","","","","","","","","","","","","","","","","","","","","",""
"8PHMR73Q","journalArticle","2022","MACDONALD, FRASER","RAPTURE MUSIC: INTENSITY AND ESCHATOLOGY WITHIN CHRISTIAN REVIVAL MOVEMENTS.","Journal for Cultural & Religious Theory","","15305228","","https://research.ebsco.com/plink/c061ff7d-aec9-3a37-837e-c6f0a3bdfb04","","2022","2026-02-05 00:51:17","2026-02-05 02:12:45","","174-201","","2","21","","JCRT","","","","","","Whitestone Foundation","","","","","","","","","","","","","Hymns; Revival movements in music; Social movements","","","","","","","","","","","","","","","","","","","","","","","","","","","","","","","","","","","","","","","","","","","","","","",""
"AA5QEJ3X","journalArticle","2019","WOLFSON, ELLIOT R.","APOTHEOSIS OF THE NOTHING IN ALTIZER'S KENOTIC ATHEOLOGY.","Journal for Cultural & Religious Theory","","15305228","","https://research.ebsco.com/plink/25117dfa-66a5-3991-b7f0-53a09aac5f52","Even what we have left undone weaves the fabric of the entire future: even nothingness itself is a master weaver and a woman spinning webs.","2019","2026-02-05 00:51:17","2026-02-05 02:12:45","","52-84","","1","19","","JCRT","","","","","","Whitestone Foundation","","","","","","","","","","","","","Theologians; 1927-2018; Altizer; Thomas J. J.; Philosophers","","","","","","","","","","","","","","","","","","","","","","","","","","","","","","","","","","","","","","","","","","","","","","",""
"7YQNGHQZ","journalArticle","2022","TAYLOR, VICTOR E.","A REFLECTION ON CHARLES H. LONG: RESISTING AND SHORTCIRCUITING THE DISCOURSES OF EXCLUSION IN THE THEORY AND PRACTICE OF ADMINISTRATION.","Journal for Cultural & Religious Theory","","15305228","","https://research.ebsco.com/plink/9f4db36c-978c-34bd-9010-b1f96164c659","","2022","2026-02-05 00:51:17","2026-02-05 02:12:45","","220-229","","2","21","","JCRT","","","","","","Whitestone Foundation","","","","","","","","","","","","","Religious studies; Long; Charles H.; Religion & culture","","","","","","","","","","","","","","","","","","","","","","","","","","","","","","","","","","","","","","","","","","","","","","",""
"PFAB3LCM","journalArticle","2019","SCHROEDER, BRIAN SHŪDŌ","KENOTIC THEOLOGY, BUDDHISM, AND TIME.","Journal for Cultural & Religious Theory","","15305228","","https://research.ebsco.com/plink/7a634950-178e-37e8-9bcc-8b2123843657","","2019","2026-02-05 00:51:17","2026-02-05 02:12:45","","85-102","","1","19","","JCRT","","","","","","Whitestone Foundation","","","","","","","","","","","","","Theology; 1927-2018; Altizer; Thomas J. J.; Buddhism","","","","","","","","","","","","","","","","","","","","","","","","","","","","","","","","","","","","","","","","","","","","","","",""
"2XMDINGU","journalArticle","2022","WALKER, SHEILA S.","AFRICANS MAKING THE MODERN WORLD: ACCORDING TO DR. CHARLES H. LONG.","Journal for Cultural & Religious Theory","","15305228","","https://research.ebsco.com/plink/0dce1b5a-61f2-367c-9e7b-9bb1b4c01534","","2022","2026-02-05 00:51:17","2026-02-05 02:12:45","","230-240","","2","21","","JCRT","","","","","","Whitestone Foundation","","","","","","","","","","","","","Long; Charles H.; Black Rice: The African Origins of Rice Cultivation in the Americas (Book); Religion historians","","","","","","","","","","","","","","","","","","","","","","","","","","","","","","","","","","","","","","","","","","","","","","",""
"Z3E8GS2Q","journalArticle","2019","JENNINGS, THEODORE W.","ALTIZER'S APOCALYPTIC JESUS.","Journal for Cultural & Religious Theory","","15305228","","https://research.ebsco.com/plink/6733b540-93c2-3dd2-a34d-8bce48413878","","2019","2026-02-05 00:51:17","2026-02-05 02:12:45","","103-117","","1","19","","JCRT","","","","","","Whitestone Foundation","","","","","","","","","","","","","Jesus Christ; 1927-2018; Altizer; Thomas J. J.","","","","","","","","","","","","","","","","","","","","","","","","","","","","","","","","","","","","","","","","","","","","","","",""
"2I8K99GW","journalArticle","2022","WOOD, MARK","FROM COLONIALISM TO AN-OTHER COMMUNITY: REFLECTIONS ON THE RADICAL THOUGHT OF CHARLES H. LONG.","Journal for Cultural & Religious Theory","","15305228","","https://research.ebsco.com/plink/1e4e2f51-74de-382b-95ca-c4c12e486d59","","2022","2026-02-05 00:51:17","2026-02-05 02:12:45","","241-271","","2","21","","JCRT","","","","","","Whitestone Foundation","","","","","","","","","","","","","Colonization; Religious studies; Long; Charles H.","","","","","","","","","","","","","","","","","","","","","","","","","","","","","","","","","","","","","","","","","","","","","","",""
"6EYCBKSQ","journalArticle","2019","DISE, MICHAEL JAMES","ALTIZER AND INCARNATION.","Journal for Cultural & Religious Theory","","15305228","","https://research.ebsco.com/plink/6b34fb49-2a42-33aa-b551-6bfbb96c09ae","Nothing whatsoever finally distinguishes death and life or crucifixion and resurrection, for crucifixion and resurrection are one event, and are that one event which is the full and final incarnation of I AM. Now I AM perishes as absolute otherness, and perishes as such in that final and total act which is the ultimate actualization of the eternal act of God, an actualization which is the ultimate actualization of life and death, and thus an eschatological actualization of the life and death of God. Now the life of God is the death of God, for resurrection is crucifixion, just as crucifixion is resurrection . . . resurrection is apocalypse, and is the apocalypse of the eternal act of God, an apocalypse which is the apocalypse of God, but nevertheless and even thereby the apocalypse of act or actuality, and thus an apocalypse which is all in all.","2019","2026-02-05 00:51:17","2026-02-05 02:12:45","","118-133","","1","19","","JCRT","","","","","","Whitestone Foundation","","","","","","","","","","","","","Incarnation; 1927-2018; Altizer; Thomas J. J.","","","","","","","","","","","","","","","","","","","","","","","","","","","","","","","","","","","","","","","","","","","","","","",""
"DHQJKRD5","journalArticle","2022","BAKKER, JUSTINE M.","LOCATING THE OCEANIC IN SYLVIA WYNTER'S","Journal for Cultural & Religious Theory","","15305228","","https://research.ebsco.com/plink/9d297113-de40-37c5-87ea-836bc88fc7a6","","2022","2026-02-05 00:51:17","2026-02-05 02:12:45","","1-22","","1","21","","JCRT","","","","","","Whitestone Foundation","","","","","","","","","","","","","Posthumanism; Sylvia; Wynter","","","","","","","","","","","","","","","","","","","","","","","","","","","","","","","","","","","","","","","","","","","","","","",""
"MHF568DV","journalArticle","2019","FRANKE, WILLIAM","ALTIZER AND THE CHRISTIAN EPIC TRADITION.","Journal for Cultural & Religious Theory","","15305228","","https://research.ebsco.com/plink/8b44b1d0-6a64-35a2-8fc4-b1043e9de830","","2019","2026-02-05 00:51:17","2026-02-05 02:12:45","","134-148","","1","19","","JCRT","","","","","","Whitestone Foundation","","","","","","","","","","","","","1927-2018; Altizer; Thomas J. J.; Christian poets","","","","","","","","","","","","","","","","","","","","","","","","","","","","","","","","","","","","","","","","","","","","","","",""
"FWVGAA5M","journalArticle","2019","MCCULLOUGH, LISSA","APOCALYPTICISM AS POLITICAL THEOLOGY.","Journal for Cultural & Religious Theory","","15305228","","https://research.ebsco.com/plink/6cb61657-a90a-34ea-991a-ca2e03c586a9","","2019","2026-02-05 00:51:17","2026-02-05 02:12:45","","149-170","","1","19","","JCRT","","","","","","Whitestone Foundation","","","","","","","","","","","","","Political theology; 1927-2018; Altizer; Thomas J. J.","","","","","","","","","","","","","","","","","","","","","","","","","","","","","","","","","","","","","","","","","","","","","","",""
"H58L9IHI","journalArticle","2019","FELD, ALINA N.","THINKING THE ABSOLUTE EDGE BETWEEN ALTIZER AND LEAHY.","Journal for Cultural & Religious Theory","","15305228","","https://research.ebsco.com/plink/8a33698a-4cb7-3df3-a619-b19329affcca","","2019","2026-02-05 00:51:17","2026-02-05 02:12:45","","171-188","","1","19","","JCRT","","","","","","Whitestone Foundation","","","","","","","","","","","","","Self-consciousness (Awareness); 1927-2018; Altizer; Thomas J. J.","","","","","","","","","","","","","","","","","","","","","","","","","","","","","","","","","","","","","","","","","","","","","","",""
"R8TTQNCX","journalArticle","2019","HART, RAY L.","AFTERTHINKING ALTIZER: REDEMPTION AND THE DIVINE RECUSAL.","Journal for Cultural & Religious Theory","","15305228","","https://research.ebsco.com/plink/427c93b5-f5ee-3d0e-b4cb-1250c792070e","","2019","2026-02-05 00:51:17","2026-02-05 02:12:45","","216-218","","1","19","","JCRT","","","","","","Whitestone Foundation","","","","","","","","","","","","","Hermeneutics; 1927-2018; Altizer; Thomas J. J.","","","","","","","","","","","","","","","","","","","","","","","","","","","","","","","","","","","","","","","","","","","","","","",""
"EB5U4K7U","journalArticle","2019","GOGGIN, W. EZEKIEL","TRANSCENDENTAL FRUSTRATION: A CRITICAL RE-EVALUATION OF THE HEGELIAN LEGACY FOR PHILOSOPHY OF RELIGION.","Journal for Cultural & Religious Theory","","15305228","","https://research.ebsco.com/plink/8d53750f-ec30-38a4-9157-286f5bff6d66","","2019","2026-02-05 00:51:17","2026-02-05 02:12:45","","382-399","","3","18","","JCRT","","","","","","Whitestone Foundation","","","","","","","","","","","","","Philosophy of religion; Hegelianism; Transcendentalism (Philosophy)","","","","","","","","","","","","","","","","","","","","","","","","","","","","","","","","","","","","","","","","","","","","","","",""
"E35XN8X6","journalArticle","2019","HAYNES, PATRICE","TOWARD DECOLONIZING PHILOSOPHY OF RELIGION: THINKING HERETICALLY WITH AFRICAN INDIGENOUS RELIGIONS.","Journal for Cultural & Religious Theory","","15305228","","https://research.ebsco.com/plink/0ee00fc0-5b35-36f2-ad6d-72916ce47623","","2019","2026-02-05 00:51:17","2026-02-05 02:12:45","","400-414","","3","18","","JCRT","","","","","","Whitestone Foundation","","","","","","","","","","","","","Eurocentrism; Philosophy of religion; Feminist theory","","","","","","","","","","","","","","","","","","","","","","","","","","","","","","","","","","","","","","","","","","","","","","",""
"3L8G75PD","journalArticle","2019","JONES, TAMSIN","IS ACADEMIC THEOLOGY AN ANSWER TO THE PROBLEM OF PHILOSOPHY OF RELIGION?","Journal for Cultural & Religious Theory","","15305228","","https://research.ebsco.com/plink/26eee4cf-8665-3ca0-bd06-7379cf44f6cb","","2019","2026-02-05 00:51:17","2026-02-05 02:12:45","","415-428","","3","18","","JCRT","","","","","","Whitestone Foundation","","","","","","","","","","","","","Philosophy of religion; Doctrinal theology; Christian apologetics","","","","","","","","","","","","","","","","","","","","","","","","","","","","","","","","","","","","","","","","","","","","","","",""
"WI85EVZD","journalArticle","2019","MCCRACKEN, LUCAS","A NOTE ON PRE-POSITIONS: METHODOLOGY IN THE CONTINENTAL PHILOSOPHY OF RELIGION.","Journal for Cultural & Religious Theory","","15305228","","https://research.ebsco.com/plink/a5ec81fd-0034-3334-87c1-3a7c5fc21b8f","","2019","2026-02-05 00:51:17","2026-02-05 02:12:45","","429-525","","3","18","","JCRT","","","","","","Whitestone Foundation","","","","","","","","","","","","","Eurocentrism; Continental philosophy; Philosophy of religion","","","","","","","","","","","","","","","","","","","","","","","","","","","","","","","","","","","","","","","","","","","","","","",""
"5D7UH55E","journalArticle","2019","ONISHI, BRADLEY","NORMATIVE ENCOUNTERS: A RADICAL PROPOSAL FOR PHILOSOPHY OF RELIGION.","Journal for Cultural & Religious Theory","","15305228","","https://research.ebsco.com/plink/be38f20e-b763-38cf-b065-71f65d303a34","","2019","2026-02-05 00:51:17","2026-02-05 02:12:45","","442-453","","3","18","","JCRT","","","","","","Whitestone Foundation","","","","","","","","","","","","","Religious studies; Philosophy of religion; Transnationalism","","","","","","","","","","","","","","","","","","","","","","","","","","","","","","","","","","","","","","","","","","","","","","",""
"TCFATCGW","journalArticle","2019","RUBENSTEIN, MARY-JANE","OF THE OF: GENRE, GENERATION, AND THE CONTINENTAL PHILOSOPHY OF RELIGION.","Journal for Cultural & Religious Theory","","15305228","","https://research.ebsco.com/plink/add88011-d71b-3e4f-942e-1ca50c7866bd","","2019","2026-02-05 00:51:17","2026-02-05 02:12:45","","454-465","","3","18","","JCRT","","","","","","Whitestone Foundation","","","","","","","","","","","","","Continental philosophy; Philosophy of religion","","","","","","","","","","","","","","","","","","","","","","","","","","","","","","","","","","","","","","","","","","","","","","",""
"6SEJCAR9","journalArticle","2019","BURLEY, MIKEL","“A LANGUAGE IN WHICH TO THINK OF THE WORLD” – ANIMISM, INDIGENOUS TRADITIONS, AND THE DEPROVINCIALIZATION OF PHILOSOPHY OF RELIGION.","Journal for Cultural & Religious Theory","","15305228","","https://research.ebsco.com/plink/5b79a08a-0eca-34e4-9ede-cfba81fb2091","","2019","2026-02-05 00:51:17","2026-02-05 02:12:45","","466-490","","3","18","","JCRT","","","","","","Whitestone Foundation","","","","","","","","","","","","","Philosophy of religion; Animism; D. Z.; Phillips","","","","","","","","","","","","","","","","","","","","","","","","","","","","","","","","","","","","","","","","","","","","","","",""
"92DPILCG","journalArticle","2019","DEIBL, JAKOB","FROM KANT TO HÖLDERLIN: POETRY AND RELIGION IN THE WAKE OF PHILOSOPHICAL AESTHETICS.","Journal for Cultural & Religious Theory","","15305228","","https://research.ebsco.com/plink/1d721b09-17ab-3c4f-a70c-6c97e6ab8e9b","","2019","2026-02-05 00:51:17","2026-02-05 02:12:45","","492-507","","3","18","","JCRT","","","","","","Whitestone Foundation","","","","","","","","","","","","","Aesthetics; Critique of Judgment (Book : Kant); Theology & philosophy","","","","","","","","","","","","","","","","","","","","","","","","","","","","","","","","","","","","","","","","","","","","","","",""
"XJI6L6I8","journalArticle","2019","ROBERTS, KARA","TOWARDS A NEW COMPARATIVE METHODOLOGY IN RELIGIOUS STUDIES.","Journal for Cultural & Religious Theory","","15305228","","https://research.ebsco.com/plink/c76579a0-fb67-3129-8bcd-96b772b8c2dd","","2019","2026-02-05 00:51:17","2026-02-05 02:12:45","","526-535","","3","18","","JCRT","","","","","","Whitestone Foundation","","","","","","","","","","","","","Religious studies; Comparative studies; Grantmaking Foundations; Scholarships","","","","","","","","","","","","","","","","","","","","","","","","","","","","","","","","","","","","","","","","","","","","","","",""
"FEQZS77N","journalArticle","2019","ROBERTS, THOMAS; HAYDEN, DELBERT","RELIGION AND MENTAL HEALTH : THE THERAPEUTIC VALUE OF THE TEACHINGS OF JESUS.","Journal for Cultural & Religious Theory","","15305228","","https://research.ebsco.com/plink/9abf00b2-f42e-32a8-8949-d30624cec174","Author Note: The authors of this article take the position that the Judeo-Christian heritage is dominated by the teachings of Jesus. Consequently, all Christian belief systems reflect similar ideas about the nature of reality. This Christian philosophy of life shapes attitudes that believers have about themselves, their relationship with others, and appropriate responses to crises and adversity. By analyzing the teachings of Jesus, seven main themes emerged. The authors are able to show that all of these themes are reflected in modern-day systemic therapies. The authors believe that these themes may be related to mental and physical health advantages that believers have over non-believers.","2019","2026-02-05 00:51:17","2026-02-05 02:12:45","","536-550","","3","18","","JCRT","","","","","","Whitestone Foundation","","","","","","","","","","","","","Mental health; Christian philosophy; Judeo-Christian tradition; Offices of Mental Health Practitioners (except Physicians)","","","","","","","","","","","","","","","","","","","","","","","","","","","","","","","","","","","","","","","","","","","","","","",""
"D4T8F8UU","journalArticle","2019","RUETENIK, TADD","JONATHAN EDWARDS AND THE VEGAN ELECT: AN UNCONVENTIONAL CALVINIST READING.","Journal for Cultural & Religious Theory","","15305228","","https://research.ebsco.com/plink/c9bfb9dd-3835-3335-8f86-52750fc77581","","2019","2026-02-05 00:51:17","2026-02-05 02:12:45","","551-562","","3","18","","JCRT","","","","","","Whitestone Foundation","","","","","","","","","","","","","Calvinism; Conversion (Religion); Edwards; Jonathan","","","","","","","","","","","","","","","","","","","","","","","","","","","","","","","","","","","","","","","","","","","","","","",""
"GU68GRAN","journalArticle","2019","TARLETON, MADISON","SPACED AND PLACED: HETERO-‘TOPIC’ INTERPRETATIONS OF THE WARSAW GHETTO.","Journal for Cultural & Religious Theory","","15305228","","https://research.ebsco.com/plink/f788564b-9458-3596-a2d9-1e67e620733b","","2019","2026-02-05 00:51:17","2026-02-05 02:12:45","","563-575","","3","18","","JCRT","","","","","","Whitestone Foundation","","","","","","","","","","","","","Entomology; Inner cities; Philosophy of time","","","","","","","","","","","","","","","","","","","","","","","","","","","","","","","","","","","","","","","","","","","","","","",""
"QX9GIIAE","journalArticle","2019","CISNEY, VERNON W.","SOMETHING TO DO WITH A GIRL NAMED MARLA: EROS AND GENDER IN FINCHER’S FIGHT CLUB.","Journal for Cultural & Religious Theory","","15305228","","https://research.ebsco.com/plink/d89e42a5-7175-3c42-8a45-1532be6b914e","","2019","2026-02-05 00:51:17","2026-02-05 02:12:45","","576-599","","3","18","","JCRT","","","","","","Whitestone Foundation","","","","","","","","","","","","","David; 1962-; Fight Club (Film); Fincher; Virilism","","","","","","","","","","","","","","","","","","","","","","","","","","","","","","","","","","","","","","","","","","","","","","",""
"SIJDWTS2","journalArticle","2019","OLIVER, MICHAEL","HOW TO AVOID THE GOD WHO CHOOSES: DENIALS.","Journal for Cultural & Religious Theory","","15305228","","https://research.ebsco.com/plink/5571da90-ee42-3785-ba51-398d793b37d4","","2019","2026-02-05 00:51:17","2026-02-05 02:12:45","","156-174","","2","18","","JCRT","","","","","","Whitestone Foundation","","","","","","","","","","","","","Theologians; Predestination; Sexual orientation","","","","","","","","","","","","","","","","","","","","","","","","","","","","","","","","","","","","","","","","","","","","","","",""
"CPBIGTVY","journalArticle","2019","FISHLEY, DANIEL","GOD'S ABSENCE AS TEXTUAL PRESENCE: THE RADICAL (LITERARY) THEOLOGY OF NORTHROP FRYE.","Journal for Cultural & Religious Theory","","15305228","","https://research.ebsco.com/plink/9d7f03ba-beed-348e-842a-59a452b3f982","","2019","2026-02-05 00:51:17","2026-02-05 02:12:45","","193-201","","2","18","","JCRT","","","","","","Whitestone Foundation","","","","","","","","","","","","","Bible in literature; Theologians; 1912-1991; Frye; Northrop","","","","","","","","","","","","","","","","","","","","","","","","","","","","","","","","","","","","","","","","","","","","","","",""
"UX3JDTJY","journalArticle","2019","STANTON, ANDREA L.","IF THE QUR'AN IS GOD'S SPEECH, HOW DOES GOD SPEAK? DIVINE SPEAKING IN CONTEMPORARY MUSLIM DISCOURSE.","Journal for Cultural & Religious Theory","","15305228","","https://research.ebsco.com/plink/6aef7542-35f3-3b4a-9fa3-5ef958556635","","2019","2026-02-05 00:51:17","2026-02-05 02:12:45","","202-213","","2","18","","JCRT","","","","","","Whitestone Foundation","","","","","","","","","","","","","Islamic theology; Muslims; Qur'an","","","","","","","","","","","","","","","","","","","","","","","","","","","","","","","","","","","","","","","","","","","","","","",""
"IH2UENNU","journalArticle","2019","PESSIN, SARAH","KENOSIS, EMANCIPATION, PASTNESS: REFLECTIONS FROM A JEW.","Journal for Cultural & Religious Theory","","15305228","","https://research.ebsco.com/plink/c1248923-bdf4-38ad-b783-631dd782d290","","2019","2026-02-05 00:51:17","2026-02-05 02:12:45","","214-223","","2","18","","JCRT","","","","","","Whitestone Foundation","","","","","","","","","","","","","Christianity; Jewish scholars; Kenosis (Theology)","","","","","","","","","","","","","","","","","","","","","","","","","","","","","","","","","","","","","","","","","","","","","","",""
"IFXRZYWJ","journalArticle","2019","GIARDINO, JOSHUA","DIVINE ABSENCE AS DIVINE PRESENCE.","Journal for Cultural & Religious Theory","","15305228","","https://research.ebsco.com/plink/83eb19ac-2a5e-3bd6-ae05-dd1c7503681b","","2019","2026-02-05 00:51:17","2026-02-05 02:12:45","","224-235","","2","18","","JCRT","","","","","","Whitestone Foundation","","","","","","","","","","","","","Catholics; Apologists (Christians); Theory of knowledge","","","","","","","","","","","","","","","","","","","","","","","","","","","","","","","","","","","","","","","","","","","","","","",""
"DNAQ2RF6","journalArticle","2019","McAVAN, EMILY","SPRING IN ITALY: ANNA KARENINA AND THE GOD WHO MAY BE.","Journal for Cultural & Religious Theory","","15305228","","https://research.ebsco.com/plink/654b5afb-390e-3270-b7df-f9bc966f04ba","","2019","2026-02-05 00:51:17","2026-02-05 02:12:45","","236-245","","2","18","","JCRT","","","","","","Whitestone Foundation","","","","","","","","","","","","","Christians; Theologians; Revenge","","","","","","","","","","","","","","","","","","","","","","","","","","","","","","","","","","","","","","","","","","","","","","",""
"WD48TUT5","journalArticle","2019","VAINO, OLLI-PEKKA","LUTHERAN THEOLOGY AND POSTMODERN PHILOSOPHY.","Journal for Cultural & Religious Theory","","15305228","","https://research.ebsco.com/plink/2acc4d2d-9247-31ad-87e7-4d13ca2d2b1c","","2019","2026-02-05 00:51:17","2026-02-05 02:12:45","","253-267","","2","18","","JCRT","","","","","","Whitestone Foundation","","","","","","","","","","","","","Christians; Taylor; Charles; Postmodernism (Philosophy)","","","","","","","","","","","","","","","","","","","","","","","","","","","","","","","","","","","","","","","","","","","","","","",""
"5S8VVSVC","journalArticle","2019","TROZZO, ERIC","JOHN THE POSSIBILIZER: THE PROMISE OF A KEARNIAN BAPTISMAL HERMENEUTIC.","Journal for Cultural & Religious Theory","","15305228","","https://research.ebsco.com/plink/82671452-e3ce-3a21-b1a2-c55d09bc4bde","","2019","2026-02-05 00:51:17","2026-02-05 02:12:45","","268-281","","2","18","","JCRT","","","","","","Whitestone Foundation","","","","","","","","","","","","","Catholics; Baptism; Kearney; Richard","","","","","","","","","","","","","","","","","","","","","","","","","","","","","","","","","","","","","","","","","","","","","","",""
"U4CAYVF2","journalArticle","2019","PREWITT-DAVIS, ELIJAH","ADMITTING A CERTAIN FEAR OF ŽIŽEK'S THEOLOGY: A MODEST PLEA FOR A DELEUZIAN READING OF THE DEATH OF GOD.","Journal for Cultural & Religious Theory","","15305228","","https://research.ebsco.com/plink/6d468f3e-b079-3f61-b5fb-b4ad0096839f","","2019","2026-02-05 00:51:17","2026-02-05 02:12:45","","290-298","","2","18","","JCRT","","","","","","Whitestone Foundation","","","","","","","","","","","","","1949-; Slavoj; Žižek; Hegelianism; Death of God","","","","","","","","","","","","","","","","","","","","","","","","","","","","","","","","","","","","","","","","","","","","","","",""
"36K6G6WK","journalArticle","2019","LEWIS, KEVIN","MISCHIEF, IDOLATRY, AND THE DEMONIC: TOWARD A HERMENEUTIC OF PLAY.","Journal for Cultural & Religious Theory","","15305228","","https://research.ebsco.com/plink/dd7e075b-2963-3f88-aacf-d1230a23d03f","","2019","2026-02-05 00:51:17","2026-02-05 02:12:45","","299-318","","2","18","","JCRT","","","","","","Whitestone Foundation","","","","","","","","","","","","","Christian communities; Biblical hermeneutics; Old Testament","","","","","","","","","","","","","","","","","","","","","","","","","","","","","","","","","","","","","","","","","","","","","","",""
"EJLRKNUG","journalArticle","2019","HOVORUN, CYRIL","FROM CHRISTOLOGY TO POLITICAL THEOLOGY.","Journal for Cultural & Religious Theory","","15305228","","https://research.ebsco.com/plink/a46c0087-2c25-370a-8832-452a5c983692","","2019","2026-02-05 00:51:17","2026-02-05 02:12:45","","319-328","","2","18","","JCRT","","","","","","Whitestone Foundation","","","","","","","","","","","","","Christians; Political theology; Christology","","","","","","","","","","","","","","","","","","","","","","","","","","","","","","","","","","","","","","","","","","","","","","",""
"GGTSVCHW","journalArticle","2019","HARRISON, JOEL","BEYOND RELIGIOUS IDEAS: THE LEGACY OF MAX WEBER IN CRITICAL THEORY AND CRITICAL RELIGION.","Journal for Cultural & Religious Theory","","15305228","","https://research.ebsco.com/plink/bbc00f57-b7cc-3ef5-bd2e-aceb89090001","","2019","2026-02-05 00:51:17","2026-02-05 02:12:45","","329-337","","2","18","","JCRT","","","","","","Whitestone Foundation","","","","","","","","","","","","","Critical theory; Religious studies","","","","","","","","","","","","","","","","","","","","","","","","","","","","","","","","","","","","","","","","","","","","","","",""
"BN87CFWV","journalArticle","2019","DEROO, NEAL","THE DANGERS OF DEALING WITH DERRIDA: REVISITING THE CAPUTO-HÄGGLUND DEBATE ON THE","Journal for Cultural & Religious Theory","","15305228","","https://research.ebsco.com/plink/add5808a-b0c2-3e97-9c3a-23756f3f217c","","2019","2026-02-05 00:51:17","2026-02-05 02:12:45","","362-381","","2","18","","JCRT","","","","","","Whitestone Foundation","","","","","","","","","","","","","Religious studies; Debate; Deconstruction","","","","","","","","","","","","","","","","","","","","","","","","","","","","","","","","","","","","","","","","","","","","","","",""
"DJZ952HH","journalArticle","2019","APPEL, JEFF","HANGING GARLANDS OF FLOWERS ON THE CHAINS THAT BIND: THE SOFT TOTALITARIANISM OF TECHNOLOGICAL RATIONALITY AND THE POSSIBILITIES FOR EMANCIPATORY PRAXIS.","Journal for Cultural & Religious Theory","","15305228","","https://research.ebsco.com/plink/35ef05c6-89b2-3ef6-ab88-b30cfd15a517","","2019","2026-02-05 00:51:17","2026-02-05 02:12:45","","1-5","","1","18","","JCRT","","","","","","Whitestone Foundation","","","","","","","","","","","","","Rationalism; Totalitarianism","","","","","","","","","","","","","","","","","","","","","","","","","","","","","","","","","","","","","","","","","","","","","","",""
"97Z4FSTT","journalArticle","2019","GREEN, RODGER K.","NON-ORDINARY STATES, ENTHEOGENS, AND THE UNCONSCIOUS.","Journal for Cultural & Religious Theory","","15305228","","https://research.ebsco.com/plink/7f7e5a38-eae5-39e4-9113-140b08a70480","","2019","2026-02-05 00:51:18","2026-02-05 02:12:45","","8-14","","1","18","","JCRT","","","","","","Whitestone Foundation","","","","","","","","","","","","","Religiousness; Offices of physicians; All Other Outpatient Care Centers; Cultural history; HMO Medical Centers; Medical offices; Mental Health Specialists; Office Administrative Services; Offices of all other health practitioners; Offices of All Other Miscellaneous Health Practitioners; Offices of Physicians; Offices of Physicians (except Mental Health Specialists)","","","","","","","","","","","","","","","","","","","","","","","","","","","","","","","","","","","","","","","","","","","","","","",""
"KFSUGZ4J","journalArticle","2019","KOSER, NATE","OF THE TIES THAT B(L)IND.","Journal for Cultural & Religious Theory","","15305228","","https://research.ebsco.com/plink/65f4830d-6f46-373f-afc7-8510e8d8def5","","2019","2026-02-05 00:51:18","2026-02-05 02:12:45","","15-19","","1","18","","JCRT","","","","","","Whitestone Foundation","","","","","","","","","","","","","Psychoanalysis; Social bonds","","","","","","","","","","","","","","","","","","","","","","","","","","","","","","","","","","","","","","","","","","","","","","",""
"D3TM757T","journalArticle","2019","McANDREW, MICHAEL","PSYCHOANALYSIS, VETERANS, AND THE PROBLEM OF THE REAL: OR, ON WAR AND ENUNCIATION.","Journal for Cultural & Religious Theory","","15305228","","https://research.ebsco.com/plink/23fc3609-18f5-316a-b10b-e6d9b30f6aa3","","2019","2026-02-05 00:51:18","2026-02-05 02:12:45","","20-25","","1","18","","JCRT","","","","","","Whitestone Foundation","","","","","","","","","","","","","Psychoanalysis; Administration of Veterans' Affairs; Enunciation; Veterans","","","","","","","","","","","","","","","","","","","","","","","","","","","","","","","","","","","","","","","","","","","","","","",""
"QXD8PEC2","journalArticle","2019","PEDERSON, TREVOR","ESSENCE, ALIENATION, AND THE ECONOMICS OF LIBIDO.","Journal for Cultural & Religious Theory","","15305228","","https://research.ebsco.com/plink/fb3f9255-e00d-3964-ab74-cb63eb416447","","2019","2026-02-05 00:51:18","2026-02-05 02:12:45","","26-36","","1","18","","JCRT","","","","","","Whitestone Foundation","","","","","","","","","","","","","Economics; Psychosexual development","","","","","","","","","","","","","","","","","","","","","","","","","","","","","","","","","","","","","","","","","","","","","","",""
"HW3MER3P","journalArticle","2019","RICHARD, ALAN JAY","FREUD'S SOCIOGENESIS, AND OURS: THE","Journal for Cultural & Religious Theory","","15305228","","https://research.ebsco.com/plink/91db46a3-95c1-32dd-b6fd-d1156782e96d","","2019","2026-02-05 00:51:18","2026-02-05 02:12:45","","37-45","","1","18","","JCRT","","","","","","Whitestone Foundation","","","","","","","","","","","","","Ontology; Democracy; Communitarianism","","","","","","","","","","","","","","","","","","","","","","","","","","","","","","","","","","","","","","","","","","","","","","",""
"KC9DNS3A","journalArticle","2019","COOK, DEREK","CHANNELING HATE: BELIEF SYSTEM FACILITATION OF EGODEFENSE MECHANISMS IN THE 1935 RISE OF SOCIAL CREDIT IN ALBERTA.","Journal for Cultural & Religious Theory","","15305228","","https://research.ebsco.com/plink/72fb2f2a-21d7-3c8b-8589-13654c5a1f02","","2019","2026-02-05 00:51:18","2026-02-05 02:12:45","","46-70","","1","18","","JCRT","","","","","","Whitestone Foundation","","","","","","","","","","","","","Theology; Ideology; Social credit","","","","","","","","","","","","","","","","","","","","","","","","","","","","","","","","","","","","","","","","","","","","","","",""
"VXPJXDAS","journalArticle","2019","LØLAND, OLE JAKOB","THE MODERN PHILOSOPHERS' PAUL: RECLAIMING PAULINE INTROSPECTION AND REVIVING LEGACIES OF ANTI-JUDAISM.","Journal for Cultural & Religious Theory","","15305228","","https://research.ebsco.com/plink/f02ad767-1a4c-3c06-a5b3-7c97e80f7a81","","2019","2026-02-05 00:51:18","2026-02-05 02:12:45","","71-84","","1","18","","JCRT","","","","","","Whitestone Foundation","","","","","","","","","","","","","Theology; Christianity; Psychoanalysis","","","","","","","","","","","","","","","","","","","","","","","","","","","","","","","","","","","","","","","","","","","","","","",""
"TCT9XJTK","journalArticle","2019","GUERRIERO, SILAS","NEW RELIGIONS IN BRAZIL: A GAME BETWEEN RELATIVISM AND FUNDAMENTALISM.","Journal for Cultural & Religious Theory","","15305228","","https://research.ebsco.com/plink/0e533073-3d12-34d5-be0c-90e421a4e3f6","","2019","2026-02-05 00:51:18","2026-02-05 02:12:45","","338-343","","2","18","","JCRT","","","","","","Whitestone Foundation","","","","","","","","","","","","","Catholic Church; Protestant fundamentalism; Relativity","","","","","","","","","","","","","","","","","","","","","","","","","","","","","","","","","","","","","","","","","","","","","","",""
"VFW8NMRS","journalArticle","2019","GRAHAM, ASHLEY","PRAYER AFTER THE DEATH OF GOD.","Journal for Cultural & Religious Theory","","15305228","","https://research.ebsco.com/plink/e7f4cc1e-42b1-3e9f-bcd8-fce1d040fd3c","","2019","2026-02-05 00:51:18","2026-02-05 02:12:45","","344-361","","2","18","","JCRT","","","","","","Whitestone Foundation","","","","","","","","","","","","","Metaphysics; Prayers; Death of God","","","","","","","","","","","","","","","","","","","","","","","","","","","","","","","","","","","","","","","","","","","","","","",""
"CE4SLZT3","journalArticle","2019","DELAY, TAD","PLUNDERING A THEORY OF TRAUMA - CONFESSIONS OF A NOVICE AUTHOR ON LACAN AND THEOLOGY.","Journal for Cultural & Religious Theory","","15305228","","https://research.ebsco.com/plink/bb6d4958-aea0-306d-bd18-0ab9ddfa665d","","2019","2026-02-05 00:51:18","2026-02-05 02:12:45","","6-7","","1","18","","JCRT","","","","","","Whitestone Foundation","","","","","","","","","","","","","Theology; Continental philosophy; Psychoanalysis","","","","","","","","","","","","","","","","","","","","","","","","","","","","","","","","","","","","","","","","","","","","","","",""
"P2887C9X","journalArticle","2019","RAMOS, JOSHUA","THE SECULARIZING ETHOS AND THE END OF BIBLICAL AUTHORITY: HOW TODAY'S EVANGELICALS ABANDONED EVANGELICALISM.","Journal for Cultural & Religious Theory","","15305228","","https://research.ebsco.com/plink/6b620054-b944-3708-8aa5-cd5fd5064daf","","2019","2026-02-05 00:51:18","2026-02-05 02:12:45","","85-88","","1","18","","JCRT","","","","","","Whitestone Foundation","","","","","","","","","","","","","Evangelicalism; Doctrinal theology","","","","","","","","","","","","","","","","","","","","","","","","","","","","","","","","","","","","","","","","","","","","","","",""
"YM6E3EN9","journalArticle","2019","BURKE, BRIGID","THE MYTHOLOGY OF AFTERLIFE BELIEFS AND THEIR IMPACT ON RELIGIOUS CONFLICT.","Journal for Cultural & Religious Theory","","15305228","","https://research.ebsco.com/plink/36e6c06c-722e-31a9-a8cb-19d719500f59","","2019","2026-02-05 00:51:18","2026-02-05 02:12:45","","89-108","","1","18","","JCRT","","","","","","Whitestone Foundation","","","","","","","","","","","","","Psychoanalysis; Sectarian conflict","","","","","","","","","","","","","","","","","","","","","","","","","","","","","","","","","","","","","","","","","","","","","","",""
"74AGR7XA","journalArticle","2019","KOMKOV, OLEG","THE VERTICAL FORM - THE ICONOLOGICAL DIMENSION ON 2OTH CENTURY RUSSIAN RELIGIOUS AESTHETICS AND LITERARY CRITICISM.","Journal for Cultural & Religious Theory","","15305228","","https://research.ebsco.com/plink/d1631cb9-6373-38c5-9fbf-c7cec0ba4f48","","2019","2026-02-05 00:51:18","2026-02-05 02:12:45","","110-120","","1","18","","JCRT","","","","","","Whitestone Foundation","","","","","","","","","","","","","Theology; Literary criticism; Russian religious literature","","","","","","","","","","","","","","","","","","","","","","","","","","","","","","","","","","","","","","","","","","","","","","",""
"45UCHNF6","journalArticle","2019","SHARMA, VIVEK SWAROOP","FRAMING RELIGIOUS CONFLICT AND VIOLENCE - INSIGHTS FROM HISTORICAL INSTITUTIONALISM.","Journal for Cultural & Religious Theory","","15305228","","https://research.ebsco.com/plink/113e5237-d935-3e50-80dc-66321cca6b2a","","2019","2026-02-05 00:51:18","2026-02-05 02:12:45","","121-137","","1","18","","JCRT","","","","","","Whitestone Foundation","","","","","","","","","","","","","Institutionalism (Religion); Sectarian conflict; Bharatiya Janata Party","","","","","","","","","","","","","","","","","","","","","","","","","","","","","","","","","","","","","","","","","","","","","","",""
"E9ENZDY5","journalArticle","2019","SPICKARD, JAMES V.","SLOW JOURNALISM? ETHNOGRAPHY AS A MEANS OF UNDERSTANDING RELIGIOUS SOCIAL ACTIVISM.","Journal for Cultural & Religious Theory","","15305228","","https://research.ebsco.com/plink/9df04a24-bb3d-3863-8cbe-a61b360ef44c","","2019","2026-02-05 00:51:18","2026-02-05 02:12:45","","138-155","","1","18","","JCRT","","","","","","Whitestone Foundation","","","","","","","","","","","","","Ethnology; Human Rights Organizations; Journalism; Other Social Advocacy Organizations; Social advocacy; Social advocacy organizations","","","","","","","","","","","","","","","","","","","","","","","","","","","","","","","","","","","","","","","","","","","","","","",""
"LAGWRJ6I","journalArticle","2018","BACKMAN, JUSSI","THE ONE IS NOT - ON THE FATE OF UNITY IN POST-METAPHYSICAL PHILOSOPHY.","Journal for Cultural & Religious Theory","","15305228","","https://research.ebsco.com/plink/95aff270-95b3-31ae-b630-57c4bdb9ea38","","2018","2026-02-05 00:51:18","2026-02-05 02:12:45","","480-485","","3","17","","JCRT","","","","","","Whitestone Foundation","","","","","","","","","","","","","Metaphysics; Christian philosophy; Aristotelianism (Philosophy)","","","","","","","","","","","","","","","","","","","","","","","","","","","","","","","","","","","","","","","","","","","","","","",""
"HGNH3WT4","journalArticle","2018","BEDDARD, RYNE","RETHINKING ANSELM'S ATONEMENT THEORY - ""UNMAKING"" THE INDEBTED MAN","Journal for Cultural & Religious Theory","","15305228","","https://research.ebsco.com/plink/e19291df-5b27-3f44-879b-d56c66272acf","","2018","2026-02-05 00:51:18","2026-02-05 02:12:45","","486-492","","3","17","","JCRT","","","","","","Whitestone Foundation","","","","","","","","","","","","","Humanity; Church history; Neoliberalism","","","","","","","","","","","","","","","","","","","","","","","","","","","","","","","","","","","","","","","","","","","","","","",""
"R9HYWIJ9","journalArticle","2018","DATAR, DARSHAN","RELIGIOUS AUTONOMY AS SECULARISM'S SILENT PARTNER.","Journal for Cultural & Religious Theory","","15305228","","https://research.ebsco.com/plink/57206e0a-62f8-365d-a7e6-e2b74fc83a81","","2018","2026-02-05 00:51:18","2026-02-05 02:12:45","","493-500","","3","17","","JCRT","","","","","","Whitestone Foundation","","","","","","","","","","","","","Secularism; Public sphere; Philosophers","","","","","","","","","","","","","","","","","","","","","","","","","","","","","","","","","","","","","","","","","","","","","","",""
"D7DB4EI9","journalArticle","2018","DAVIS, MASON","HEGEMONY AND TECHNO-RATIONALITY - TOWARD AN AESTHETIC SOTERIOLOGY.","Journal for Cultural & Religious Theory","","15305228","","https://research.ebsco.com/plink/7b560ae8-6dee-3313-a5a8-8f070ac36772","","2018","2026-02-05 00:51:18","2026-02-05 02:12:45","","501-508","","3","17","","JCRT","","","","","","Whitestone Foundation","","","","","","","","","","","","","Rationalism; Hegemony; Salvation in Christianity","","","","","","","","","","","","","","","","","","","","","","","","","","","","","","","","","","","","","","","","","","","","","","",""
"N39MQ3EC","journalArticle","2018","GREEN, ROGER","THE SEMIOTICS OF THE UNCONSCIOUS IN GILLES DELEUZE AND ROLAND BARTHES.","Journal for Cultural & Religious Theory","","15305228","","https://research.ebsco.com/plink/ee7818b0-1b34-3f8c-843b-cec58b597538","","2018","2026-02-05 00:51:18","2026-02-05 02:12:45","","509-522","","3","17","","JCRT","","","","","","Whitestone Foundation","","","","","","","","","","","","","Semiotics; 1925-1995; Anti-Oedipus (Book); Deleuze; Gilles","","","","","","","","","","","","","","","","","","","","","","","","","","","","","","","","","","","","","","","","","","","","","","",""
"8GA8G2IK","journalArticle","2018","KAVOULAKOS, KONSTANTINOS","PHILOSOPHICAL ANTHROPOLOGY OR PHILOSOPHY OF PRAXIS? AXEL HONNETH AND ANDREW FEENBERG ON LUKACS' THEORY OF REIFICATION.","Journal for Cultural & Religious Theory","","15305228","","https://research.ebsco.com/plink/1b1d11ea-b254-3556-89e4-53b1d80af659","","2018","2026-02-05 00:51:18","2026-02-05 02:12:45","","522-526","","3","17","","JCRT","","","","","","Whitestone Foundation","","","","","","","","","","","","","Philosophy; Anthropology","","","","","","","","","","","","","","","","","","","","","","","","","","","","","","","","","","","","","","","","","","","","","","",""
"96VJ5DVK","journalArticle","2018","RHODES, DANIEL","TIME EMPTIED AND TIME RENEWED: THE DOMINION OF CAPITAL AND A THEO-POLITICS OF CONTRETEMPS.","Journal for Cultural & Religious Theory","","15305228","","https://research.ebsco.com/plink/836d7297-c21c-3e7f-baf2-9ec20782b572","","2018","2026-02-05 00:51:18","2026-02-05 02:12:45","","527-557","","3","17","","JCRT","","","","","","Whitestone Foundation","","","","","","","","","","","","","Communism; Practical politics","","","","","","","","","","","","","","","","","","","","","","","","","","","","","","","","","","","","","","","","","","","","","","",""
"EMS3ARU9","journalArticle","2018","SCHMIDT, JOCHEN","LIFE AS ART: AESTHETIC VIRTUE AND MORAL OBLIGATION.","Journal for Cultural & Religious Theory","","15305228","","https://research.ebsco.com/plink/cb4c5e86-7843-357b-90ae-0b02257951d7","","2018","2026-02-05 00:51:18","2026-02-05 02:12:45","","558-564","","3","17","","JCRT","","","","","","Whitestone Foundation","","","","","","","","","","","","","Psychology; Behavioral ethics; Ethicists","","","","","","","","","","","","","","","","","","","","","","","","","","","","","","","","","","","","","","","","","","","","","","",""
"YGHQ75KV","journalArticle","2018","SONI, RAJI SINGH","TRAVERSING W.H. AUDEN'S RELIGIOUS AND AESTHETIC STATES.","Journal for Cultural & Religious Theory","","15305228","","https://research.ebsco.com/plink/e14831de-03de-3a5a-a576-650b51f486cd","","2018","2026-02-05 00:51:18","2026-02-05 02:12:45","","566-587","","3","17","","JCRT","","","","","","Whitestone Foundation","","","","","","","","","","","","","Theology; Rationalism; Grantmaking Foundations; Scholarships","","","","","","","","","","","","","","","","","","","","","","","","","","","","","","","","","","","","","","","","","","","","","","",""
"AADAE3SL","journalArticle","2018","TUTT, DANIEL","LOVE, PSYCHOANALYSIS, AND LEFTIST POLITICAL ONTOLOGY.","Journal for Cultural & Religious Theory","","15305228","","https://research.ebsco.com/plink/164beff1-7805-3c81-bdef-3e94d22ff70d","","2018","2026-02-05 00:51:18","2026-02-05 02:12:45","","587-601","","3","17","","JCRT","","","","","","Whitestone Foundation","","","","","","","","","","","","","Ontology; Psychoanalysis","","","","","","","","","","","","","","","","","","","","","","","","","","","","","","","","","","","","","","","","","","","","","","",""
"AUW9YGIJ","journalArticle","2018","YONKER, MADELINE","THE BELL JAR'S NEW LOOK - SYLVIA PLATH, SIMONE DE BEAUVOIR, AND THE VISUAL REPRESENTATION OF FEMINIST DISCOURSE.","Journal for Cultural & Religious Theory","","15305228","","https://research.ebsco.com/plink/0994c1f3-1c24-31ec-8caf-75d145e570ca","","2018","2026-02-05 00:51:18","2026-02-05 02:12:45","","602-605","","3","17","","JCRT","","","","","","Whitestone Foundation","","","","","","","","","","","","","Equality; Feminist theory","","","","","","","","","","","","","","","","","","","","","","","","","","","","","","","","","","","","","","","","","","","","","","",""
"2TI96BNL","journalArticle","2018","LAWRENCE, JOSHUA","LACAN, LEVINAS, AND THE POLITICS OF THE SUBJECT.","Journal for Cultural & Religious Theory","","15305228","","https://research.ebsco.com/plink/cca7c2e7-0d5a-37d6-afdb-00cd2217564c","","2018","2026-02-05 00:51:18","2026-02-05 02:12:45","","606-612","","3","17","","JCRT","","","","","","Whitestone Foundation","","","","","","","","","","","","","Intellectual life; Practical politics","","","","","","","","","","","","","","","","","","","","","","","","","","","","","","","","","","","","","","","","","","","","","","",""
"3WVDFP7I","journalArticle","2018","HAGEDORN, LUDGER; STAUDIGL, MICHAEL","ON SECULARISM AND ITS DISCONTENTS: CHARTING PATHWAYS WITH A PHENOMENOLOGY OF RELIGION.","Journal for Cultural & Religious Theory","","15305228","","https://research.ebsco.com/plink/cc561b92-56d9-3d5c-bc55-4ea1f45c2c52","It was in Vienna where, nearly 90 years ago, Sigmund Freud's groundbreaking critique of modern civilization appeared. Civilization and Its Discontents, as it was entitled in the English translation, became one of the 20th century's seminal books and indeed has significantly shaped the modern worldview and selfunderstanding. The discontents-in plural form-about which it speaks can easily be reduced to one single finding: modern man is unhappy. Unhappiness is the consequence of man's life within the constraints of society and the enforced renunciation of his instinctual desires. The original German title Das Unbehagen in der Kultur, literally to be translated as","2018","2026-02-05 00:51:18","2026-02-05 02:12:45","","238-253","","2","17","","JCRT","","","","","","Whitestone Foundation","","","","","","","","","","","","","Religion; Secularism; Phenomenology","","","","","","","","","","","","","","","","","","","","","","","","","","","","","","","","","","","","","","","","","","","","","","",""
"H2MMP7XL","journalArticle","2018","PROLE, DRAGAN","THE THEOLOGICAL TURN OF PHENOMENOLOGY AS RETURN: HEDWIG CONRAD-MARTIUS AND MAX SCHELER VERSUS THE HUSSERLIAN SECULAR BREAKTHROUGH.","Journal for Cultural & Religious Theory","","15305228","","https://research.ebsco.com/plink/18e34d38-0a40-39fe-80c2-5f9e8a93ccab","The intent of this paper is to show that the","2018","2026-02-05 00:51:18","2026-02-05 02:12:45","","253-267","","2","17","","JCRT","","","","","","Whitestone Foundation","","","","","","","","","","","","","1874-1928; Max; Phenomenology; Scheler; 1888-1966; Conrad-Martius; Hedwig","","","","","","","","","","","","","","","","","","","","","","","","","","","","","","","","","","","","","","","","","","","","","","",""
"368QDULT","journalArticle","2018","EVINK, EDDO","RELIGIOUS LIFE AFTER RELIGION: JAN PATOČKA'S CARE FOR THE SOUL AND ITS RELATION TO RELIGION.","Journal for Cultural & Religious Theory","","15305228","","https://research.ebsco.com/plink/f06e271b-7809-306e-b212-b8ecdf8d0137","The much debated allegation of the","2018","2026-02-05 00:51:18","2026-02-05 02:12:45","","268-280","","2","17","","JCRT","","","","","","Whitestone Foundation","","","","","","","","","","","","","1907-1977; Jan; Patočka; Religious life; Soul","","","","","","","","","","","","","","","","","","","","","","","","","","","","","","","","","","","","","","","","","","","","","","",""
"CSVRVQKS","journalArticle","2018","GSCHWANDTNER, CHRISTINA","PHENOMENOLOGY, HERMENEUTICS AND SCRIPTURE: MARION, HENRY, AND FALQUE ON THE PERSON OF CHRIST.","Journal for Cultural & Religious Theory","","15305228","","https://research.ebsco.com/plink/07c3e062-3121-3be9-bc40-4194527f8dd4","Scriptural passages make a surprising appearance at many crucial points in the philosophical explications of several contemporary thinkers. All of the current religiously inflected phenomenologists have recourse to it or discuss it as a theme: most prominently Michel Henry in Paroles du Christ and Jean-Louis Chrétien in Under the Gaze of the Bible, which are both posited as philosophical readings of Scripture.1 But even when Scripture is not specifically the topic under investigation, examples are often drawn from it in order to illustrate or even prove a point. This is especially true of Jean-Luc Marion who frequently has recourse to biblical passages in order to articulate a phenomenological point: the prodigal son in God without Being, 2 the account of the annunciation in his essay on God as the impossible, the calling of St. Matthew in Being Given, 3 and the sacrifice of Isaac in Negative Certainties.4 Similarly, Emmanuel Falque in his trilogy on the Paschal Triduum often cites Sc","2018","2026-02-05 00:51:18","2026-02-05 02:12:45","","281-297","","2","17","","JCRT","","","","","","Whitestone Foundation","","","","","","","","","","","","","Bible; Hermeneutics; Phenomenology","","","","","","","","","","","","","","","","","","","","","","","","","","","","","","","","","","","","","","","","","","","","","","",""
"PAC9ELLA","journalArticle","2018","RIVERA, JOSEPH","SPIRITUAL EXERCISES IN A SECULAR AGE: PROSPECTS FOR A THEOLOGICAL REDUCTION.","Journal for Cultural & Religious Theory","","15305228","","https://research.ebsco.com/plink/71ee4f45-4512-30df-a56c-e4b51d340a52","Phenomenology, as a particular idiom or style of philosophical reflection, is one not wholly free of theological supposition. Perhaps the learned consensus in the academy today is that philosophical discourse, without first abandoning its judicious commitment to rigor and principled reason, never may have meaningful and fruitful interchange with theology. In many contemporary French currents of phenomenology that flow through to the wider discourse of philosophy of religion there have been strong theological inclinations at play for some time now, whose collective force is able to keep at bay those impulses that might otherwise reconfigure the relationship between philosophy and theology into an antithetical imperative. The inner constitution of philosophy and theology, as recent voices have articulated it, has been strengthened by a spirituality that advances the creature's desire for God under the form of a particular philosophical articulation, the phenomenological reduction, which","2018","2026-02-05 00:51:18","2026-02-05 02:12:45","","307-327","","2","17","","JCRT","","","","","","Whitestone Foundation","","","","","","","","","","","","","Spiritual exercises; Phenomenology; Philosophy & religion","","","","","","","","","","","","","","","","","","","","","","","","","","","","","","","","","","","","","","","","","","","","","","",""
"YM4EEH8U","journalArticle","2018","MARION, JEAN-LUC","THE IRREDUCIBLE.","Journal for Cultural & Religious Theory","","15305228","","https://research.ebsco.com/plink/63d4346d-72e3-39bc-a384-e3619592f451","that which we cannot speak, must we remain silent? Probably-especially if we understand why we cannot say anything about it, and have good reason for not speaking. If there is no good reason to talk about it, then we should stay silent. Yet without this prerequisite of having good reason, we could always resort to silence simply through negligence, carelessness, or more often, bad faith. The inability to say anything, or to have nothing to say, can at times come from our decisions, explicitly or implicitly. At other times, in remaining silent, we persist under the conditions of speaking, namely, by thinking.2 Overall, if the questions we pose concerning that which we deem unspeakable are poor, and incapable of receiving an answer, it remains possible, instead of abolishing them without further trial, to interrogate them in such a way that we might find in them another formulation; a first sense, the original utterance of which was spontaneously prohibited.","2018","2026-02-05 00:51:18","2026-02-05 02:12:45","","328-337","","2","17","","JCRT","","","","","","Whitestone Foundation","","","","","","","","","","","","","Religion; Metaphysics; Silence; God","","","","","","","","","","","","","","","","","","","","","","","","","","","","","","","","","","","","","","","","","","","","","","",""
"KWM82BAV","journalArticle","2018","MURCHADHA, FELIX Ó","A PHENOMENOLOGY OF THE INFINITE: HORIZON, FAITH, LOVE.","Journal for Cultural & Religious Theory","","15305228","","https://research.ebsco.com/plink/20421d8c-a256-319d-9233-d2bd1dc0ec18","The essential relation of the infinite to the finite, suggested already in the word itself, has troubled philosophical thinking at least since Descartes. To speak of the finite and the infinite is already to speak of horizon: the horizon of understanding, the horizon as limitation, the horizon as opening towards and beyond the finite objects of perception and knowledge. From Descartes to Levinas the infinite is the moment of the divine which both implies and problematizes all horizons. The infinite in this sense makes inescapable the question of the possibility of revelation, the horizon in which revelation is or is not possible.","2018","2026-02-05 00:51:18","2026-02-05 02:12:45","","339-352","","2","17","","JCRT","","","","","","Whitestone Foundation","","","","","","","","","","","","","Faith; Love; Phenomenology","","","","","","","","","","","","","","","","","","","","","","","","","","","","","","","","","","","","","","","","","","","","","","",""
"SXAC3YDL","journalArticle","2018","KLUN, BRANKO","Horizon, Transcendence, and Correlation: Some Phenomenological Considerations.","Journal for Cultural & Religious Theory","","15305228","","https://research.ebsco.com/plink/50b5b954-e040-3678-985f-97160353adbc","","2018","2026-02-05 00:51:18","2026-02-05 02:12:45","","353-366","","2","17","","JCRT","","","","","","Whitestone Foundation","","","","","","","","","","","","","Phenomenology; 1859-1938; Edmund; Husserl; Transcendence (Philosophy)","","","","","","","","","","","","","","","","","","","","","","","","","","","","","","","","","","","","","","","","","","","","","","",""
"INRJP9CW","journalArticle","2018","HART, JAMES G.","TRANS-SORTAL KNOWING IN THE CLOUD OF UNKNOWING AND BOOK OF PRIVY COUNSELLING: SOME PHENOMENOLOGICAL CONSIDERATIONS.","Journal for Cultural & Religious Theory","","15305228","","https://research.ebsco.com/plink/0450a52a-6aef-3276-bdf4-dd2901514083","The overall theme of","2018","2026-02-05 00:51:18","2026-02-05 02:12:45","","369-395","","2","17","","JCRT","","","","","","Whitestone Foundation","","","","","","","","","","","","","Philosophy; The (Book); Phenomenology; Cloud of Unknowing","","","","","","","","","","","","","","","","","","","","","","","","","","","","","","","","","","","","","","","","","","","","","","",""
"GNAHCA3P","journalArticle","2018","ALVIS, JASON","THE POLITICAL AS SATURATED PHENOMENON: MARION'S GIVENNESS AND THE IRRECONCILABILITY OF POLITICS AND LOVE.","Journal for Cultural & Religious Theory","","15305228","","https://research.ebsco.com/plink/9477fa69-d4a4-37ba-b936-567b8a1d8f55","Liebe deinen Nächsten. Love your neighbor. The 2013 FPÖ candidate for chancellor of Austria, H.C. Strache, was sharply criticized for the politicization of the command of love in the service of a political agenda that insinuated the governmental","2018","2026-02-05 00:51:18","2026-02-05 02:12:45","","396-414","","2","17","","JCRT","","","","","","Whitestone Foundation","","","","","","","","","","","","","Love; Practical politics; Economic status","","","","","","","","","","","","","","","","","","","","","","","","","","","","","","","","","","","","","","","","","","","","","","",""
"65ZKJTSK","journalArticle","2018","DE WARREN, NICOLAS","DARKNESS OVER THE DEEP: LEVINAS AND THE EVIL OF BEING.","Journal for Cultural & Religious Theory","","15305228","","https://research.ebsco.com/plink/9e2d3516-38d9-33a6-b434-b91cf269e399","The misery of the 20<sup>th</sup> century has indelibly rendered evil the least academic of problems in transforming its enigma into one of the more urgent questions for philosophical reflection in our times, and for some, for all time. As widely acknowledged, the phenomenon of evil poses a fundamental challenge for philosophy as well as theology. Significant is less the acknowledgment of this challenge per se, but the manner in which this challenge is accepted and met:","2018","2026-02-05 00:51:18","2026-02-05 02:12:45","","415-431","","2","17","","JCRT","","","","","","Whitestone Foundation","","","","","","","","","","","","","Theology; Good & evil; National socialism","","","","","","","","","","","","","","","","","","","","","","","","","","","","","","","","","","","","","","","","","","","","","","",""
"EJDCWALP","journalArticle","2018","BORNEMARK, JONNA","PHENOMENOLOGY OF SECULAR SOCIETY AND ITS SCIENTISM.","Journal for Cultural & Religious Theory","","15305228","","https://research.ebsco.com/plink/e1fa86dd-6500-31c3-a96f-ad76bb6e2bf5","Since its inception, phenomenology has been a forceful power against scientism and positivism. For this reason, among others, it has the capacity to give us tools to develop nuanced understandings of religion and to see beyond what Heidegger called onto-theology, i.e., the understanding of the divine as a highest being and as an object of thought on the one hand, and on the other hand, being as a generality. But it has not given us the same nuanced understanding of the secular society. Perhaps this is due to the strong criticisms and skepticisms railed against technology and the modern society, most present, for example, in Heidegger's philosophy, and later even more explicit in the phenomenology of Klaus Held and Michel Henry.1 But these criticisms tend to only be conservative and when posed to political questions, lose their radical force and dynamic capacity. There is also a risk for phenomenology, just as for any philosophy, to lock itself and its criticisms against modern society","2018","2026-02-05 00:51:18","2026-02-05 02:12:45","","432-445","","2","17","","JCRT","","","","","","Whitestone Foundation","","","","","","","","","","","","","Secularism; Phenomenology; Scientism","","","","","","","","","","","","","","","","","","","","","","","","","","","","","","","","","","","","","","","","","","","","","","",""
"KDBEEV9S","journalArticle","2018","MENSCH, JAMES","THE INTERTWINING OF BINDING AND UNBINDING IN THE RELIGIONS OF THE BOOK.","Journal for Cultural & Religious Theory","","15305228","","https://research.ebsco.com/plink/a84860e8-b646-3709-85c6-fdb2ae0157fd","The religions of the book, Islam, Christianity, and Judaism, all accept the Mosaic Pentateuch. They thus share the belief, expressed in Genesis, in a God who fashioned the world. From this belief they draw two very different lessons. The first is a universal claim drawn from the conception of a unique creator of the universe. They assert that the laws that express his creative will are all-encompassing. Philosophically, this translates into a sense that things are","2018","2026-02-05 00:51:18","2026-02-05 02:12:45","","446-454","","2","17","","JCRT","","","","","","Whitestone Foundation","","","","","","","","","","","","","Religion; Bible. Genesis; Wisdom of God","","","","","","","","","","","","","","","","","","","","","","","","","","","","","","","","","","","","","","","","","","","","","","",""
"T3FJT7JK","journalArticle","2018","DODD, JAMES","VIOLENCE AND RELIGION, OR BETWEEN TYRANNY AND CARE.","Journal for Cultural & Religious Theory","","15305228","","https://research.ebsco.com/plink/40694892-3e55-3d6c-8572-5dff3d04d973","Often the discussion of religious violence, as with violence in general, tends to be guided by the question of the justification of violence as a means. Theological variants of just war theory are a case in point. So for example Aquinas, drawing on Augustine, develops a conception of a","2018","2026-02-05 00:51:18","2026-02-05 02:12:45","","455-479","","2","17","","JCRT","","","","","","Whitestone Foundation","","","","","","","","","","","","","Religion; Religiousness; Violence; Justification (Ethics)","","","","","","","","","","","","","","","","","","","","","","","","","","","","","","","","","","","","","","","","","","","","","","",""
"J5MDTRBH","journalArticle","2018","BEINER, RONALD","BENJAMIN'S CONCEPT OF HISTORY AS A SOURCE OF ARENDT'S IDEA OF JUDGMENT.","Journal for Cultural & Religious Theory","","15305228","","https://research.ebsco.com/plink/3e3da664-0e10-356a-ba94-6ac09eccd708","","2018","2026-02-05 00:51:18","2026-02-05 02:12:45","","1-16","","1","17","","JCRT","","","","","","Whitestone Foundation","","","","","","","","","","","","","1892-1940; Benjamin; Walter; 1906-1975; Arendt; Hannah","","","","","","","","","","","","","","","","","","","","","","","","","","","","","","","","","","","","","","","","","","","","","","",""
"Y3HJYGKN","journalArticle","2018","BIELIK-ROBSON, AGATA","LOVE STRONG AS DEATH: JEWS AGAINST HEIDEGGER, ON THE ISSUE OF FINITUDE.","Journal for Cultural & Religious Theory","","15305228","","https://research.ebsco.com/plink/a7a46a81-dfbf-3f5b-b21b-ffbd9ab469a5","","2018","2026-02-05 00:51:19","2026-02-05 02:12:45","","17-36","","1","17","","JCRT","","","","","","Whitestone Foundation","","","","","","","","","","","","","Jews; The; Finite","","","","","","","","","","","","","","","","","","","","","","","","","","","","","","","","","","","","","","","","","","","","","","",""
"GS4GIJPJ","journalArticle","2018","DEAN, JODI","COLLECTIVE DESIRE AND THE PATHOLOGY OF THE INDIVIDUAL.","Journal for Cultural & Religious Theory","","15305228","","https://research.ebsco.com/plink/3ff82b84-5252-3852-b8b8-f857b28b3c7a","","2018","2026-02-05 00:51:19","2026-02-05 02:12:45","","36-49","","1","17","","JCRT","","","","","","Whitestone Foundation","","","","","","","","","","","","","Capitalism; Berardi; Franco","","","","","","","","","","","","","","","","","","","","","","","","","","","","","","","","","","","","","","","","","","","","","","",""
"PKIHSGH3","journalArticle","2018","CAPUTO, JOHN D.","IF THERE IS SUCH A THING: POSSE IPSUM, THE IMPOSSIBLE, AND LE PEUT-ÊTRE MÊME READING CATHERINE KELLER'S CLOUD OF THE IMPOSSIBLE.","Journal for Cultural & Religious Theory","","15305228","","https://research.ebsco.com/plink/111d1fdd-fe87-36b3-a43a-6d831c2309d3","","2018","2026-02-05 00:51:19","2026-02-05 02:12:45","","37-56","","1","17","","JCRT","","","","","","Whitestone Foundation","","","","","","","","","","","","","Catherine; Cloud of the Impossible: Negative Theology & Planetary Entanglement (Book); Keller","","","","","","","","","","","","","","","","","","","","","","","","","","","","","","","","","","","","","","","","","","","","","","",""
"5Z7EXNH4","journalArticle","2018","FITZGERALD, PADRAIC","BIOPOLITICS AND VAJRAYANA BUDDHISM.","Journal for Cultural & Religious Theory","","15305228","","https://research.ebsco.com/plink/19de0c7e-60e4-3412-88b7-0155f8492d23","","2018","2026-02-05 00:51:19","2026-02-05 02:12:45","","50-77","","1","17","","JCRT","","","","","","Whitestone Foundation","","","","","","","","","","","","","Biopolitics (Philosophy); Tantric Buddhism","","","","","","","","","","","","","","","","","","","","","","","","","","","","","","","","","","","","","","","","","","","","","","",""
"E77PIPUQ","journalArticle","2018","OGUNNAIKE, OLUDAMINI","FROM HEATHEN TO SUB-HUMAN: A GENEALOGY OF THE INFLUENCE OF THE DECLINE OF RELIGION ON THE RISE OF MODERN RACISM.","Journal for Cultural & Religious Theory","","15305228","","https://research.ebsco.com/plink/25c2e4cc-260e-30ed-8d57-7d196ff0151e","The medieval European world? knew the black man chiefly as a legend or occasional curiosity, but still as a fellow man? The modern world in contrast, knows the Negro chiefly as a bond slave in the West Indies and America. Add to this the fact that the darker races in other parts of the world have, in the last four centuries lagged behind the flying and even feverish footsteps of Europe, and we face today a widespread assumption throughout the dominant world that color is a mark of inferiority.","2018","2026-02-05 00:51:19","2026-02-05 02:12:45","","78-108","","1","17","","JCRT","","","","","","Whitestone Foundation","","","","","","","","","","","","","Racism; Subordination (Psychology)","","","","","","","","","","","","","","","","","","","","","","","","","","","","","","","","","","","","","","","","","","","","","","",""
"5BWNSU6G","journalArticle","2018","RASCHKE, CARL","A PREFACE TO THE GENEALOGY OF NEOLIBERALISM.","Journal for Cultural & Religious Theory","","15305228","","https://research.ebsco.com/plink/8684f9f8-c3c0-3b00-b910-21b0d62936d6","","2018","2026-02-05 00:51:19","2026-02-05 02:12:45","","109-125","","1","17","","JCRT","","","","","","Whitestone Foundation","","","","","","","","","","","","","Neoliberalism; Genealogy; All Other Personal Services","","","","","","","","","","","","","","","","","","","","","","","","","","","","","","","","","","","","","","","","","","","","","","",""
"5NW3QWAP","journalArticle","2018","RICHARD, ALAN JAY","DREAMING INNOCENCE IN AMERICA: PAUL TILLICH'S RADICAL THEOLOGY OF LIBERATION.","Journal for Cultural & Religious Theory","","15305228","","https://research.ebsco.com/plink/1db9536c-f440-3ced-bfa2-aa4e14594112","","2018","2026-02-05 00:51:19","2026-02-05 02:12:45","","126-156","","1","17","","JCRT","","","","","","Whitestone Foundation","","","","","","","","","","","","","Liberty; 1886-1965; Paul; Tillich","","","","","","","","","","","","","","","","","","","","","","","","","","","","","","","","","","","","","","","","","","","","","","",""
"EPYQZ68J","journalArticle","2018","TAYLOR, VICTOR","JESUS' SPECTRAL INTERVENTION: DERRIDA, CHRISTIANITY, AND","Journal for Cultural & Religious Theory","","15305228","","https://research.ebsco.com/plink/e032f5ff-c9be-3c1e-9fab-4c6872b01c8d","Jesus, who was concerned till manhood with his own personal development, was free from the contagious sickness of his age and his people; free from the inhibited inertia which expends its one activity on the common needs and conveniences of life; free too from the ambition and other desires whose satisfaction, once craved, would have compelled him to make terms with prejudice and vice.","2018","2026-02-05 00:51:19","2026-02-05 02:12:45","","158-189","","1","17","","JCRT","","","","","","Whitestone Foundation","","","","","","","","","","","","","Jesus Christ; Christianity","","","","","","","","","","","","","","","","","","","","","","","","","","","","","","","","","","","","","","","","","","","","","","",""
"ZID54ILE","journalArticle","2018","MURACA, BARBARA","THEOLOGY AS THE PRACTICE OF (RADICAL) ALTERNATIVES: A CHOREOGRAPHIC ENCOUNTER WITH CLOUD OF THE IMPOSSIBLE.","Journal for Cultural & Religious Theory","","15305228","","https://research.ebsco.com/plink/3ff4549e-3c46-31bf-942c-867e7f3be017","","2018","2026-02-05 00:51:19","2026-02-05 02:12:45","","210-226","","1","17","","JCRT","","","","","","Whitestone Foundation","","","","","","","","","","","","","Theology; Cloud of the Impossible: Negative Theology & Planetary Entanglement (Book)","","","","","","","","","","","","","","","","","","","","","","","","","","","","","","","","","","","","","","","","","","","","","","",""
"KZWBYERI","journalArticle","2018","KELLER, CATHERINE","KELLER, RESPONSE TO CAPUTO AND MURACA COSMOPOETIC ENTANGLEMENTS.","Journal for Cultural & Religious Theory","","15305228","","https://research.ebsco.com/plink/e7e89337-1a9b-3129-bfe8-746f12cd71e4","","2018","2026-02-05 00:51:19","2026-02-05 02:12:45","","227-237","","1","17","","JCRT","","","","","","Whitestone Foundation","","","","","","","","","","","","","Theology; John; Caputo","","","","","","","","","","","","","","","","","","","","","","","","","","","","","","","","","","","","","","","","","","","","","","",""
"ZK3DRYT3","journalArticle","2017","BEDDARD, RYNE","#SUBJECTIVITIES: #BLACKLIVESMATTER, AFFROPESSIMISM AND ALAIN BADIOU.","Journal for Cultural & Religious Theory","","15305228","","https://research.ebsco.com/plink/12f73e28-a948-3ef6-abc3-b2f74495a3c1","","2017","2026-02-05 00:51:19","2026-02-05 02:12:45","","1-14","","3","16","","JCRT","","","","","","Whitestone Foundation","","","","","","","","","","","","","1937-; Alain; Badiou; Logics of Worlds (Book); Social conditions of Black people","","","","","","","","","","","","","","","","","","","","","","","","","","","","","","","","","","","","","","","","","","","","","","",""
"MYD2453Y","journalArticle","2017","RASCHKE, CARL","THE END OF THEOLOGY AND THE EVENT OF TRUTH: AN INTRODUCTION","Journal for Cultural & Religious Theory","","15305228","","https://research.ebsco.com/plink/61f39192-e9d3-391e-9827-67726c273bd3","","2017","2026-02-05 00:51:19","2026-02-05 02:12:45","","260-270","","3","16","","JCRT","","","","","","Whitestone Foundation","","","","","","","","","","","","","Genealogy; Salvation in Christianity; All Other Personal Services","","","","","","","","","","","","","","","","","","","","","","","","","","","","","","","","","","","","","","","","","","","","","","",""
"6IM39686","journalArticle","2017","DAVIS, BENJAMIN P.","A/THEOLOGIES OF THE IMPOSSIBLE: ANTIGONE, WEIL, BADIOU AND THE STRANGE.","Journal for Cultural & Religious Theory","","15305228","","https://research.ebsco.com/plink/d8f84cc2-6537-363e-9160-dc1a3c970c98","","2017","2026-02-05 00:51:19","2026-02-05 02:12:45","","271-293","","3","16","","JCRT","","","","","","Whitestone Foundation","","","","","","","","","","","","","Humanities; International Affairs; Peace Corps (U.S.); Sexual assault","","","","","","","","","","","","","","","","","","","","","","","","","","","","","","","","","","","","","","","","","","","","","","",""
"IRLLKYGI","journalArticle","2017","CONGDON, DAVID W.","""SEE WHAT IS COMING TO PASS AND NOT ONLY WHAT IS"": ALAIN BADIOU AND THE POSSIBILITY OF A POSTMETAPHYSICAL THEOLOGY.","Journal for Cultural & Religious Theory","","15305228","","https://research.ebsco.com/plink/898ec6df-e99c-3e0f-a169-d12415d3de21","","2017","2026-02-05 00:51:19","2026-02-05 02:12:45","","294-329","","3","16","","JCRT","","","","","","Whitestone Foundation","","","","","","","","","","","","","Ontology; 1937-; Alain; Badiou; God Is Dead (Book)","","","","","","","","","","","","","","","","","","","","","","","","","","","","","","","","","","","","","","","","","","","","","","",""
"RUZX28RP","journalArticle","2017","PHELPS, HOLLIS","BADIOU AND THE NECESSITY OF FABLES: OR, THEOLOGY AS FABULATION.","Journal for Cultural & Religious Theory","","15305228","","https://research.ebsco.com/plink/8793c19b-9dfd-3e9b-a9e7-c62245e55002","","2017","2026-02-05 00:51:19","2026-02-05 02:12:45","","330-346","","3","16","","JCRT","","","","","","Whitestone Foundation","","","","","","","","","","","","","Theology; 1937-; Alain; Badiou","","","","","","","","","","","","","","","","","","","","","","","","","","","","","","","","","","","","","","","","","","","","","","",""
"WV9JL7ZG","journalArticle","2017","LEUNG, KING-HO","UNIVOCITY FOR MILITANTS: SET-THEORETICAL ONTOLOGY AND THE DEATH OF THE ONE.","Journal for Cultural & Religious Theory","","15305228","","https://research.ebsco.com/plink/c13bc7cd-0f5e-302c-8359-2979c5a3306f","","2017","2026-02-05 00:51:19","2026-02-05 02:12:45","","347-366","","3","16","","JCRT","","","","","","Whitestone Foundation","","","","","","","","","","","","","Theology; Nonfiction; 1937-; Alain; Badiou; Being & Event (Book)","","","","","","","","","","","","","","","","","","","","","","","","","","","","","","","","","","","","","","","","","","","","","","",""
"7NZPHWMW","journalArticle","2017","WEAVER, TAYLOR","BADIOU AND PAULINE THEOLOGY: DETECTING A THEOLOGY OF DEATH.","Journal for Cultural & Religious Theory","","15305228","","https://research.ebsco.com/plink/b78ca9d2-a294-3650-a2d4-2ae4e0fa3bcd","","2017","2026-02-05 00:51:19","2026-02-05 02:12:45","","367-381","","3","16","","JCRT","","","","","","Whitestone Foundation","","","","","","","","","","","","","Secularization (Theology); Theologians; 1937-; Alain; Badiou","","","","","","","","","","","","","","","","","","","","","","","","","","","","","","","","","","","","","","","","","","","","","","",""
"8QNPRQU8","journalArticle","2017","OSSERMAN, JORDAN","""REAL CIRCUMCISION IS A MATTER OF THE HEART"": ON BADIOU'S PAUL AND BOYARIN'S JEWISH QUESTION.","Journal for Cultural & Religious Theory","","15305228","","https://research.ebsco.com/plink/d5b58433-10ff-34ee-b0d0-09e285bf8473","","2017","2026-02-05 00:51:19","2026-02-05 02:12:45","","382-402","","3","16","","JCRT","","","","","","Whitestone Foundation","","","","","","","","","","","","","Nonfiction; The (Book); 1937-; Alain; Badiou; A (Book); Boyarin; Daniel; Jewish identity; Politics of Identity; Radical Jew; Saint Paul: La fondation de l'universalisme (Book)","","","","","","","","","","","","","","","","","","","","","","","","","","","","","","","","","","","","","","","","","","","","","","",""
"ANHYTHRE","journalArticle","2017","KARLSEN, MADS PETER","THE TRUTH OF PAUL ACCORDING TO ALAIN BADIOU.","Journal for Cultural & Religious Theory","","15305228","","https://research.ebsco.com/plink/b410085e-8c18-3d63-8ba4-80b7be871fcb","","2017","2026-02-05 00:51:20","2026-02-05 02:12:45","","403-436","","3","16","","JCRT","","","","","","Whitestone Foundation","","","","","","","","","","","","","Theology; Nonfiction; 1937-; Alain; Badiou; Saint Paul: La fondation de l'universalisme (Book)","","","","","","","","","","","","","","","","","","","","","","","","","","","","","","","","","","","","","","","","","","","","","","",""
"38A6LZA7","journalArticle","2017","MAROVICH, BEATRICE; DUBILET, ALEX","NEGOTIATING TERRAIN: GENDER AND THE POSTSECULAR?","Journal for Cultural & Religious Theory","","15305228","","https://research.ebsco.com/plink/fbc31459-f425-3482-b642-7044de9c371e","","2017","2026-02-05 00:51:20","2026-02-05 02:12:45","","109-125","","2","16","","JCRT","","","","","","Whitestone Foundation","","","","","","","","","","","","","Postsecularism; Gender differences (Psychology)","","","","","","","","","","","","","","","","","","","","","","","","","","","","","","","","","","","","","","","","","","","","","","",""
"RHDJXA7C","journalArticle","2017","Armstrong, Amaryah","OF FLESH AND SPIRIT: RACE, REPRODUCTION, AND SEXUAL DIFFERENCE IN THE TURN TO PAUL.","Journal for Cultural & Religious Theory","","15305228","","https://research.ebsco.com/plink/dfdfda24-d750-32db-819d-6adb900db2cb","","2017","2026-02-05 00:51:20","2026-02-05 02:12:45","","126-141","","2","16","","JCRT","","","","","","Whitestone Foundation","","","","","","","","","","","","","Gender differences (Psychology); Race discrimination; Reproduction","","","","","","","","","","","","","","","","","","","","","","","","","","","","","","","","","","","","","","","","","","","","","","",""
"W8PB3GLT","journalArticle","2017","BRAY, KAREN","ON IGNORANT AND INSIGHTFUL CHICKENS: WHY ŽIŽEKIAN POST SECULARITY NEEDS HALBERSTAM'S SHADOW FEMINISM.","Journal for Cultural & Religious Theory","","15305228","","https://research.ebsco.com/plink/259d079d-8153-35fe-97d3-994d570ff0f3","","2017","2026-02-05 00:51:20","2026-02-05 02:12:45","","142-162","","2","16","","JCRT","","","","","","Whitestone Foundation","","","","","","","","","","","","","Feminism; Postsecularism; Gender differences (Psychology)","","","","","","","","","","","","","","","","","","","","","","","","","","","","","","","","","","","","","","","","","","","","","","",""
"94I8P9B6","journalArticle","2017","Dubilet, Alex","THE CATASTROPHIC JOY OF ABANDONING SALVATION: THINKING THE POSTSECULAR WITH GEORGES BATAILLE.","Journal for Cultural & Religious Theory","","15305228","","https://research.ebsco.com/plink/5b0a6c66-72f1-386b-9d8b-2f00afeb93d4","","2017","2026-02-05 00:51:20","2026-02-05 02:12:45","","163-178","","2","16","","JCRT","","","","","","Whitestone Foundation","","","","","","","","","","","","","Salvation; Postsecularism; Catastrophism (Polish literature)","","","","","","","","","","","","","","","","","","","","","","","","","","","","","","","","","","","","","","","","","","","","","","",""
"5MWJ7XVH","journalArticle","2017","MAROVICH, BEATRICE","RELIGION, SECULARITY, GENDER, VIOLENCE, & DEATH.","Journal for Cultural & Religious Theory","","15305228","","https://research.ebsco.com/plink/34440ded-697c-3fa3-b01c-5b0be2e5f9d6","","2017","2026-02-05 00:51:21","2026-02-05 02:12:45","","179-195","","2","16","","JCRT","","","","","","Whitestone Foundation","","","","","","","","","","","","","Religion; Violence; Religion & gender; Religion & secularism","","","","","","","","","","","","","","","","","","","","","","","","","","","","","","","","","","","","","","","","","","","","","","",""
"P32SW4UI","journalArticle","2017","MEYER, ERIC DARYL","BEYOND ECOLOGICAL DEMOCRACY: BLACK FEMINIST THOUGHT AND THE END OF MAN.","Journal for Cultural & Religious Theory","","15305228","","https://research.ebsco.com/plink/b5bd4399-26b6-3a1d-99d5-12f35b2be675","","2017","2026-02-05 00:51:21","2026-02-05 02:12:45","","196-211","","2","16","","JCRT","","","","","","Whitestone Foundation","","","","","","","","","","","","","Democracy; Black feminists","","","","","","","","","","","","","","","","","","","","","","","","","","","","","","","","","","","","","","","","","","","","","","",""
"I3PZ3HUV","journalArticle","2017","MOODY, KATHARINE SARAH","WHAT'S MISSING IN THE TURN TO PAUL?: IDENTITY AND DIFFERENCE IN POSTSECULAR THEOLOGY.","Journal for Cultural & Religious Theory","","15305228","","https://research.ebsco.com/plink/5fa9fcda-e7d7-3cc7-a89f-9920ce943d24","","2017","2026-02-05 00:51:21","2026-02-05 02:12:45","","212-239","","2","16","","JCRT","","","","","","Whitestone Foundation","","","","","","","","","","","","","Theology; Postsecularism","","","","","","","","","","","","","","","","","","","","","","","","","","","","","","","","","","","","","","","","","","","","","","",""
"7ALLEC7L","journalArticle","2017","ROSE, MARIKA","MACHINES OF LOVING GRACE: ANGELS, CYBORGS, AND POSTSECULAR LABOUR.","Journal for Cultural & Religious Theory","","15305228","","https://research.ebsco.com/plink/301b9476-5969-3f5f-bfcc-312db3c9264e","","2017","2026-02-05 00:51:21","2026-02-05 02:12:45","","240-259","","2","16","","JCRT","","","","","","Whitestone Foundation","","","","","","","","","","","","","Postsecularism; Angels; Cyborgs","","","","","","","","","","","","","","","","","","","","","","","","","","","","","","","","","","","","","","","","","","","","","","",""
"X4JDJQ3Q","journalArticle","2016","FIGUEIREDO, SERGIO C.","INTRODUCTION TO THE JOURNAL OF CULTURAL AND RELIGIOUS THEORY SPECIAL ISSUE ON","Journal for Cultural & Religious Theory","","15305228","","https://research.ebsco.com/plink/6189cdd1-97a1-38c8-841d-97deccd2201e","","2016","2026-02-05 00:51:21","2026-02-05 02:12:45","","1-4","","1","16","","JCRT","","","","","","Whitestone Foundation","","","","","","","","","","","","","Taylor; Humanities; Gregory L.; Ulmer; Victor","","","","","","","","","","","","","","","","","","","","","","","","","","","","","","","","","","","","","","","","","","","","","","",""
"XMQQUJS9","journalArticle","2016","RASCHKE, CARL","THE CIVIC HUMANITIES AND THE CRISIS OF NEOLIBERALISM.","Journal for Cultural & Religious Theory","","15305228","","https://research.ebsco.com/plink/48c890c2-f60d-31d9-8038-273f73244fa5","","2016","2026-02-05 00:51:21","2026-02-05 02:12:45","","5-22","","1","16","","JCRT","","","","","","Whitestone Foundation","","","","","","","","","","","","","Neoliberalism; Financial crises; Humanities","","","","","","","","","","","","","","","","","","","","","","","","","","","","","","","","","","","","","","","","","","","","","","",""
"WTPRXYWN","journalArticle","2016","LI, HUI-CHUN","CIVIC ENGAGEMENTS THROUGH A TRANSDUCTIVE DISCOURSE OF CARE.","Journal for Cultural & Religious Theory","","15305228","","https://research.ebsco.com/plink/a52de44f-89f0-3473-9474-17bff8531973","","2016","2026-02-05 00:51:21","2026-02-05 02:12:45","","23-39","","1","16","","JCRT","","","","","","Whitestone Foundation","","","","","","","","","","","","","Community involvement; Cyberculture; Distraction","","","","","","","","","","","","","","","","","","","","","","","","","","","","","","","","","","","","","","","","","","","","","","",""
"TK62CGRY","journalArticle","2016","FERGUSON, LYDIA E.","RESEARCHING THE PAST TO WRITE THE PRESENT: ARCHIVAL RESEARCH, CIVIC ENGAGEMENT, AND LIBERAL ARTS ADVOCACY.","Journal for Cultural & Religious Theory","","15305228","","https://research.ebsco.com/plink/fa113db5-936c-3fb2-8480-8ecc22edeee5","","2016","2026-02-05 00:51:21","2026-02-05 02:12:45","","40-51","","1","16","","JCRT","","","","","","Whitestone Foundation","","","","","","","","","","","","","Community involvement; Cultural property; Historical Sites; Humanistic education","","","","","","","","","","","","","","","","","","","","","","","","","","","","","","","","","","","","","","","","","","","","","","",""
"VW744EBQ","journalArticle","2016","O'BRIEN, APRIL","THE GHOSTS OF PENDLETON: ARTIST'S STATEMENT.","Journal for Cultural & Religious Theory","","15305228","","https://research.ebsco.com/plink/6867495b-cfcb-3b30-a650-4838e994886a","","2016","2026-02-05 00:51:21","2026-02-05 02:12:45","","52-55","","1","16","","JCRT","","","","","","Whitestone Foundation","","","","","","","","","","","","","Social justice; Humanities; Ulmer; Gregory","","","","","","","","","","","","","","","","","","","","","","","","","","","","","","","","","","","","","","","","","","","","","","",""
"EKKYFWZV","journalArticle","2016","CARSON, A. D.","OWNING MY MASTERS: AN ARTIST'S INTRODUCTION.","Journal for Cultural & Religious Theory","","15305228","","https://research.ebsco.com/plink/35380897-2f7d-3aae-bbc7-5d624ee45bf5","","2016","2026-02-05 00:51:21","2026-02-05 02:12:45","","56-57","","1","16","","JCRT","","","","","","Whitestone Foundation","","","","","","","","","","","","","Hip-hop culture; Rap music; Spoken word poetry","","","","","","","","","","","","","","","","","","","","","","","","","","","","","","","","","","","","","","","","","","","","","","",""
"XQEQFUZ7","journalArticle","2016","FIGUEIREDO, SERGIO C.","THEOPRAXESIS AND THE FUTURE OF H'MMM IN THE UNIVERSITY: AN INTERVIEW WITH GREGORY L. ULMER.","Journal for Cultural & Religious Theory","","","","https://research.ebsco.com/plink/883d6a61-a9b7-3fe7-b544-17ba6fc3915b","","2016","2026-02-05 00:51:21","2026-02-05 02:12:45","","","","1","16","","JCRT","","","","","","Whitestone Foundation","","","","","","","","","","","","","Humanities; Gregory L.; Ulmer; Art","","","","","","","","","","","","","","","","","","","","","","","","","","","","","","","","","","","","","","","","","","","","","","",""
"TBXW26XE","journalArticle","2016","STOWE, S. ANDREW; SOUSANIS, NICK","AN INTERVIEW WITH NICK SOUSANIS","Journal for Cultural & Religious Theory","","","","https://research.ebsco.com/plink/faf994f5-325d-3705-b721-6fe46ac44a31","","2016","2026-02-05 00:51:21","2026-02-05 02:12:45","","74-83","","1","16","","JCRT","","","","","","Whitestone Foundation","","","","","","","","","","","","","etc.; Comic book artists; Comic books; Commercial Printing (except Screen and Books); Nick; Other printing; Periodical Publishers; Sousanis; strips","","","","","","","","","","","","","","","","","","","","","","","","","","","","","","","","","","","","","","","","","","","","","","",""
"PP6HLM5V","journalArticle","2016","TAYLOR, VICTOR; Giroux, Henry","An Interview with Henry Giroux","Journal for Cultural & Religious Theory","","","","https://research.ebsco.com/plink/5caf9617-5574-31f0-a93e-0b3a993c80c2","","2016","2026-02-05 00:51:21","2026-02-05 02:12:45","","163-175","","1","16","","JCRT","","","","","","Whitestone Foundation","","","","","","","","","","","","","1943-; Administration of General Economic Programs; Giroux; Henry A.; Municipal art; Social criticism","","","","","","","","","","","","","","","","","","","","","","","","","","","","","","","","","","","","","","","","","","","","","","",""
"UZV9BC8D","journalArticle","2016","CLAY-ROBINSON, SHELLY","STREET ART AND CIVIC DIALOGUE: AN INTERVIEW WITH GAIA.","Journal for Cultural & Religious Theory","","","","https://research.ebsco.com/plink/282e43f9-8e36-3cf3-8939-a623f6df6efd","","2016","2026-02-05 00:51:21","2026-02-05 02:12:45","","","","1","16","","JCRT","","","","","","Whitestone Foundation","","","","","","","","","","","","","Graffiti; Mural art; Street artists","","","","","","","","","","","","","","","","","","","","","","","","","","","","","","","","","","","","","","","","","","","","","","",""
"WDJK68QN","journalArticle","2016","WAGGONER, MATT","JUDITH BUTLER'S SENSES OF THE SUBJECT.","Journal for Cultural & Religious Theory","","15305228","","https://research.ebsco.com/plink/1b17dd07-e395-34bf-bfce-c1664c7ef627","","2016","2026-02-05 00:51:21","2026-02-05 02:12:45","","95-108","","1","16","","JCRT","","","","","","Whitestone Foundation","","","","","","","","","","","","","Fiction; 1956-; Butler; Conception; Judith; Senses of the Subject (Book)","","","","","","","","","","","","","","","","","","","","","","","","","","","","","","","","","","","","","","","","","","","","","","",""
"F25254PW","journalArticle","2016","ALMANZA, MARIA; ALDINGER, JOSEPH","INTRODUCTION.","Journal for Cultural & Religious Theory","","15305228","","https://research.ebsco.com/plink/f1ee94bf-eff5-33f9-ac5a-f29cef96d4ae","An introduction is presented in which editors discuss various reports within the issue on topics including feminist disability studies, aesthetic principles, and symbolic use of disability.","2016","2026-02-05 00:51:21","2026-02-05 02:12:45","","1-3","","2","15","","JCRT","","","","","","Whitestone Foundation","","","","","","","","","","","","","Religion; Disabilities; Feminists","","","","","","","","","","","","","","","","","","","","","","","","","","","","","","","","","","","","","","","","","","","","","","",""
"KE5IIFMI","journalArticle","2016","SIEBERS, TOBIN","THE MAD WOMEN PROJECT: DISABILITY AND THE AESTHETICS OF HUMAN DISQUALIFICATION.","Journal for Cultural & Religious Theory","","15305228","","https://research.ebsco.com/plink/62a65e3d-2141-3098-a575-f243a79aaf22","The author discusses how arts captures women with mental disability and the aesthetics of human disqualification based on the","2016","2026-02-05 00:51:21","2026-02-05 02:12:45","","4-25","","2","15","","JCRT","","","","","","Whitestone Foundation","","","","","","","","","","","","","Arts & psychology; Park Young-sook; Women with intellectual disabilities","","","","","","","","","","","","","","","","","","","","","","","","","","","","","","","","","","","","","","","","","","","","","","",""
"W8QAVZH7","journalArticle","2016","VALENTE, JOSEPH","THERE'S A GIRL INSIDE.","Journal for Cultural & Religious Theory","","15305228","","https://research.ebsco.com/plink/d0eecabb-29ba-368b-813e-2d209d2ab778","The article critiques the film","2016","2026-02-05 00:51:21","2026-02-05 02:12:45","","16-21","","2","15","","JCRT","","","","","","Whitestone Foundation","","","","","","","","","","","","","1968-; Autism; Docter; Inside Out (Film); Pete","","","","","","","","","","","","","","","","","","","","","","","","","","","","","","","","","","","","","","","","","","","","","","",""
"CIGWATBN","journalArticle","2016","FOX, ANN M.","PEEKING UNDER THE VEIL: NIKI DE SAINT PHALLE'S THE BRIDE AND/AS FEMINIST DISABILITY AESTHETICS.","Journal for Cultural & Religious Theory","","","","https://research.ebsco.com/plink/f3b30cf9-fb50-318b-aa11-3536d683d00c","An essay is presented on feminist disability studies focusing on the sculpture","2016","2026-02-05 00:51:21","2026-02-05 02:12:45","","","","2","15","","JCRT","","","","","","Whitestone Foundation","","","","","","","","","","","","","Feminists; De Saint Palle; Niki; Sculpture","","","","","","","","","","","","","","","","","","","","","","","","","","","","","","","","","","","","","","","","","","","","","","",""
"JNIRGMIV","journalArticle","2016","REID, COLBEY EMMERSON","THE GROTTESCHE DESIGNS OF H.G. WELLS (OR, CRIPPING STYLE).","Journal for Cultural & Religious Theory","","","","https://research.ebsco.com/plink/bd86127f-28c4-3f63-b6f7-4128a8c7bff5","An essay is presented on related to neoclassical pattern design grottesche which was featured in the science fiction novel","2016","2026-02-05 00:51:21","2026-02-05 02:12:45","","","","2","15","","JCRT","","","","","","Whitestone Foundation","","","","","","","","","","","","","1866-1946; H. G. (Herbert George); Island of Dr. Moreau; Neoclassicism (Art); The (Book : Wells); Wells","","","","","","","","","","","","","","","","","","","","","","","","","","","","","","","","","","","","","","","","","","","","","","",""
"U89TL7QE","journalArticle","2016","SANCHEZ, REBECCA","""PERFECT INTERINDEPENDENCY"": REPRESENTING CRIP FUTURITY IN BECKETT'S MERCIER AND CAMIER","Journal for Cultural & Religious Theory","","","","https://research.ebsco.com/plink/ca9dddee-a9cf-3ad7-a43b-2c611e7c53c3","An essay is presented on the representations of crip futurity in the novel","2016","2026-02-05 00:51:21","2026-02-05 02:12:45","","","","2","15","","JCRT","","","","","","Whitestone Foundation","","","","","","","","","","","","","People with disabilities; 1906-1989; Beckett; Mercier & Camier (Book); Samuel","","","","","","","","","","","","","","","","","","","","","","","","","","","","","","","","","","","","","","","","","","","","","","",""
"G2W4PB4V","journalArticle","2016","VALENTE, JOSEPH","IS THE AU IN AUTISM THE AU IN AUTONOMY?","Journal for Cultural & Religious Theory","","15305228","","https://research.ebsco.com/plink/597515ef-ce69-3446-ae12-e38b1d17cc4d","The author discusses how culture can sentimentalize autism as disabled stereotype, as liberal myth of individualism, and as the after image of ego ideal.","2016","2026-02-05 00:51:21","2026-02-05 02:12:45","","71-84","","2","15","","JCRT","","","","","","Whitestone Foundation","","","","","","","","","","","","","Stereotypes; Autism; Psychology & culture","","","","","","","","","","","","","","","","","","","","","","","","","","","","","","","","","","","","","","","","","","","","","","",""
"CRHGJHCR","journalArticle","2016","ALDINGER, JOSEPH M. M.","Narratives of Overcoming: Disability Theory and The Crash Reel.","Journal for Cultural & Religious Theory","","15305228","","https://research.ebsco.com/plink/ded0103c-38dc-3b4a-8698-00e4b2cb8d0d","The article critiques the film","2016","2026-02-05 00:51:21","2026-02-05 02:12:45","","85-97","","2","15","","JCRT","","","","","","Whitestone Foundation","","","","","","","","","","","","","Crash Reel; Lucy; Sports injuries; The (Film); Walker","","","","","","","","","","","","","","","","","","","","","","","","","","","","","","","","","","","","","","","","","","","","","","",""
"QINT9USW","journalArticle","2016","BETCHER, SHARON V.","CRIP/TOGRAPHY: DISABILITY THEOLOGY IN THE RUINS OF GOD.","Journal for Cultural & Religious Theory","","15305228","","https://research.ebsco.com/plink/0d365904-8e9d-36e7-9c8e-241415b1a906","The article offers the author's insights regarding the Crip/tography or the disability theology in the ruins of God and mentions its nostalgia for Jesus as Healer.","2016","2026-02-05 00:51:21","2026-02-05 02:12:45","","98-115","","2","15","","JCRT","","","","","","Whitestone Foundation","","","","","","","","","","","","","Religion; Jesus Christ; Disabilities; Nostalgia","","","","","","","","","","","","","","","","","","","","","","","","","","","","","","","","","","","","","","","","","","","","","","",""
"Z44GL8E5","journalArticle","2015","HAGEDORN, LUDGER; STAUDIGL, MICHAEL; ALVIS, JASON W.","VIOLENCE AND THE GIFT: CHALLENGING CONTINENTAL PHILOSOPHY OF RELIGION.","Journal for Cultural & Religious Theory","","15305228","","https://research.ebsco.com/plink/a646280e-e41a-32b2-9511-bdac79377283","An introduction is presented in which the editor discusses various reports within the issue on philosophy and religion that were discussed at the conference","2015","2026-02-05 00:51:21","2026-02-05 02:12:45","","1-2","","1","15","","JCRT","","","","","","Whitestone Foundation","","","","","","","","","","","","","Philosophy & religion; Austria; Conferences & conventions; Convention and Trade Show Organizers","","","","","","","","","","","","","","","","","","","","","","","","","","","","","","","","","","","","","","","","","","","","","","",""
"LYPAYQVY","journalArticle","2015","WELTEN, RUUD","JEAN-PAUL SARTRE, NOTEBOOKS FOR AN ETHICS: THE ONTOLOGY OF THE GIFT.","Journal for Cultural & Religious Theory","","15305228","","https://research.ebsco.com/plink/fd2631dc-72af-3d4d-81fb-55fb624d7262","The article examines some passages on the gift as they appear in the book","2015","2026-02-05 00:51:21","2026-02-05 02:12:45","","3-15","","1","15","","JCRT","","","","","","Whitestone Foundation","","","","","","","","","","","","","1905-1980; Jean-Paul; Notebooks for an Ethics (Book); Sartre; Spiritual gifts","","","","","","","","","","","","","","","","","","","","","","","","","","","","","","","","","","","","","","","","","","","","","","",""
"DNJJEQJM","journalArticle","2015","COHEN, JOSEPH","HEGEL AND THE GIFT OF SACRIFICE.","Journal for Cultural & Religious Theory","","15305228","","https://research.ebsco.com/plink/feb239ac-67d3-3db7-b5d1-87fe63d91f80","The article discusses the syllogism of the Absolute Concept in the determination of the idea of Life that was revealed by German philosopher Georg Wilhelm Friedrich Hegel in his book","2015","2026-02-05 00:51:21","2026-02-05 02:12:45","","16-22","","1","15","","JCRT","","","","","","Whitestone Foundation","","","","","","","","","","","","","Life; 1770-1831; Georg Wilhelm Friedrich; Hegel; Syllogism","","","","","","","","","","","","","","","","","","","","","","","","","","","","","","","","","","","","","","","","","","","","","","",""
"WIEVLF2C","journalArticle","2015","RASCHKE, CARL","WHAT GIVES? FORCE, GIFT, AND THE ONGOING","Journal for Cultural & Religious Theory","","15305228","","https://research.ebsco.com/plink/d773db4d-89c9-30d6-93ef-45318c736b40","The article discusses the efforts of German philosopher Edmund Husserl to find the roots of philosophy, which he located in the transcendental method, in his book","2015","2026-02-05 00:51:21","2026-02-05 02:12:45","","23-38","","1","15","","JCRT","","","","","","Whitestone Foundation","","","","","","","","","","","","","Philosophy; Transcendentalism (Philosophy); 1859-1938; Edmund; Husserl","","","","","","","","","","","","","","","","","","","","","","","","","","","","","","","","","","","","","","","","","","","","","","",""
"QNIXQVG5","journalArticle","2015","SÁ CAVALCANTE SCHUBACK, MARCIA","NEGATIVE RESPONSIBILITY.","Journal for Cultural & Religious Theory","","15305228","","https://research.ebsco.com/plink/64edce11-0314-37db-9d12-38026bf48cd5","The article discusses the concept of responsibility, according to Czech philosopher Jan Patocka (1907-1977), as a task of transcending subjectivity as self-relation and philosophy as self-reflection.","2015","2026-02-05 00:51:21","2026-02-05 02:12:45","","39-50","","1","15","","JCRT","","","","","","Whitestone Foundation","","","","","","","","","","","","","Responsibility; Subjectivity; 1907-1977; Jan; Patočka","","","","","","","","","","","","","","","","","","","","","","","","","","","","","","","","","","","","","","","","","","","","","","",""
"B7S7H5GI","journalArticle","2015","ALVIS, JASON W.","THE DARK SIDE OF GOD: A CASE FOR INCONSPICUOUS GIVENNESS.","Journal for Cultural & Religious Theory","","15305228","","https://research.ebsco.com/plink/4340e947-4f24-3fd6-b861-224e8ac323e4","The article discusses the paradoxical relation between darkness and light and between presence and absence that is said to have reached its highest potential and challenge in the question of the givenness of God to thought and mentions related issues like Phaeithein, metaphysics, and ontotheology.","2015","2026-02-05 00:51:21","2026-02-05 02:12:45","","51-71","","1","15","","JCRT","","","","","","Whitestone Foundation","","","","","","","","","","","","","God; Light & darkness in the Bible; Paradox","","","","","","","","","","","","","","","","","","","","","","","","","","","","","","","","","","","","","","","","","","","","","","",""
"S2MD5CLA","journalArticle","2015","STEINBOCK, ANTHONY J.","HEIDEGGER, MACHINATION, AND THE JEWISH QUESTION: THE PROBLEM OF THE GIFT.","Journal for Cultural & Religious Theory","","15305228","","https://research.ebsco.com/plink/ab4a2606-eaac-395a-b7ea-d7529f6e7fd1","The article examines the explication by German philosopher Martin Heidegger (1889-1976) of giving and the gift in the context of overcoming metaphysics and calculative thinking and mentions topics such as machination, National Socialism, and Adolf Hitler.","2015","2026-02-05 00:51:21","2026-02-05 02:12:45","","72-89","","1","15","","JCRT","","","","","","Whitestone Foundation","","","","","","","","","","","","","Metaphysics; 1889-1976; Heidegger; Martin; Spiritual gifts","","","","","","","","","","","","","","","","","","","","","","","","","","","","","","","","","","","","","","","","","","","","","","",""
"ASUBP5Z5","journalArticle","2015","STAUDIGL, MICHAEL","UNAVOWED AMBIGUITIES?: A PLEA FOR REASSESSING THE DISCOURSE ON THE GIFT.","Journal for Cultural & Religious Theory","","15305228","","https://research.ebsco.com/plink/772c3e5a-8641-3e61-b11c-e9067eb91cb9","The article examines the deconstructive focus of French philosopher Jacques Derrida (1930-2004) on the gift's purity and the aporia this entails and the discussion of primacy of givenness in phenomenology of religion.","2015","2026-02-05 00:51:21","2026-02-05 02:12:45","","90-104","","1","15","","JCRT","","","","","","Whitestone Foundation","","","","","","","","","","","","","Jacques; 1930-2004; Derrida; Philosophy & religion; Spiritual gifts","","","","","","","","","","","","","","","","","","","","","","","","","","","","","","","","","","","","","","","","","","","","","","",""
"ULXFR7UN","journalArticle","2015","HAGEDORN, LUDGER","RENÉ GIRARD'S THEORY OF SACRIFICE, OR: WHAT IS THE GIFT OF DEATH?","Journal for Cultural & Religious Theory","","15305228","","https://research.ebsco.com/plink/75191856-bcc7-3022-9198-6b7dd4d3fdd9","The article discusses a study by French historian René Girard (1923-2015) titled","2015","2026-02-05 00:51:21","2026-02-05 02:12:45","","105-118","","1","15","","JCRT","","","","","","Whitestone Foundation","","","","","","","","","","","","","Sacrifice; 1923-2015; Girard; René; Violence & the Sacred (Book)","","","","","","","","","","","","","","","","","","","","","","","","","","","","","","","","","","","","","","","","","","","","","","",""
"XDK9ALPI","journalArticle","2015","SIMMONS, J. AARON","INTRODUCTION: THE DIALOGICAL PROMISE OF MASHUP PHILOSOPHY OF RELIGION.","Journal for Cultural & Religious Theory","","15305228","","https://research.ebsco.com/plink/7abfe53b-8d50-3286-ae46-c5554a248c2d","An introduction is presented in which the editor discusses various reports within the issue on topics including the concept of mashup philosophy of religion, mashup music, and the challlenges that mashup philosophy might face as of March 2015.","2015","2026-02-05 00:51:21","2026-02-05 02:12:45","","204-210","","2","14","","JCRT","","","","","","Whitestone Foundation","","","","","","","","","","","","","Philosophy of religion; Philosophy & religion; Mashups (Musical form)","","","","","","","","","","","","","","","","","","","","","","","","","","","","","","","","","","","","","","","","","","","","","","",""
"JLG24PE2","journalArticle","2015","SCHELLENBERG, J. L.","A SHALLOW SPECIES IN DEEP TIME: MODERNISM, POSTMODERNISM, AND OUR PLACE IN THE POTENTIAL HISTORY OF INQUIRY.","Journal for Cultural & Religious Theory","","15305228","","https://research.ebsco.com/plink/28baa17a-77c5-3fbb-ae68-4972b5f88fb8","The article examines the role of deep time in motivating epistemic humility with regard to humans' place in time. Modernism and postmodernism are discussed which are two forms of the philosophy and situates them within the philosophy of religion. An overview of deep time is provided and explores the positive and negative aspects of modernism and post modernism. Also tackled are pessimism and optimism, intellectual humility and consilience, and continental and analytic religious philosophy.","2015","2026-02-05 00:51:21","2026-02-05 02:12:45","","211-225","","2","14","","JCRT","","","","","","Whitestone Foundation","","","","","","","","","","","","","Modernism (Christian theology); Philosophy of religion; Postmodernism (Philosophy); Deep time; Humility; Pessimism","","","","","","","","","","","","","","","","","","","","","","","","","","","","","","","","","","","","","","","","","","","","","","",""
"GHZNF97T","journalArticle","2015","KAVKA, MARTIN","HUMANIZING PHILOSOPHY OF RELIGION: ON LANGUAGE IN LEVINAS AND SELLARS.","Journal for Cultural & Religious Theory","","","","https://research.ebsco.com/plink/3279ad03-d67a-3b1a-b06f-6b739be3d4ad","An essay is presented on the philosophy of religion (PoR) with regard to two orientations to the subject. These orientations are the claim that the PoR's purpose is to promote a set of absolute moral norms and the claim that the field aims to determine whether religious communities' practices are true. Also explored are the tendency of the PoR to enable a thinking subject to make true claims, the mashup PoR, and the canon of modern PoR.","2015","2026-02-05 00:51:21","2026-02-05 02:12:45","","","","2","14","","JCRT","","","","","","Whitestone Foundation","","","","","","","","","","","","","Ethics; Philosophy of religion; Philosophy & religion; Religious communities; Religious humanism; Theory of knowledge (Religion)","","","","","","","","","","","","","","","","","","","","","","","","","","","","","","","","","","","","","","","","","","","","","","",""
"RQZN99JE","journalArticle","2015","SHUSTER, MARTIN","ON THE ETHICAL BASIS OF LANGUAGE: SOME THEMES IN DAVIDSON, CAVELL, AND LEVINAS.","Journal for Cultural & Religious Theory","","","","https://research.ebsco.com/plink/a6f6325e-4fd3-30a1-8079-25ef89260432","An essay is presented on the views of three philosophers on the relationship between being a linguistic agent and an ethical agent with regard to the philosophy of religion. These philosophers are Donald Davidson, Stanley Cavell, and Emmanuel Levinas. Other topics include how understanding language needs community conceptualization, the relationship between language and ethics, and skepticism.","2015","2026-02-05 00:51:21","2026-02-05 02:12:45","","","","2","14","","JCRT","","","","","","Whitestone Foundation","","","","","","","","","","","","","Ethics; 1906-1995; Emmanuel; Lévinas; Philosophy of religion; Language & languages; 1917-2003; 1926-2018; Cavell; Davidson; Donald; Skepticism; Stanley","","","","","","","","","","","","","","","","","","","","","","","","","","","","","","","","","","","","","","","","","","","","","","",""
"ET28DFAZ","journalArticle","2015","LOEWEN, NATHAN R. B.","PROLEGOMENA TO ANY FUTURE MASHUPS WITH THE PHILOSOPHY OF RELIGION.","Journal for Cultural & Religious Theory","","","","https://research.ebsco.com/plink/8021fe71-7c8b-35f9-a29a-ceea174d5e9f","An essay is presented on modern English-language philosophy of religion (PoR) with regard to its possible mashup with other disciplines and as a specialized discussion within philosophy. Topics include critical thinking, a mousetrap analogy that supports the theory that a theistic God exists, and the need for PoR to be transformed and reject classical theism. Also discussed are typical introductory religious studies classroom and introductory approaches of books and scholarly journals.","2015","2026-02-05 00:51:21","2026-02-05 02:12:45","","","","2","14","","JCRT","","","","","","Whitestone Foundation","","","","","","","","","","","","","Theism; Philosophy; Philosophy of religion; God; Philosophy & religion; Commercial Printing (except Screen and Books); Other printing; Periodical Publishers; Critical thinking; Scholarly periodicals","","","","","","","","","","","","","","","","","","","","","","","","","","","","","","","","","","","","","","","","","","","","","","",""
"FEFN7MFW","journalArticle","2015","KNEPPER, TIMOTHY D.","IS MASHUP THE RIGHT METAPHOR?","Journal for Cultural & Religious Theory","","15305228","","https://research.ebsco.com/plink/c2994df7-ed1b-305c-82dc-2e4f34bf4c7a","The article examines mashups as a metaphor for conceptualizing philosophy of religion (PoR). The limitations of the mashup metaphor is explored as well as a critical inquiry method neglected by the mashup metaphor. It offers information on mashup music and proposes a metaphor that fosters productive thinking of PoR. Other topics include the diversity of religious phenomena, the analytic and continental modes of inquiry, and modern PoR.","2015","2026-02-05 00:51:21","2026-02-05 02:12:45","","277-286","","2","14","","JCRT","","","","","","Whitestone Foundation","","","","","","","","","","","","","Metaphor; Philosophy of religion; Philosophy & religion; Mashups (Musical form); Critical thinking","","","","","","","","","","","","","","","","","","","","","","","","","","","","","","","","","","","","","","","","","","","","","","",""
"43JRS8H9","journalArticle","2015","TRAKAKIS, N. N.","PHILOSOPHY MASHED-UP AND IN CRISIS.","Journal for Cultural & Religious Theory","","15305228","","https://research.ebsco.com/plink/3e054c44-d9d6-3599-8c6b-483701f6cb9f","The article presents the author's views on the meta-philosophy of mash-up philosophy of religion (PoR) based on the concept of mashup music. He explores his experience of undertaking a meta-philosophical journey as well as the failure of mash-up philosophy to address issues facing philosophy. Other topics include the auditing culture, the use of neoliberal principles in higher education, and the need for modern philosophers to practice outide conventional institutional boundaries.","2015","2026-02-05 00:51:21","2026-02-05 02:12:45","","287-298","","2","14","","JCRT","","","","","","Whitestone Foundation","","","","","","","","","","","","","Neoliberalism; Philosophy of religion; Philosophy & religion; Mashups (Musical form); Auditing; Higher education","","","","","","","","","","","","","","","","","","","","","","","","","","","","","","","","","","","","","","","","","","","","","","",""
"WQN7MXGR","journalArticle","2015","GSCHWANDTNER, CHRISTINA M.","FAITH: BELIEF OR PRACTICE?","Journal for Cultural & Religious Theory","","15305228","","https://research.ebsco.com/plink/84afc69a-8b42-3a13-b5ac-d27e6c8a15a7","The article presents the author's views on faith with regard to whether it is belief or practice and situates it within the philosophy of religion. The differences between analytical and continental methods of philosophical analysis are discussed as well as faith as a social phenomenon. Other topics include religious language, the conflict between faith and reason, and the features of saintliness.","2015","2026-02-05 00:51:21","2026-02-05 02:12:45","","299-318","","2","14","","JCRT","","","","","","Whitestone Foundation","","","","","","","","","","","","","Faith; Philosophy of religion; Belief & doubt; Logic; Philosophical analysis; Saints","","","","","","","","","","","","","","","","","","","","","","","","","","","","","","","","","","","","","","","","","","","","","","",""
"WS2995AK","journalArticle","2015","HOLDIER, A. G.","MEETING MARY IN MYTH: PURSUING PRE/POST/MODERN APOLOGETICS.","Journal for Cultural & Religious Theory","","15305228","","https://research.ebsco.com/plink/dcd83dfc-3501-3828-a4d0-302c30435bd0","The article presents the author's views on apologetics which is a sub-field of the philosophy of religion. Apologetics refer to writings that justify something or to reasoned arguments. The views of author C. S. Lewis on Christianity's division is explored as well as continental and analytical philosophies of religion. Other topics include philosopher John Caputo's views on the relationship between analytic and continental philosophy.","2015","2026-02-05 00:51:21","2026-02-05 02:12:45","","319-338","","2","14","","JCRT","","","","","","Whitestone Foundation","","","","","","","","","","","","","Apologetics; Philosophy of religion; Religious thought; John; Philosophy & religion; Caputo; 1898-1963; C. S.; Lewis","","","","","","","","","","","","","","","","","","","","","","","","","","","","","","","","","","","","","","","","","","","","","","",""
"QQWB4LQL","journalArticle","2015","FLANAGAN-FEDDON, CHRISTY","TO ""LET RELIGION ITSELF SPEAK:"" FEUERBACH AND RELIGIOUS CONSCIOUSNESS IN MODERN CULTURE","Journal for Cultural & Religious Theory","","15305228","","https://research.ebsco.com/plink/34172335-3a42-3248-9144-6b677ad4a35d","The article presents the author's views on philosopher Ludwig Feuerbach's opinion on religious conciousness in modern culture. Feuerbach's model of religious consciousness is explored which reportedly also demonstrates self-consciousness based on religious feeling. Other topics include the book","2015","2026-02-05 00:51:21","2026-02-05 02:12:45","","338-349","","2","14","","JCRT","","","","","","Whitestone Foundation","","","","","","","","","","","","","Consciousness; Religious studies; Philosophy of religion; 1768-1834; 1804-1872; Feuerbach; Friedrich; Ludwig; On Religion: Speeches to Its Cultured Despisers (Book); Schleiermacher","","","","","","","","","","","","","","","","","","","","","","","","","","","","","","","","","","","","","","","","","","","","","","",""
"VGFE3MLH","journalArticle","2015","WEIDLER, MARKUS","VERNACULAR FUNDAMENTALISM AFTER ŽIŽEK: SOME ETHICAL CONCERNS ABOUT RELIGIOUS ONLINE COMMUNICATION.","Journal for Cultural & Religious Theory","","","","https://research.ebsco.com/plink/191bd3fb-ccb0-3a1f-a9a4-5d828ae0c0bb","An essay is presented on philosopher Slavoj Žižek's promotion of the need to examine the ethical aspects of religious online communication and on professor Robert Glenn Howard's case study, Digital Jesus. It compares both philosophers views on religious online communication and examines the role mashup philosophy of religion on the use of religious language in faith and politics. Also discussed is the nexus between immoralism, extremism, literalism, and dogmatism.","2015","2026-02-05 00:51:21","2026-02-05 02:12:45","","","","2","14","","JCRT","","","","","","Whitestone Foundation","","","","","","","","","","","","","1949-; Slavoj; Žižek; Philosophy of religion; Philosophers; Howard; Religion & ethics; Robert Glenn; Virtual communications","","","","","","","","","","","","","","","","","","","","","","","","","","","","","","","","","","","","","","","","","","","","","","",""
"LIEJ8R99","journalArticle","2015","MULDER JR., JACK","KNOWLEDGE, VIRTUE, AND ONTOTHEOLOGY: A KIERKEGAARDIAN (SELF-)CRITIQUE.","Journal for Cultural & Religious Theory","","15305228","","https://research.ebsco.com/plink/37b52204-6dd6-3989-a625-e9bcfc87c49b","The article examines philosopher Soren Kierkegaarde's views on faith with regard to ontotheology, virtue, and knowledge. Several methods used by Kierkegaarde to discuss faith as an ethical state are explored to illustrate that they can be examined based on the virtue tradition. Also discussed are the continental tradition in philosophy, the philosophy of religion (PoR), and mashup PoR.","2015","2026-02-05 00:51:21","2026-02-05 02:12:45","","377-385","","2","14","","JCRT","","","","","","Whitestone Foundation","","","","","","","","","","","","","Theology; Faith; Philosophy of religion; 1813-1855; Kierkegaard; Søren; Philosophers","","","","","","","","","","","","","","","","","","","","","","","","","","","","","","","","","","","","","","","","","","","","","","",""
"AF6CNK6W","journalArticle","2015","KELLY, MICHAEL R.","THE OBJECT AND AFFECTS OF ENVY AND EMULATION.","Journal for Cultural & Religious Theory","","","","https://research.ebsco.com/plink/a002d50c-5bdf-348c-ab6d-b26635ca7ff1","An essay is presented on the relevance of envy and emulation in the philosophy of religion. It examines virtues to determine the impact of right and wrong perceptions on belief and practice. The subjective dimensions of envy and emulation are explored based on philosopher Aristotle's views on both emotions. Other topics include analytic and continental philosophy, the gap between virtue and vice and the differences between envy and emulation.","2015","2026-02-05 00:51:22","2026-02-05 02:12:45","","","","2","14","","JCRT","","","","","","Whitestone Foundation","","","","","","","","","","","","","Religion; Virtues; Philosophy of religion; Belief & doubt; 384-322 B.C.; Aristotle; Envy; Imitative behavior; Vices","","","","","","","","","","","","","","","","","","","","","","","","","","","","","","","","","","","","","","","","","","","","","","",""
"4G6EGMZG","journalArticle","2015","GRECO, JOHN","DISPOSITIONS, HABITS AND VIRTUES: COMMENTS ON MULDER AND KELLY.","Journal for Cultural & Religious Theory","","15305228","","https://research.ebsco.com/plink/33c1922a-07a3-39e8-b834-57866a6d8292","The article presents the author's views on dispositions, habits and virtues, highlighting the essays by Jack Mulder on philosopher Soren Kierkegaard's heritage on continental philosophy and Michael Kelly on the differences between emulation and envy. Also discussed are philosopher Aristotle's beliefs on habit and virtue, Mulder's claim that love is not a static property, and Kierkegaard's argument that love is unconditional.","2015","2026-02-05 00:51:22","2026-02-05 02:12:45","","402-406","","2","14","","JCRT","","","","","","Whitestone Foundation","","","","","","","","","","","","","Virtues; 1813-1855; Kierkegaard; Søren; 384-322 B.C.; Aristotle; Envy; Imitative behavior; Disposition (Philosophy); Habit","","","","","","","","","","","","","","","","","","","","","","","","","","","","","","","","","","","","","","","","","","","","","","",""
"2EKV9DJB","journalArticle","2015","AIKIN, SCOTT F.","GOD AND ARGUMENT.","Journal for Cultural & Religious Theory","","15305228","","https://research.ebsco.com/plink/8dcc63b8-13a2-3599-94c2-04e7668a16fc","The article presents the author's views on debates on God's existence as of 2015 with regard to why they have persisted and have not been concluded, highlighting philosopher Paul Moser's opinion on the issue. He states that there have been numerous debates on God's existence which is the most significant philosophical issue. Two cynical theories on the issue are explored as well as the arguments of theists and atheists. Other topics include the argument that God is worthy of worship.","2015","2026-02-05 00:51:22","2026-02-05 02:12:45","","407-413","","2","14","","JCRT","","","","","","Whitestone Foundation","","","","","","","","","","","","","Atheism; Philosophy of religion; Proof of God; Debate; Paul; Moser","","","","","","","","","","","","","","","","","","","","","","","","","","","","","","","","","","","","","","","","","","","","","","",""
"HWFBF9UL","journalArticle","2015","MOSER, PAUL K.","GOD AND EPISTEMIC AUTHORITY.","Journal for Cultural & Religious Theory","","15305228","","https://research.ebsco.com/plink/9a1ff271-da51-3818-a322-06971e3e16da","The article presents the author's views on God and epistemic authority. He explores human beings' fabrication of gods for various reasons which include to reflect their imperfect traits. God's epistemic authority is discussed as well as how it can benefit an epistemiology of people's understanding of God. Other topics include epistemic idolatry, curative knowledge, and God's characterstics.","2015","2026-02-05 00:51:22","2026-02-05 02:12:45","","414-424","","2","14","","JCRT","","","","","","Whitestone Foundation","","","","","","","","","","","","","Idolatry; Epistemic logic; God in Christianity; Personality; Virtue epistemology","","","","","","","","","","","","","","","","","","","","","","","","","","","","","","","","","","","","","","","","","","","","","","",""
"D2C2EVMM","journalArticle","2015","SCHILBRACK, KEVIN","THE WEIRD PLACE OF GOD DEBATES IN THE ACADEMIC STUDY OF RELIGIONS.","Journal for Cultural & Religious Theory","","15305228","","https://research.ebsco.com/plink/eababddf-0eef-31ac-af2b-9c5ac02b4c93","The article presents the author's views on the debates about God's existence in the academic study of religions, highlighting the possible mash-ups between the philosophy of religion and other disciplines. He critiques the articles by Scott F. Aikin and Paul K. Moser on the philosophy of religion which are published within the issue. Also discussed are the advantages and disadvantages of mash-ups.","2015","2026-02-05 00:51:22","2026-02-05 02:12:45","","424-429","","2","14","","JCRT","","","","","","Whitestone Foundation","","","","","","","","","","","","","Philosophy of religion; Proof of God; Philosophy & religion; Moser; Aikin; Paul K.; Scott F.","","","","","","","","","","","","","","","","","","","","","","","","","","","","","","","","","","","","","","","","","","","","","","",""
"YYSVPYZH","journalArticle","2014","RASCHKE, CARL; HALE, DAVID","NOT YOUR GRANDMOTHER'S THEORY OF RELIGION: AN INTERVIEW WITH CARL RASCHKE.","Journal for Cultural & Religious Theory","","","","https://research.ebsco.com/plink/e7cc696d-fd0e-3499-ba6a-4bb945ae2c0e","The article presents an interview with journal editor Carl Raschke who discusses his book","2014","2026-02-05 00:51:22","2026-02-05 02:12:45","","","","1","14","","JCRT","","","","","","Whitestone Foundation","","","","","","","","","","","","","Religious studies; Carl; Postmodernism & the Revolution in Religious Theory: Toward a Semiotics of the Event (Book); Raschke","","","","","","","","","","","","","","","","","","","","","","","","","","","","","","","","","","","","","","","","","","","","","","",""
"M74GVDT8","journalArticle","2014","FAGENBLAT, MICHAEL","THE THING THAT SCARES ME MOST: HEIDEGGER'S ANTI-SEMITISM AND THE RETURN TO ZION.","Journal for Cultural & Religious Theory","","15305228","","https://research.ebsco.com/plink/29b5525c-5dcf-3bd1-95a7-a49451ce722c","The article focuses on the aspects of the antisemitism of European philosopher Martin Heidegger and the return to the Zionism, a movement which look towards the creation of the Jewish state in Palestine.","2014","2026-02-05 00:51:22","2026-02-05 02:12:45","","8-24","","1","14","","JCRT","","","","","","Whitestone Foundation","","","","","","","","","","","","","Antisemitism; 1889-1976; Heidegger; Martin; Marketing Research and Public Opinion Polling; Political attitudes; Zionism","","","","","","","","","","","","","","","","","","","","","","","","","","","","","","","","","","","","","","","","","","","","","","",""
"CN7T5U9V","journalArticle","2014","ALVIS, JASON","SUBJECT AND TIME: JEAN-LUC MARION'S ALTERATION OF KANTIAN SUBJECTIVITY.","Journal for Cultural & Religious Theory","","15305228","","https://research.ebsco.com/plink/5e41dec4-1f2d-3e61-bac0-633cf796690d","The article focuses on the works and contribution of philosopher Jean-Luc Marion particularly his alteration of Kantian subjectivity, a philosophy of German philosopher Immanuel Kant which deals with the position of mind, epistemology, and ethics.","2014","2026-02-05 00:51:22","2026-02-05 02:12:45","","25-37","","1","14","","JCRT","","","","","","Whitestone Foundation","","","","","","","","","","","","","1724-1804; 1946-; Immanuel; Jean-Luc; Kant; Kantian ethics; Marion","","","","","","","","","","","","","","","","","","","","","","","","","","","","","","","","","","","","","","","","","","","","","","",""
"9TQHPTM6","journalArticle","2014","RENGER, ALMUT-BARBARA","BETWEEN HISTORY AND REASON: GIAMBATTISTA VICO AND THE PROMISE OF CLASSICAL MYTH.","Journal for Cultural & Religious Theory","","15305228","","https://research.ebsco.com/plink/729f4ca9-1bdc-3f25-b6d4-416284da365a","The article focuses on the philosophical views of myth and it roles in the cultural landscape of Europe, according to the views of philosopher Giambattista Vico.","2014","2026-02-05 00:51:22","2026-02-05 02:12:45","","38-52","","1","14","","JCRT","","","","","","Whitestone Foundation","","","","","","","","","","","","","1668-1744; Giambattista; Myth; Philosophy of culture; Vico","","","","","","","","","","","","","","","","","","","","","","","","","","","","","","","","","","","","","","","","","","","","","","",""
"SHPR7MW4","journalArticle","2014","SIISIÄINEN, LAURI","THE SHEPHERD MEETS THE DIVINE ECONOMY: FOUCAULT, AGAMBEN, AND THE CHRISTIAN GENEALOGY OF GOVERNANCE.","Journal for Cultural & Religious Theory","","15305228","","https://research.ebsco.com/plink/e4aca04e-503e-3bc4-b351-bae9340fe5dc","The article focuses on the Christian genealogy of governance according to the views and works of philosophers Giorgio Agamben and Michel Foucault.","2014","2026-02-05 00:51:22","2026-02-05 02:12:45","","53-69","","1","14","","JCRT","","","","","","Whitestone Foundation","","","","","","","","","","","","","Religion; Foucault; 1926-1984; Michel; Marketing Research and Public Opinion Polling; Political attitudes; 1942-; Agamben; Giorgio; Governmentality","","","","","","","","","","","","","","","","","","","","","","","","","","","","","","","","","","","","","","","","","","","","","","",""
"BIDDWBBW","journalArticle","2014","FEATHERSTON, DONNIE","CRUSADERS WITHOUT A CROSS: BIOPOLITICAL AND SECULAR RECONFIGURATION OF COSMIC WAR.","Journal for Cultural & Religious Theory","","15305228","","https://research.ebsco.com/plink/536b69ba-4e3d-31db-8767-eceabc972c34","The article offers the insights of American scholar Mark Juergensmeyer which include understanding contemporary terrorism, resurgence of religious identity, and the motif of cosmic war.","2014","2026-02-05 00:51:22","2026-02-05 02:12:45","","70-83","","1","14","","JCRT","","","","","","Whitestone Foundation","","","","","","","","","","","","","Juergensmeyer; Mark; Terrorism","","","","","","","","","","","","","","","","","","","","","","","","","","","","","","","","","","","","","","","","","","","","","","",""
"5XBZDNDI","journalArticle","2014","ISAACSON, TIMOTHY; SETTLE, ZACHARY THOMAS","MIRACLES AND MILITANTS.","Journal for Cultural & Religious Theory","","","","https://research.ebsco.com/plink/737e2b78-1a92-39e2-8300-e63f75fd1144","An essay concerning the theoretical framework of philosopher Alain Badiou which is about theological concept of miracle to explicate the sovereign preservation of the State is presented.","2014","2026-02-05 00:51:22","2026-02-05 02:12:45","","","","1","14","","JCRT","","","","","","Whitestone Foundation","","","","","","","","","","","","","Miracles; 1937-; Alain; Badiou","","","","","","","","","","","","","","","","","","","","","","","","","","","","","","","","","","","","","","","","","","","","","","",""
"7RDG45Q6","journalArticle","2014","TRITTEN, TYLER","LARS VON TRIER: THE IMPOSSIBILITY OF THE GOOD AS A WORK.","Journal for Cultural & Religious Theory","","","","https://research.ebsco.com/plink/f10b9b1f-1483-3f10-ae3c-f050b7200416","The article critiques the book","2014","2026-02-05 00:51:22","2026-02-05 02:12:45","","","","1","14","","JCRT","","","","","","Whitestone Foundation","","","","","","","","","","","","","Dignity – Social aspects; Republic; The (Book : Plato)","","","","","","","","","","","","","","","","","","","","","","","","","","","","","","","","","","","","","","","","","","","","","","",""
"4BFZCPMU","journalArticle","2014","SNEDIKER, TIMOTHY","THE AUTONOMY OF THE NOW: CHRISTIANITY, SECULARISM, SUBJECTIVITY.","Journal for Cultural & Religious Theory","","","","https://research.ebsco.com/plink/1225c4aa-6c69-3155-bbd6-049ac3f6250a","An essay concerning the autonomy of Christianity, secularism, and subjectivity.","2014","2026-02-05 00:51:22","2026-02-05 02:12:45","","","","1","14","","JCRT","","","","","","Whitestone Foundation","","","","","","","","","","","","","Secularism; Christianity & other religions","","","","","","","","","","","","","","","","","","","","","","","","","","","","","","","","","","","","","","","","","","","","","","",""
"3HEIDFHY","journalArticle","2014","GREEN, AMY M.","""MOTHER IS GOD IN THE EYES OF A CHILD:"" MARIOLOGY, REVELATION, AND MOTHERS IN SILENT HILL.","Journal for Cultural & Religious Theory","","15305228","","https://research.ebsco.com/plink/a9dfc2ea-4cf3-3db5-9b8d-f652a26a1575","The article critiques the film","2014","2026-02-05 00:51:22","2026-02-05 02:12:45","","143-164","","1","14","","JCRT","","","","","","Whitestone Foundation","","","","","","","","","","","","","Christoph; Gans; Silent Hill (Film)","","","","","","","","","","","","","","","","","","","","","","","","","","","","","","","","","","","","","","","","","","","","","","",""
"YWRYUVQ4","journalArticle","2014","YONKER, MADELINE","SYLVIA PLATH, SIMONE DE BEAUVOIR, AND THE VISUAL REPRESENTATION OF FEMINIST DISCOURSE.","Journal for Cultural & Religious Theory","","15305228","","https://research.ebsco.com/plink/70178e8b-9904-313b-ba85-7b08fdaf6fd8","The article focuses on the visual representation of feminist discourse in the cover art of the books","2014","2026-02-05 00:51:22","2026-02-05 02:12:45","","165-170","","1","14","","JCRT","","","","","","Whitestone Foundation","","","","","","","","","","","","","Bell Jar; Book cover art; Feminism & art; The (Book : Plath)","","","","","","","","","","","","","","","","","","","","","","","","","","","","","","","","","","","","","","","","","","","","","","",""
"ETYT29QD","journalArticle","2014","WINTERS, JOSEPH","THEODOR ADORNO AND THE UNHOPELESS WORK OF THE NEGATIVE.","Journal for Cultural & Religious Theory","","15305228","","https://research.ebsco.com/plink/13316d6f-ca4c-3279-b07f-6afc25e3f3c9","The article offers the author's insights on the thoughts of philosopher Theodor Adorno on hope and the claims that his thought leads to negativism.","2014","2026-02-05 00:51:22","2026-02-05 02:12:45","","171-200","","1","14","","JCRT","","","","","","Whitestone Foundation","","","","","","","","","","","","","Hope; 1903-1969; Adorno; Negativism; Theodor W.","","","","","","","","","","","","","","","","","","","","","","","","","","","","","","","","","","","","","","","","","","","","","","",""
"X7N55FMX","journalArticle","2014","SCHYLLERT, SANNA MELIN","Inventing Eden: Primitivism, Millennialism, and the Making of New England.","Journal for Cultural & Religious Theory","","15305228","","https://research.ebsco.com/plink/670f85e5-edef-3ec2-b386-a632537290b2","","2014","2026-02-05 00:51:22","2026-02-05 02:12:45","","200-203","","1","14","","JCRT","","","","","","Whitestone Foundation","","","","","","","","","","","","","Nonfiction; Hutchins; Inventing Eden: Primitivism; Millennialism & the Making of New England (Book); New England literature – History & criticism; Zachary McLeod","","","","","","","","","","","","","","","","","","","","","","","","","","","","","","","","","","","","","","","","","","","","","","",""
"XEI5N9C3","journalArticle","2014","REYES, XAVIER ALDANA","BEYOND THE METAPHOR: GAY ZOMBIES AND THE CHALLENGE TO HOMONORMATIVITY.","Journal for Cultural & Religious Theory","","15305228","","https://research.ebsco.com/plink/2c875bca-4fdb-399c-ae65-de4c758f239b","The article discusses the evolution of the zombie in mainstream and gay films, its challenge to the traditional identification of zombies and homosexuals, and gay zombies to show issues faced in coming out or accepting one's sexuality, and social violence experienced by most homosexuals.","2014","2026-02-05 00:51:22","2026-02-05 02:12:45","","1-12","","2","13","","JCRT","","","","","","Whitestone Foundation","","","","","","","","","","","","","Crimes against gay people; Homosexuality in motion pictures; Zombie films","","","","","","","","","","","","","","","","","","","","","","","","","","","","","","","","","","","","","","","","","","","","","","",""
"3ULGG5SX","journalArticle","2014","WEISS, DENNIS M.; TAYLOR, VICTOR E.","THE CULTURAL UN/LIFE OF ZOMBIES.","Journal for Cultural & Religious Theory","","15305228","","https://research.ebsco.com/plink/8f14aa40-8c95-3276-9184-d5013ab6de83","An introduction is presented in which the editor discusses reports within the issue including evolution of the zombie in mainstream and gay films, contrast between films","2014","2026-02-05 00:51:22","2026-02-05 02:12:45","","i-vi","","2","13","","JCRT","","","","","","Whitestone Foundation","","","","","","","","","","","","","Zombie films; Dawn of the Dead (Film); Zombies in popular culture","","","","","","","","","","","","","","","","","","","","","","","","","","","","","","","","","","","","","","","","","","","","","","",""
"PQ7ZHWXV","journalArticle","2014","NAGYPAL, TAMAS","FROM THE CLASSICAL POLIS TO THE NEOLIBERAL CAMP: MAPPING THE BIOPOLITICAL REGIMES OF THE UNDEAD IN DAWN OF THE DEAD, ZOMBI 2 AND 28 DAYS LATER.","Journal for Cultural & Religious Theory","","15305228","","https://research.ebsco.com/plink/9a77e7ef-dcf7-365d-a0e4-64f7d6bec281","The article explores the biopolitical conflicts surrounding the undead body in zombie films","2014","2026-02-05 00:51:22","2026-02-05 02:12:45","","13-24","","2","13","","JCRT","","","","","","Whitestone Foundation","","","","","","","","","","","","","Zombie films; Dawn of the Dead (Film); 28 Days Later (Film)","","","","","","","","","","","","","","","","","","","","","","","","","","","","","","","","","","","","","","","","","","","","","","",""
"64749JAN","journalArticle","2014","LANCI, YARI","ZOMBIE 2.0: SUBJECTIVATION IN TIMES OF APOCALYPSE.","Journal for Cultural & Religious Theory","","","","https://research.ebsco.com/plink/bc32c9c3-e208-39de-ab5d-941fe57f54a9","An essay on the collapse of civilization featured in contemporary zombie narratives and emergence of fast zombies, based on the analysis of neoliberal economics by the late philosopher Michel Foucault, in films","2014","2026-02-05 00:51:22","2026-02-05 02:12:45","","","","2","13","","JCRT","","","","","","Whitestone Foundation","","","","","","","","","","","","","Foucault; 1926-1984; Michel; 28 Days Later (Film); Zombies","","","","","","","","","","","","","","","","","","","","","","","","","","","","","","","","","","","","","","","","","","","","","","",""
"G4LS2K3V","journalArticle","2014","CLARK, SIMON","DOING THE ZOMBIE GLITCH; HAPTIC UNDEADLINESS AS A POLITICAL THEORY.","Journal for Cultural & Religious Theory","","15305228","","https://research.ebsco.com/plink/6a342eb2-8eb6-3a24-bdb6-2d9e642886e5","The article discusses the early zombie films of filmmaker George Romero and loss of blatant and the affective materiality by zombies due to use of digital effects in the series","2014","2026-02-05 00:51:22","2026-02-05 02:12:45","","38-47","","2","13","","JCRT","","","","","","Whitestone Foundation","","","","","","","","","","","","","George A.; Zombie films; 1940-2017; Romero; The (TV program); Walking Dead","","","","","","","","","","","","","","","","","","","","","","","","","","","","","","","","","","","","","","","","","","","","","","",""
"3KP5NNEH","journalArticle","2014","MULLEN, GARY A.","ADORNO, ŽIŽEK AND THE ZOMBIE: REPRESENTING MORTALITY IN AN AGE OF MASS KILLING.","Journal for Cultural & Religious Theory","","15305228","","https://research.ebsco.com/plink/3fe0e961-e7a9-3d52-8b97-080a42aacc17","The article explores the pervasiveness of the zombie in popular culture and mass killing, based on the works of philosopher Slavoj Zizek, using the","2014","2026-02-05 00:51:22","2026-02-05 02:12:45","","48-57","","2","13","","JCRT","","","","","","Whitestone Foundation","","","","","","","","","","","","","1949-; Slavoj; Žižek; Zombies; The (TV program); Walking Dead","","","","","","","","","","","","","","","","","","","","","","","","","","","","","","","","","","","","","","","","","","","","","","",""
"QSWIARL3","journalArticle","2014","CISNEY, VERNON W.","LIVING IN THE LAND OF THE DEAD: GEORGE ROMERO, GILLES DELEUZE, AND THE QUESTION OF THE ZOMBIE.","Journal for Cultural & Religious Theory","","15305228","","https://research.ebsco.com/plink/a5992740-7954-3664-b20a-2d7ace785aad","The article discusses the characterization of zombies by filmmaker George A. Romero in films including","2014","2026-02-05 00:51:22","2026-02-05 02:12:45","","58-81","","2","13","","JCRT","","","","","","Whitestone Foundation","","","","","","","","","","","","","George A.; Zombie films; 1940-2017; Romero; Night of the Living Dead (Film : 1968)","","","","","","","","","","","","","","","","","","","","","","","","","","","","","","","","","","","","","","","","","","","","","","",""
"YHR2HACM","journalArticle","2014","FLAVIN, CHRISTOPHER M.","THE WATCHING DEAD: THE PANOPTIC GAZE AND IDEOLOGIC ZOMBIES.","Journal for Cultural & Religious Theory","","15305228","","https://research.ebsco.com/plink/2c394535-ac48-32f6-b4b0-88a5ad471e0e","The article explores the image of zombies in postmodern zombie films and literature, heightened state of awareness of the living watching themselves and the dead closely to become a form of panoticism, and constant surveillance to mirror social discipline and control evolution in a carceral system.","2014","2026-02-05 00:51:22","2026-02-05 02:12:45","","82-95","","2","13","","JCRT","","","","","","Whitestone Foundation","","","","","","","","","","","","","Zombie films; Zombies; Zombies in literature","","","","","","","","","","","","","","","","","","","","","","","","","","","","","","","","","","","","","","","","","","","","","","",""
"BAH2FW7A","journalArticle","2014","KOTSKO, ADAM","OUT OF THE WOODS ? ON ŽIŽEK'S LESS THAN NOTHING.","Journal for Cultural & Religious Theory","","15305228","","https://research.ebsco.com/plink/c5490e3a-e2d2-3092-aea2-b7e488b3a381","The article explores","2014","2026-02-05 00:51:22","2026-02-05 02:12:45","","96-101","","2","13","","JCRT","","","","","","Whitestone Foundation","","","","","","","","","","","","","1949-; Slavoj; Žižek; Philosophers; Less Than Nothing: Hegel & the Shadow of Dialectical Materialism (Book)","","","","","","","","","","","","","","","","","","","","","","","","","","","","","","","","","","","","","","","","","","","","","","",""
"32PZMWUL","journalArticle","2014","NUCKOLLS, CHARLES","THE WALKING DEAD AS CONSERVATIVE CULTURAL CRITIQUE.","Journal for Cultural & Religious Theory","","15305228","","https://research.ebsco.com/plink/57def045-0fc4-303e-a797-7fff13c65272","The article explores the television (TV) series","2014","2026-02-05 00:51:22","2026-02-05 02:12:45","","102-110","","2","13","","JCRT","","","","","","Whitestone Foundation","","","","","","","","","","","","","Sacrifice; Social criticism; The (TV program); Walking Dead","","","","","","","","","","","","","","","","","","","","","","","","","","","","","","","","","","","","","","","","","","","","","","",""
"XXHY9LZR","journalArticle","2014","SHILLOCK, LARRY T.","THE WALKING FLESH:ZOMBIES, NARRATIVE DESIRE, AND THE APOSTLE PAUL'S ANXIOUS ACCOUNT OF EMBODIMENT.","Journal for Cultural & Religious Theory","","","","https://research.ebsco.com/plink/31522a6f-0b61-3c21-9e75-1002d968ffe2","An essay on the association of zombies with commercials, particularly in the television (TV) series","2014","2026-02-05 00:51:22","2026-02-05 02:12:45","","","","2","13","","JCRT","","","","","","Whitestone Foundation","","","","","","","","","","","","","Saint; Paul; Zombies in popular culture; The (TV program); Walking Dead; the Apostle","","","","","","","","","","","","","","","","","","","","","","","","","","","","","","","","","","","","","","","","","","","","","","",""
"82CFH8RT","journalArticle","2014","SCHOLES, JEFFREY","The Problem with Grace: Reconfiguring Political Theology.","Journal for Cultural & Religious Theory","","15305228","","https://research.ebsco.com/plink/2f49ab31-51da-330d-bd78-8d3f3ff9646c","","2014","2026-02-05 00:51:22","2026-02-05 02:12:45","","123-125","","2","13","","JCRT","","","","","","Whitestone Foundation","","","","","","","","","","","","","Nonfiction; Political theology; The (Book); Lloyd; Problem With Grace: Reconfiguring Political Theology; Vincent W.","","","","","","","","","","","","","","","","","","","","","","","","","","","","","","","","","","","","","","","","","","","","","","",""
"FJHLMT5L","journalArticle","2014","WINTERS, JOSEPH","Religion and Hip Hop.","Journal for Cultural & Religious Theory","","15305228","","https://research.ebsco.com/plink/e2144c88-5c08-35fc-8650-40cfec33d098","","2014","2026-02-05 00:51:22","2026-02-05 02:12:45","","126-128","","2","13","","JCRT","","","","","","Whitestone Foundation","","","","","","","","","","","","","Religion; Nonfiction; Hip-hop culture; Miller; Monica; Religion & Hip Hop (Book)","","","","","","","","","","","","","","","","","","","","","","","","","","","","","","","","","","","","","","","","","","","","","","",""
"V5K2VXJY","journalArticle","2014","COGGAN, SHARON L.","Beyond Religion: From Shamanism to Religion to Post-Religious Spirituality.","Journal for Cultural & Religious Theory","","15305228","","https://research.ebsco.com/plink/f957aacb-6c25-3b54-9731-ca3ec855df79","","2014","2026-02-05 00:51:22","2026-02-05 02:12:45","","129-131","","2","13","","JCRT","","","","","","Whitestone Foundation","","","","","","","","","","","","","Nonfiction; Beyond Religion: From Shamanism to Religion to Post-Religious Spirituality (Book); Religions; Thompson; William Irwin","","","","","","","","","","","","","","","","","","","","","","","","","","","","","","","","","","","","","","","","","","","","","","",""
"HZEFR45K","journalArticle","2014","CARSEY, KERRIE L.","Beyond the Pulpit: Women's Rhetorical Roles in the Antebellum Religious Press.","Journal for Cultural & Religious Theory","","15305228","","https://research.ebsco.com/plink/09f87666-d273-34a6-b0fb-b5435439684e","","2014","2026-02-05 00:51:22","2026-02-05 02:12:45","","132-137","","2","13","","JCRT","","","","","","Whitestone Foundation","","","","","","","","","","","","","Nonfiction; Beyond the Pulpit: Women's Rhetorical Roles in the Antebellum Religious Press (Book); Lisa J.; Shaver; Women & religion","","","","","","","","","","","","","","","","","","","","","","","","","","","","","","","","","","","","","","","","","","","","","","",""
"6F7DWCAN","journalArticle","2014","PURAKAYASTHA, ANINDYA SEKHAR","Religion, Politics, and the Earth: The New Materialism.","Journal for Cultural & Religious Theory","","15305228","","https://research.ebsco.com/plink/85b53eb4-790b-38b7-b4d6-d2745034556d","","2014","2026-02-05 00:51:22","2026-02-05 02:12:45","","138-142","","2","13","","JCRT","","","","","","Whitestone Foundation","","","","","","","","","","","","","Religion; Materialism; Nonfiction; Clayton; Crockett; Jeffrey W.; Politics & the Earth: The New Materialism (Book); Robbins","","","","","","","","","","","","","","","","","","","","","","","","","","","","","","","","","","","","","","","","","","","","","","",""
"VQVTLZQE","journalArticle","2014","KARKOV, NIKOLAY; ROBBINS, JEFFREY W.","DECOLONIALITY AND CRISIS INTRODUCTION","Journal for Cultural & Religious Theory","","15305228","","https://research.ebsco.com/plink/675850cd-12f4-34c6-b36a-8922756ef247","An introduction to a special issue on decoloniality and crisis is presented including articles on radical multiculturalism and decolonial feminism, the rendering of Latino/a immigrants, and the Christian logic of conversion.","2014","2026-02-05 00:51:22","2026-02-05 02:12:45","","1-10","","1","13","","JCRT","","","","","","Whitestone Foundation","","","","","","","","","","","","","Feminism; Multiculturalism; Immigrants","","","","","","","","","","","","","","","","","","","","","","","","","","","","","","","","","","","","","","","","","","","","","","",""
"KWVRNWWL","journalArticle","2014","DUSSEL, ENRIQUE","ANTI-CARTESIAN MEDITATIONS: ON THE ORIGN OF THE PHILOSOPHICAL ANTI-DISCOURSE OF MODERNITY.","Journal for Cultural & Religious Theory","","15305228","","https://research.ebsco.com/plink/267f9284-1d3a-3040-b1f9-a11242877e30","The article discusses the origin of the philosophical anti-discourse of modernity.","2014","2026-02-05 00:51:22","2026-02-05 02:12:45","","11-53","","1","13","","JCRT","","","","","","Whitestone Foundation","","","","","","","","","","","","","Modernity; Discourse","","","","","","","","","","","","","","","","","","","","","","","","","","","","","","","","","","","","","","","","","","","","","","",""
"R7Z6QU3L","journalArticle","2014","TLOSTANOVA, MADINA","ON LOST CRISITUNITIES, VANISHING POSTSOVIET AND DECOLONIZATION OF THINKING, BEING AND PERCEPTION.","Journal for Cultural & Religious Theory","","15305228","","https://research.ebsco.com/plink/98dd23fc-053b-399f-8ab7-06c95283cc61","The author shows the decolonial option as a pluriverse wherein even the colonial itself and the legacy of imperialism must be interrogated according to specific contours and locales.","2014","2026-02-05 00:51:22","2026-02-05 02:12:45","","53-67","","1","13","","JCRT","","","","","","Whitestone Foundation","","","","","","","","","","","","","Imperialism; Colonies","","","","","","","","","","","","","","","","","","","","","","","","","","","","","","","","","","","","","","","","","","","","","","",""
"LRZLLALS","journalArticle","2014","LUGONES, MARIA","RADICAL MULTICULTURALISM AND WOMEN OF COLOR FEMINISMS.","Journal for Cultural & Religious Theory","","15305228","","https://research.ebsco.com/plink/b67f610a-6379-3a80-804f-62b82c4df66d","The article discusses the resistances to inclusion in dominant feminisms by Women of Color feminists.","2014","2026-02-05 00:51:22","2026-02-05 02:12:45","","68-80","","1","13","","JCRT","","","","","","Whitestone Foundation","","","","","","","","","","","","","Feminism; Multiculturalism","","","","","","","","","","","","","","","","","","","","","","","","","","","","","","","","","","","","","","","","","","","","","","",""
"K2AZCX5A","journalArticle","2014","VÁSQUEZ, MANUEL A.","FROM COLONIALISM TO NEO-LIBERAL CAPITALISM: LATINO/A IMMIGRANTS IN THE U.S. AND THE NEW BIOPOLITICS.","Journal for Cultural & Religious Theory","","15305228","","https://research.ebsco.com/plink/e842cadd-26a7-33d5-a6d0-a0d6fc166367","The article explores the emergence of a transnational regime of subjectivation and population management based from Michel Foucault's work on governmentality and biopolitics and Giorgio Agamben's on normalization of the state of exception.","2014","2026-02-05 00:51:22","2026-02-05 02:12:45","","81-100","","1","13","","JCRT","","","","","","Whitestone Foundation","","","","","","","","","","","","","United States; Biopolitics (Philosophy); 1942-; Agamben; Giorgio; Immigrants","","","","","","","","","","","","","","","","","","","","","","","","","","","","","","","","","","","","","","","","","","","","","","",""
"3D23FLHG","journalArticle","2014","MÉNDEZ, XHERCIS","TRANSCENDING DIMORPHISM: AFRO-CUBAN RITUAL PRAXIS AND THE REMATERIALIZATION OF THE BODY.","Journal for Cultural & Religious Theory","","15305228","","https://research.ebsco.com/plink/c10c0e06-5b80-3ea6-818c-57e35710fd1f","The article discusses the complex ways in which material bodies are reconfigured in and through Afro-Cuban ritual praxis.","2014","2026-02-05 00:51:22","2026-02-05 02:12:45","","101-121","","1","13","","JCRT","","","","","","Whitestone Foundation","","","","","","","","","","","","","Black Cubans; Dimorphism (Biology); Praxis (Process)","","","","","","","","","","","","","","","","","","","","","","","","","","","","","","","","","","","","","","","","","","","","","","",""
"QCZWBDTR","journalArticle","2014","TAYLOR, MARK LEWIS","DECOLONIZING MASS INCARCERATION: ""FLESH WILL WEAR OUT CHAINS""","Journal for Cultural & Religious Theory","","15305228","","https://research.ebsco.com/plink/7a492f05-633d-3613-8f25-3953cad67dbd","The author argues that the kind of flesh of people who bear the chains of U.S. mass incarceration is a flesh that takes itself as vulnerable human being, but which transforms its vulnerable agonism into artistic practices into modes of collective organization.","2014","2026-02-05 00:51:22","2026-02-05 02:12:45","","121-142","","1","13","","JCRT","","","","","","Whitestone Foundation","","","","","","","","","","","","","United States; Agonism (Political science); Mass incarceration","","","","","","","","","","","","","","","","","","","","","","","","","","","","","","","","","","","","","","","","","","","","","","",""
"MX48MKBQ","journalArticle","2014","BARBER, DANIEL COLUCCIELLO","THE IMMANENT REFUSAL OF CONVERSION.","Journal for Cultural & Religious Theory","","15305228","","https://research.ebsco.com/plink/01037bd9-c161-318e-a0aa-2d375e2088dd","The article discusses the immanent refusal of conversion, which is often regarded as a moment of turning.","2014","2026-02-05 00:51:22","2026-02-05 02:12:45","","142-150","","1","13","","JCRT","","","","","","Whitestone Foundation","","","","","","","","","","","","","Conversion (Religion); Logic","","","","","","","","","","","","","","","","","","","","","","","","","","","","","","","","","","","","","","","","","","","","","","",""
"PUKERYHH","journalArticle","2014","WOESSNER, MARTIN","THE BORDERLINES OF THEODICY.","Journal for Cultural & Religious Theory","","15305228","","https://research.ebsco.com/plink/e94aa188-778b-3e41-bc57-4fd7c78dae89","","2014","2026-02-05 00:51:22","2026-02-05 02:12:45","","151-154","","1","13","","JCRT","","","","","","Whitestone Foundation","","","","","","","","","","","","","Nonfiction; Crimes against women; Luevano; Rafael; Woman-Killing in Juárez: Theodicy at the Border (Book)","","","","","","","","","","","","","","","","","","","","","","","","","","","","","","","","","","","","","","","","","","","","","","",""
"4K8QF9DK","journalArticle","2014","BRAY, KAREN","Exploring the Decolonial Imaginary: Four Transnational Lives.","Journal for Cultural & Religious Theory","","15305228","","https://research.ebsco.com/plink/13f59288-c0e7-3c93-989c-034f6528cfa2","","2014","2026-02-05 00:51:22","2026-02-05 02:12:45","","155-158","","1","13","","JCRT","","","","","","Whitestone Foundation","","","","","","","","","","","","","Feminism; Nonfiction; Exploring the Decolonial Imaginary: Four Transnational Lives (Book); Patricia A.; Schechter","","","","","","","","","","","","","","","","","","","","","","","","","","","","","","","","","","","","","","","","","","","","","","",""
"PA7NV974","journalArticle","2014","EBERLE, BO","Rewriting Exodus: American Futures from Du Bois to Obama.","Journal for Cultural & Religious Theory","","15305228","","https://research.ebsco.com/plink/3593ed85-1b89-3ef9-9144-562e908997c1","","2014","2026-02-05 00:51:22","2026-02-05 02:12:45","","159-161","","1","13","","JCRT","","","","","","Whitestone Foundation","","","","","","","","","","","","","Nonfiction; The; Anna; Exodus; Hartnell; Rewriting Exodus: American Futures From Du Bois to Obama (Book)","","","","","","","","","","","","","","","","","","","","","","","","","","","","","","","","","","","","","","","","","","","","","","",""
"VESS3RV6","journalArticle","2014","MILLER, JORDAN E.","The Darker Side of Western Modernity: Global Futures, Decolonial Options.","Journal for Cultural & Religious Theory","","15305228","","https://research.ebsco.com/plink/f041bee8-a17b-312d-bf57-5697265f501b","","2014","2026-02-05 00:51:22","2026-02-05 02:12:45","","162-165","","1","13","","JCRT","","","","","","Whitestone Foundation","","","","","","","","","","","","","Modernity; Nonfiction; The (Book); Darker Side of Western Modernity: Global Futures; Decolonial Options; Mignolo; Walter D.","","","","","","","","","","","","","","","","","","","","","","","","","","","","","","","","","","","","","","","","","","","","","","",""
"U5WAQUGV","journalArticle","2014","SCHMIDT, GEORGE","Decolonizing Methodologies: Research and Indigenous Peoples.","Journal for Cultural & Religious Theory","","15305228","","https://research.ebsco.com/plink/b534bc74-2574-38de-9229-95564c95d13a","","2014","2026-02-05 00:51:22","2026-02-05 02:12:45","","165-166","","1","13","","JCRT","","","","","","Whitestone Foundation","","","","","","","","","","","","","Indigenous peoples; Nonfiction; Decolinizing Methodologies: Research & Indigenous Peoples (Book); Linda Tuhiwai; Smith","","","","","","","","","","","","","","","","","","","","","","","","","","","","","","","","","","","","","","","","","","","","","","",""
"XFZN999R","journalArticle","2014","PREWITT-DAVIS, ELIJAH","More than Belief: A Materialist Theory of Religion.","Journal for Cultural & Religious Theory","","15305228","","https://research.ebsco.com/plink/ae20a430-65ef-36f5-80fc-437ee3b5f0cc","","2014","2026-02-05 00:51:23","2026-02-05 02:12:45","","167-169","","1","13","","JCRT","","","","","","Whitestone Foundation","","","","","","","","","","","","","Religion; Nonfiction; Manuel A.; More Than Belief: A Materialist Theory of Religion (Book); Vasquez","","","","","","","","","","","","","","","","","","","","","","","","","","","","","","","","","","","","","","","","","","","","","","",""
"YZV6CQ66","journalArticle","2013","RASCHKE, CARL","PETER SLOTERDIJK AS ""FIRST PHILOSOPHER"" OF GLOBALIZATION","Journal for Cultural & Religious Theory","","15305228","","https://research.ebsco.com/plink/c46822b7-a34b-376f-8413-d1e34ffeeb36","The article offers information on philosopher Peter Sloterdijk that includes absence in translations of Sloterdijk's philosophical teachings; consideration of Sloterdijk's teaching as pop-cultural; and assessment of phenomenology towards globalization conditions.","2013","2026-02-05 00:51:23","2026-02-05 02:12:45","","1-19","","3","12","","JCRT","","","","","","Whitestone Foundation","","","","","","","","","","","","","Globalization; Peter; Sloterdijk; Translations","","","","","","","","","","","","","","","","","","","","","","","","","","","","","","","","","","","","","","","","","","","","","","",""
"CWJC5F8U","journalArticle","2013","NAIL, THOMAS","ZAPATISMO AND THE GLOBAL ORIGINS OF OCCUPY.","Journal for Cultural & Religious Theory","","15305228","","https://research.ebsco.com/plink/5313cd35-fd65-3817-82ec-7b0f744645f6","The article focuses on analysis of Occupy protest movement initiation conditions that includes consideration of theorist over an origin of the movement through alter-globalization movements; analysis of practical influence of Zapatistas over Occupy; and analysis of horizontalism conditions.","2013","2026-02-05 00:51:23","2026-02-05 02:12:45","","20-38","","3","12","","JCRT","","","","","","Whitestone Foundation","","","","","","","","","","","","","Ejercito Zapatista de Liberacion Nacional (Mexico); Anti-globalization movement; Occupy protest movement","","","","","","","","","","","","","","","","","","","","","","","","","","","","","","","","","","","","","","","","","","","","","","",""
"8UQUTZHZ","journalArticle","2013","SCHEDNECK, BROOKE","THE DECONTEXUALIZATION OF ASIAN RELIGIOUS PRACTICES IN THE CONTEXT OF GLOBALIZATION","Journal for Cultural & Religious Theory","","15305228","","https://research.ebsco.com/plink/ec734501-3641-3c67-85f3-c570d939e21f","The article focuses on analysis of decontexulization approaches for religious practices associated with Asia under globalization conditions; and assessment of yoga techniques along with other conditions such as meditation involvement in religious practices.","2013","2026-02-05 00:51:23","2026-02-05 02:12:45","","36-54","","3","12","","JCRT","","","","","","Whitestone Foundation","","","","","","","","","","","","","Religion; Asia; Globalization; Rites & ceremonies","","","","","","","","","","","","","","","","","","","","","","","","","","","","","","","","","","","","","","","","","","","","","","",""
"DY7SX45P","journalArticle","2013","BEDFORD, GARY","BEYOND THE 2008 FINANCIAL","Journal for Cultural & Religious Theory","","15305228","","https://research.ebsco.com/plink/ea759c95-f897-34d2-86d7-bb3a1b010e4d","The article focuses on analysis of changes in Marx economic theory with determination of the 2008 financial crisis with concerns related to capitalism approaches; and assessment of capital value in economic approaches during 19th century with observation of changes in value.","2013","2026-02-05 00:51:23","2026-02-05 02:12:45","","55-83","","3","12","","JCRT","","","","","","Whitestone Foundation","","","","","","","","","","","","","Capitalism; 2008-2009; Global Financial Crisis; Marxian economics","","","","","","","","","","","","","","","","","","","","","","","","","","","","","","","","","","","","","","","","","","","","","","",""
"K88B7YBH","journalArticle","2013","PROVOST-SMITH, PATRICK","A DRONE'S EYE VIEW: GLOBAL ANTI-TERRORISM AND THE EXISTENTIAL CRISIS OF JUST WAR THEORY.","Journal for Cultural & Religious Theory","","15305228","","https://research.ebsco.com/plink/b1592c4b-64e0-31dd-af3b-fc03bf53f4d7","The article focuses on usage of remotely piloted aircraft (UAV) for anti-terrorism programs such as Global War on Terrorism (GWOT) by the U.S.; and deployment of drone aircraft in counter terrorism conditions by the Central Intelligence Agency (CIA) in Barack Obama's administration.","2013","2026-02-05 00:51:23","2026-02-05 02:12:45","","84-119","","3","12","","JCRT","","","","","","Whitestone Foundation","","","","","","","","","","","","","United States; 2001-2009; Counterterrorism; Drone aircraft; War on Terrorism","","","","","","","","","","","","","","","","","","","","","","","","","","","","","","","","","","","","","","","","","","","","","","",""
"SA4J38FR","journalArticle","2013","ALMOND, IAN","MESSIANIC THEMES IN SOUTH ASIAN LITERATURE: READING BIBHUTIBHUSHAN BANERJI IN THE LIGHT OF AGAMBEN.","Journal for Cultural & Religious Theory","","15305228","","https://research.ebsco.com/plink/8a1f1e9e-31d6-3cac-9ca2-fbc082424ce0","The article focuses on analysis of literary work of Bibhutibhushan Banerji based on Messianic as theme for different South Asian literature; and analysis of Baneji's","2013","2026-02-05 00:51:23","2026-02-05 02:12:45","","111-124","","3","12","","JCRT","","","","","","Whitestone Foundation","","","","","","","","","","","","","1942-; Agamben; Giorgio; Messianic era (Judaism); South Asian literature","","","","","","","","","","","","","","","","","","","","","","","","","","","","","","","","","","","","","","","","","","","","","","",""
"EHIQ9BZR","journalArticle","2013","RAMOS, JOSHUA","DEMOGRAPHICS AS DESTINY: GLOBALIZATION AND THE RESURGENCE OF RELIGION THROUGH FERTILITY.","Journal for Cultural & Religious Theory","","15305228","","https://research.ebsco.com/plink/90c304e5-9030-3795-a456-40b7633460b7","The article focuses on reduction in fertility rate in globalization conditions that leads to changes in demographic transition with population recession conditions; and assessment of religious demography conditions with assessment of religious resurgence processes.","2013","2026-02-05 00:51:23","2026-02-05 02:12:45","","125-139","","3","12","","JCRT","","","","","","Whitestone Foundation","","","","","","","","","","","","","Demographic transition; Total fertility rate (Humans)","","","","","","","","","","","","","","","","","","","","","","","","","","","","","","","","","","","","","","","","","","","","","","",""
"YV5YYTD3","journalArticle","2013","STOICA, DRAGOS","READING GAYATRI CHAKRAVORTY SPIVAK IN RURAL QUÉBEC, OR SAVING","Journal for Cultural & Religious Theory","","15305228","","https://research.ebsco.com/plink/a5d8be85-410a-3778-bb5e-5f8535c8adf3","The article focuses on analysis of Gayatri Chakravorty Spivak's approaches over development of religious subaltern identities with societary norms adoption in Hérouxville, Quebec in 2007; and analysis of subaltern persons intellectual conditions by Spivak.","2013","2026-02-05 00:51:23","2026-02-05 02:12:45","","140-148","","3","12","","JCRT","","","","","","Whitestone Foundation","","","","","","","","","","","","","1942-; Gayatri Chakravorty; Intellectual development; Spivak; Subaltern","","","","","","","","","","","","","","","","","","","","","","","","","","","","","","","","","","","","","","","","","","","","","","",""
"QRXBTJPA","journalArticle","2013","RASCHKE, CARL A.; TAYLOR, VICTOR","FROM ALCHEMY TO REVOLUTION: A CONVERSATION WITH CARL A. RASCHKE.","Journal for Cultural & Religious Theory","","","","https://research.ebsco.com/plink/5735dd2b-a7dc-3103-b942-814deafd3371","An interview of University of Denver's professor Carl A. Raschke that includes depiction of postmodern approaches in deconstruction literature; collaboration of diferent literary discourses in the","2013","2026-02-05 00:51:23","2026-02-05 02:12:45","","","","3","12","","JCRT","","","","","","Whitestone Foundation","","","","","","","","","","","","","Raschke; Alchemy of the Word (Book); Carl A.; Postmodernism (Literature)","","","","","","","","","","","","","","","","","","","","","","","","","","","","","","","","","","","","","","","","","","","","","","",""
"BMCWL52Y","journalArticle","2013","ALEXANDER, LAURA E.","Christianity and Contemporary Politics: The Conditions and Possibility of Faithful Witness.","Journal for Cultural & Religious Theory","","15305228","","https://research.ebsco.com/plink/7dfdf25f-6716-3822-ae8f-eb7f43f6746e","","2013","2026-02-05 00:51:23","2026-02-05 02:12:45","","161-164","","3","12","","JCRT","","","","","","Whitestone Foundation","","","","","","","","","","","","","Religion; Christianity; Nonfiction; Political participation; Bretherton; Christianity & Contemporary Politics: The Conditions & Possibilities of Faithful Witness (Book); Luke","","","","","","","","","","","","","","","","","","","","","","","","","","","","","","","","","","","","","","","","","","","","","","",""
"3Z3C4JI3","journalArticle","2013","ALVIS, JASON","The Indiscrete Image: Infinitude and Creation of the Human.","Journal for Cultural & Religious Theory","","15305228","","https://research.ebsco.com/plink/60e76f0f-99a8-3e80-9413-eb039697f487","","2013","2026-02-05 00:51:23","2026-02-05 02:12:45","","165-167","","3","12","","JCRT","","","","","","Whitestone Foundation","","","","","","","","","","","","","Human beings; Nonfiction; Thomas; The (Book); Anthropology; Carlson; Indiscrete Image: Infinitude & Creation of the Human","","","","","","","","","","","","","","","","","","","","","","","","","","","","","","","","","","","","","","","","","","","","","","",""
"N8LPQ23W","journalArticle","2013","MCCULLOUGH, LISSA","INTERVIEW WITH THOMAS J. J. ALTIZER.","Journal for Cultural & Religious Theory","","","","https://research.ebsco.com/plink/08ea80a2-c1cd-370a-9931-9bd4ff81cc4b","An interview of radical theologian Thomas J. J. Altizer is presented that includes consideration divine death promotion in Christianity; prevalence of death as apocalypticism in different Christian literature; and association of religious reformation with scientific-technological revolution.","2013","2026-02-05 00:51:23","2026-02-05 02:12:45","","","","3","12","","JCRT","","","","","","Whitestone Foundation","","","","","","","","","","","","","Christianity; 1927-2018; Altizer; Thomas J. J.; Apocalyptic literature (Christian literature)","","","","","","","","","","","","","","","","","","","","","","","","","","","","","","","","","","","","","","","","","","","","","","",""
"ISJ5K8CH","journalArticle","2013","MILLER, LESLIE C.","Continental Divide: Heidegger, Cassirer, Davos.","Journal for Cultural & Religious Theory","","15305228","","https://research.ebsco.com/plink/8c19c7b1-87c0-37d6-aa11-4026369f145c","","2013","2026-02-05 00:51:23","2026-02-05 02:12:45","","169-172","","3","12","","JCRT","","","","","","Whitestone Foundation","","","","","","","","","","","","","Nonfiction; 1889-1976; Heidegger; Martin; 1874-1945; Cassirer; Continental Divide: Heidegger; Davos (Book); Ernst; Gordon; Peter E.","","","","","","","","","","","","","","","","","","","","","","","","","","","","","","","","","","","","","","","","","","","","","","",""
"VKQMQN5T","journalArticle","2012","DICKINSON, T. WILSON","INTRODUCTION.","Journal for Cultural & Religious Theory","","15305228","","https://research.ebsco.com/plink/51aef63c-4a30-3ab7-b8c0-8f431511e5f1","The author introduces articles featured in this issue including the work of scholars which examines the philosophical frameworks undergirding the pedagogical practices used in the religious studies classroom and how these practices may be transformed so that they can help students apply what they have learned as they negotiate complex ethical situations outside the academe.","2012","2026-02-05 00:51:24","2026-02-05 02:12:45","","1-4","","2","12","","JCRT","","","","","","Whitestone Foundation","","","","","","","","","","","","","Religion; Students; Ethics; Scholars; Education; Administration of Education Programs; All Other Miscellaneous Schools and Instruction; Educational Support Services","","","","","","","","","","","","","","","","","","","","","","","","","","","","","","","","","","","","","","","","","","","","","","",""
"Z2ZXM27C","journalArticle","2012","TAYLOR, MARK C.; KOSKY, JEFFREY","RECALLING OUR VOCATION: A CONVERSATION ABOUT TEACHING WITH MARK C. TAYLOR.","Journal for Cultural & Religious Theory","","","","https://research.ebsco.com/plink/1e83b2b9-6bf6-32dc-8ef0-118b0067bbb5","An interview with U.S. educator and philosopher of religion Mark C. Taylor on the continuing relevance of pedagogy in the 21st century is presented. Taylor observes that the existing model for university, first conceived by German philosopher Immanuel Kant, is becoming obsolete with the increasing cost of higher education. However, he believes that liberal arts education is more valuable than ever since it allows students to learn more about cultures and traditions different from their own.","2012","2026-02-05 00:51:24","2026-02-05 02:12:45","","","","2","12","","JCRT","","","","","","Whitestone Foundation","","","","","","","","","","","","","United States; Taylor; Education; Higher education; 1724-1804; Immanuel; Kant; Administration of Education Programs; All Other Miscellaneous Schools and Instruction; Educational Support Services; and Professional Schools; Colleges; Educators; Mark C.; Universities; Universities & colleges","","","","","","","","","","","","","","","","","","","","","","","","","","","","","","","","","","","","","","","","","","","","","","",""
"UJ8NK5UV","journalArticle","2012","CAPUTO, JOHN D.; DICKINSON, T. WILSON","EDUCATION AS EVENT: A CONVERSATION WITH JOHN D. CAPUTO.","Journal for Cultural & Religious Theory","","","","https://research.ebsco.com/plink/5f3d048c-c900-31ec-b97c-1ff5e973dd01","An interview with theologian and philosopher of religion John D. Caputo is presented. Caputo proposes a new framework for education built on the concept of the","2012","2026-02-05 00:51:24","2026-02-05 02:12:45","","","","2","12","","JCRT","","","","","","Whitestone Foundation","","","","","","","","","","","","","Religion; Apophatic theology; Students; Philosophical anthropology; Spiritual formation; Philosophy and theology; Mind and body; Foucault; Education; Practice (Philosophy); Jacques; Knowledge; Theory of; 1926-1984; 1930-2004; Derrida; Michel; Spiritual exercises; Caputo; Cyborgs; Aristotle; Administration of Education Programs; All Other Miscellaneous Schools and Instruction; Educational Support Services; and Professional Schools; Colleges; Universities; Universities & colleges; John D.; Events (Philosophy); Education – Philosophy; Educational technology; Universities and colleges – Evaluation; Battlestar Galactica (Television program : 2004-2009); Donna Jeanne; Haraway; Human body in culture; Organizational sociology","","","","","","","","","","","","","","","","","","","","","","","","","","","","","","","","","","","","","","","","","","","","","","",""
"7Y5V5XK3","journalArticle","2012","COAKLEY, SARAH; JONES, TAMSIN","SILENCE, PRAYER, AND DESIRE IN PEDAGOGICAL PRACTICES: A CONVERSATION WITH SARAH COAKLEY.","Journal for Cultural & Religious Theory","","","","https://research.ebsco.com/plink/4f64acd1-fea1-3eac-a4cb-aa36121011cb","An interview with American theologian Sarah Coakley on how spiritual practices like silent prayer inform her pedagogical practice is presented. Coakley shares that while she tries to make time for silent prayer amidst her numerous teaching commitments, such practices must not be included as a requirement in theological courses. Citing George Steiner's comments on the eroticism inherent in the teacher-student relationship, she warns theology teachers to be on guard against self-aggrandizement.","2012","2026-02-05 00:51:24","2026-02-05 02:12:45","","","","2","12","","JCRT","","","","","","Whitestone Foundation","","","","","","","","","","","","","United States; Silence; Prayer; Desire and religion; Knowledge; 1929-; Spiritual exercises; 1951-; American theologians; Coakley; Erotica; George; Religious educators; Sarah; Steiner; Theory of (Religion); Education – Philosophy","","","","","","","","","","","","","","","","","","","","","","","","","","","","","","","","","","","","","","","","","","","","","","",""
"54K6ZDM4","journalArticle","2012","GOODCHILD, PHILIP","ENGAGED PHILOSOPHY OF RELIGION.","Journal for Cultural & Religious Theory","","15305228","","https://research.ebsco.com/plink/4b22b901-c65b-321b-a862-a691d83dd402","The author presents his reflections on the three classical philosophical problems concerned with transcendence, meaningless suffering, and cosmology in terms of an","2012","2026-02-05 00:51:24","2026-02-05 02:12:45","","52-68","","2","12","","JCRT","","","","","","Whitestone Foundation","","","","","","","","","","","","","Suffering; Reasoning; Philosophy; Transcendence (Philosophy); Metaphysical cosmology","","","","","","","","","","","","","","","","","","","","","","","","","","","","","","","","","","","","","","","","","","","","","","",""
"WIMAQUPQ","journalArticle","2012","ROBERT, WILLIAM","PERFORMING RELIGIOUSLY BETWEEN PASSION AND RESISTANCE.","Journal for Cultural & Religious Theory","","15305228","","https://research.ebsco.com/plink/672f8503-15bf-38df-a411-18a71e26835a","The author describes how the examination of the double bind of passion and resistance as performed in Peter Shaffer's play","2012","2026-02-05 00:51:24","2026-02-05 02:12:45","","69-84","","2","12","","JCRT","","","","","","Whitestone Foundation","","","","","","","","","","","","","Religious studies; Jacques; 1930-2004; Derrida; Richard; Peter; 1926-2016; 1934-; Religion in literature; Schechner; Shaffer","","","","","","","","","","","","","","","","","","","","","","","","","","","","","","","","","","","","","","","","","","","","","","",""
"BSVH242K","journalArticle","2012","DICKINSON, T. WILSON","TEACHING WITH FEAR AND TREMBLING: THE TRIAL OF ABRAHAM, THE READER, AND THE PROFESSOR.","Journal for Cultural & Religious Theory","","15305228","","https://research.ebsco.com/plink/c37493b2-1554-3e4d-8276-c4d890632b09","The author suggests that teaching Danish philosopher Søren Kierkegaard's 1832 book","2012","2026-02-05 00:51:24","2026-02-05 02:12:45","","85-105","","2","12","","JCRT","","","","","","Whitestone Foundation","","","","","","","","","","","","","Students; Education; 1813-1855; Kierkegaard; Søren; Administration of Education Programs; All Other Miscellaneous Schools and Instruction; Educational Support Services; College teachers; Fear & Trembling (Book : Kierkegaard)","","","","","","","","","","","","","","","","","","","","","","","","","","","","","","","","","","","","","","","","","","","","","","",""
"HPE3JUFU","journalArticle","2012","MACKENDRICK, KARMEN","SLOW READING: LEARNING IN THE TIME OF THE BODY.","Journal for Cultural & Religious Theory","","15305228","","https://research.ebsco.com/plink/dcd7504d-0b39-3dfe-a0fb-f5874b4b2fb5","The author calls attention to the fracturing of temporality caused by the distractions that go hand-in-hand with 21st century life, which she claims has had a detrimental impact on the ability of students to apply themselves to activities requiring close textual attention. Thus, she urges educators to adapt some of the practices of medieval monastic communities in the modern classroom by modeling to their students the pleasures involved in attending to texts in a focused yet sensual manner.","2012","2026-02-05 00:51:24","2026-02-05 02:12:45","","106-121","","2","12","","JCRT","","","","","","Whitestone Foundation","","","","","","","","","","","","","Students; Education; Administration of Education Programs; All Other Miscellaneous Schools and Instruction; Educational Support Services; Educators; Classroom environment; Teaching methods","","","","","","","","","","","","","","","","","","","","","","","","","","","","","","","","","","","","","","","","","","","","","","",""
"TA368W24","journalArticle","2012","BRITT, BRIAN","PSALM RECITATION AND POST-SECULAR TIME: AUGUSTINE, THE IPOD, AND PSALM 90.","Journal for Cultural & Religious Theory","","15305228","","https://research.ebsco.com/plink/d8bf3ff9-4bac-3f94-8367-e4830a5a7126","The author encourages Biblical scholars to take into closer consideration the traditions of recitation and reception of the Book of Psalms, especially Psalm 90, in order for them to gain a more nuanced understanding of how these psalms imagine the nature of time itself. He observes how the Psalms are an anthology arranged according to different traditions of recitation and practice, and adds that St. Augustine used psalm recitation as an analogy to describe the workings of time and memory.","2012","2026-02-05 00:51:24","2026-02-05 02:12:45","","122-147","","2","12","","JCRT","","","","","","Whitestone Foundation","","","","","","","","","","","","","Psychology; Bible. Psalms; Memory; Learning and scholarship; Christianity; Bible. Psalms 90-106; Desire and religion; Saint; Postsecularism; Analogy; Biblical scholars; Recitation (Education); Augustine; Education – Methods; Education – Philosophy; of Hippo; 354-430 – Philosophy; Bible – Liturgical use; Bible – Reading; Recitations; Technology; Technology and society; Time – Philosophy; Time in religion","","","","","","","","","","","","","","","","","","","","","","","","","","","","","","","","","","","","","","","","","","","","","","",""
"DAKAJRHH","journalArticle","2012","COCHRANE, RICH","HEXIS AND GRACE: THE FORMATION OF SOULS AT PORT ROYAL AND ELSEWHERE.","Journal for Cultural & Religious Theory","","15305228","","https://research.ebsco.com/plink/aad08460-5757-3c28-ade7-25e2be2151fc","The author discusses how Aristotle's concept of hexis (commonly translated as","2012","2026-02-05 00:51:24","2026-02-05 02:12:45","","148-162","","2","12","","JCRT","","","","","","Whitestone Foundation","","","","","","","","","","","","","Spiritual formation; Salvation; Plato; Foucault; Grace (Theology); Saint; 1926-1984; Michel; Soul; 384-322 B.C.; Aristotle; Jacqueline; Pascal; Religious life of children; 1625-1661; 354-430 – Theology – Grace; Augustine; Donald A; Education – Methods; Education – Philosophy; Jansenists and Jansenism; Monasticism and religious orders – Education; of Hippo; Port-Royal des Champs (Abbey); Reflection (Philosophy); Schön","","","","","","","","","","","","","","","","","","","","","","","","","","","","","","","","","","","","","","","","","","","","","","",""
"LIWH4LRW","journalArticle","2012","CROCKETT, CLAYTON","PEDAGOGY AND RADICAL EQUALITY: RANCIÈRE'S IGNORANT SCHOOLMASTER.","Journal for Cultural & Religious Theory","","15305228","","https://research.ebsco.com/plink/d5f0b146-4469-33db-ad08-b49746445bb1","The author discusses how the idea of intellectual emancipation developed in Jacques Rancière's book","2012","2026-02-05 00:51:24","2026-02-05 02:12:45","","163-173","","2","12","","JCRT","","","","","","Whitestone Foundation","","","","","","","","","","","","","Intellect; Equality; Education; Jacques; The (Book); Administration of Education Programs; All Other Miscellaneous Schools and Instruction; Educational Support Services; 1940-; Ignorant Schoolmaster: Five Lessons in Intellectual Emancipation; Rancière","","","","","","","","","","","","","","","","","","","","","","","","","","","","","","","","","","","","","","","","","","","","","","",""
"JXKZGJPI","journalArticle","2012","BALLAN, JOSEPH","THE INTELLIGENCE OF THE BOOK: THE RELIGIOUS STUDIES CLASSROOM AS TRANSLATION WORKSHOP.","Journal for Cultural & Religious Theory","","15305228","","https://research.ebsco.com/plink/982e0695-4394-3095-96e3-ea0a6cb660c6","The author describes how the ideas set forth by philosopher Jacques Rancière in his book","2012","2026-02-05 00:51:24","2026-02-05 02:12:45","","174-186","","2","12","","JCRT","","","","","","Whitestone Foundation","","","","","","","","","","","","","Transmission of texts; Students; Religious education; Equality; Reading; Teacher-student relationships; Freedom – Philosophy; Jacques; The; Religion (Study and teaching); 1804-1872; Feuerbach; Ludwig; 1940-; Rancière; Religious literature; Teachers; Education – Philosophy; Education – Experimental methods; 1931-1994; Debord; Guy; Spectacular","","","","","","","","","","","","","","","","","","","","","","","","","","","","","","","","","","","","","","","","","","","","","","",""
"59DUY268","journalArticle","2012","HEO, ANGIE","THREE CLASSROOM READINGS OF 'ETHNOGRAPHIC PRACTICE' IN RELIGIOUS STUDIES.","Journal for Cultural & Religious Theory","","15305228","","https://research.ebsco.com/plink/1403169d-8ede-31e8-b2c6-ca7e5205d635","The author looks at several models of ethnographic practices of fieldwork and writing and their possible contributions to religious studies. She notes that American anthropologist Clifford Geertz favored a cultural-interpretivist approach to ethnography, while French philosopher Michel de Certeau observes that the value of ethnographic writing lies in its re-inscription of alterity. She also mentions the","2012","2026-02-05 00:51:24","2026-02-05 02:12:45","","187-195","","2","12","","JCRT","","","","","","Whitestone Foundation","","","","","","","","","","","","","Ethnology; Other (Philosophy); Material culture; 1925-1986; 1926-2006; Certeau; Clifford; Geertz; Michel de","","","","","","","","","","","","","","","","","","","","","","","","","","","","","","","","","","","","","","","","","","","","","","",""
"BZZ8YIDB","journalArticle","2012","BLOSSER, JOE","BEYOND MORAL DEVELOPMENT: RE-THEORIZING ETHICAL PRACTICES IN SERVICE LEARNING.","Journal for Cultural & Religious Theory","","15305228","","https://research.ebsco.com/plink/1d8a0642-6bb2-346c-bd10-912300c439d6","The author calls for a re-conceptualization of the philosophical framework behind the pedagogical practice of service learning based on the theories of Paul Ricoeur, who emphasizes the role of narrative in the development of the ethical self. He argues that the preoccupation of most of the service learning literature with assessing the","2012","2026-02-05 00:51:24","2026-02-05 02:12:45","","196-214","","2","12","","JCRT","","","","","","Whitestone Foundation","","","","","","","","","","","","","United States; Students; Ethics; Moral development; Universities and colleges; Learning; Teacher-student relationships; John; Paul; 1913-2005; Ricœur; Service learning; Education – Methods; Education – Philosophy; 1859-1952; Dewey; Ricoeur; Student service","","","","","","","","","","","","","","","","","","","","","","","","","","","","","","","","","","","","","","","","","","","","","","",""
"VXA8B3ZD","journalArticle","2012","PETERS, REBECCA TODD","TEACHING FOR SOCIAL JUSTICE: CREATING A CONTEXT FOR TRANSFORMATION.","Journal for Cultural & Religious Theory","","15305228","","https://research.ebsco.com/plink/8fbbd1eb-c2de-3b20-a1f7-7e097cd5870a","The author explains how she applies the principles of transformative pedagogy described in the writings of Brazilian educator Paulo Freire in teaching ethics to American college students. She relates that rather than striving to indoctrinate her students with her own values, she employs the spiral of theory and praxis to come up with experiential learning activities that will help them think about how their actions could have a positive or negative impact on the communities in which they live.","2012","2026-02-05 00:51:24","2026-02-05 02:12:45","","215-227","","2","12","","JCRT","","","","","","Whitestone Foundation","","","","","","","","","","","","","Brazil; Transformative learning; 1921-1997; Active learning; College students; Experiential learning; Freire; Paulo","","","","","","","","","","","","","","","","","","","","","","","","","","","","","","","","","","","","","","","","","","","","","","",""
"4C4UFKKI","journalArticle","2012","MON℡-HURLIN, ELISE","JESUS BEYOND CHRIST: ERRI DE LUCA AND THE","Journal for Cultural & Religious Theory","","15305228","","https://research.ebsco.com/plink/ea1fabec-5d12-3367-b917-6f029cd33707","The author highlights how the act of translating the Bible has allowed Italian left-wing activist Erri de Luca to come into contact with an","2012","2026-02-05 00:51:24","2026-02-05 02:12:45","","228-239","","2","12","","JCRT","","","","","","Whitestone Foundation","","","","","","","","","","","","","Poetics; Philosophy; Old Testament; Bible translating; De Luca; Erri; New Testament","","","","","","","","","","","","","","","","","","","","","","","","","","","","","","","","","","","","","","","","","","","","","","",""
"K9EXHNBM","journalArticle","2012","FONG, BENJAMIN","Spheres, Volume One: Bubbles.","Journal for Cultural & Religious Theory","","15305228","","https://research.ebsco.com/plink/41b7311c-392e-3fc4-97b7-348f9613ec73","The article reviews the book","2012","2026-02-05 00:51:24","2026-02-05 02:12:45","","240-242","","2","12","","JCRT","","","","","","Whitestone Foundation","","","","","","","","","","","","","Religion; Nonfiction; Peter; Sloterdijk; Spheres; Spheres: Bubbles (Book)","","","","","","","","","","","","","","","","","","","","","","","","","","","","","","","","","","","","","","","","","","","","","","",""
"6P33UJNF","journalArticle","2012","Schulman, Alex","Sorting out biopolitics","Journal for Cultural & Religious Theory","","1530-5228","","https://research.ebsco.com/plink/008b4c75-7ffe-3ae6-8856-983de419002e","","2012","2026-02-05 01:16:22","2026-02-05 02:12:45","","null-null","","1","12","","JCRT","","","","","","Whitestone Foundation","","","","","","","","","","","","","Power (Social sciences); Foucault; Sovereignty; Politics and government; Political science – Philosophy; Body; Human (Philosophy); 1926-1984; Michel; 1895-1963; 1955-; Eric L; Ernst Hartwig; Human; Kantorowicz; Santner","","","","","","","","","","","","","","","","","","","","","","","","","","","","","","","","","","","","","","","","","","","","","","",""
"9M4U5K54","journalArticle","2012","Kessler, Samuel Joseph","The sacredness of 'secular' literature: a case study in Walter Benjamin","Journal for Cultural & Religious Theory","","1530-5228","","https://research.ebsco.com/plink/7024c839-66e1-35fa-abc0-3fd84bca65df","","2012","2026-02-05 01:16:22","2026-02-05 02:12:45","","null-null","","1","12","","JCRT","","","","","","Whitestone Foundation","","","","","","","","","","","","","Criticism; Secularism; Jewish theology; Judaism; Philosophy; The; Holy; 1892-1940; Benjamin; Walter; 1907-1986; Appearance (Philosophy); Éliade; Jewish; Mircéa; Torah – Commentaries; Writing and religion","","","","","","","","","","","","","","","","","","","","","","","","","","","","","","","","","","","","","","","","","","","","","","",""
"ERM4P7UK","journalArticle","2012","Vahanian, Gabriel","From human being to being human: an impossible short-cut. A review essay on Elisabeth Roudinesco, Retour sur la question juive","Journal for Cultural & Religious Theory","","1530-5228","","https://research.ebsco.com/plink/81aeb24f-ba3d-3e5a-b003-9c22d9db8015","","2012","2026-02-05 01:16:22","2026-02-05 02:12:45","","null-null","","1","12","","JCRT","","","","","","Whitestone Foundation","","","","","","","","","","","","","Antisemitism; Jewish-Arab relations; 1944-; Zionism; Elisabeth; Holocaust; Jewish (1939-1945); Judaism and politics; Roudinesco","","","","","","","","","","","","","","","","","","","","","","","","","","","","","","","","","","","","","","","","","","","","","","",""
"AJCAHECL","journalArticle","2012","Nelson, Jennifer (Art historian)","The flesh might look funny – if you look at it","Journal for Cultural & Religious Theory","","1530-5228","","https://research.ebsco.com/plink/caf32164-0c7a-38e9-9d2c-7eb1c2e69e5d","","2012","2026-02-05 01:16:22","2026-02-05 02:12:45","","null-null","","1","12","","JCRT","","","","","","Whitestone Foundation","","","","","","","","","","","","","Sovereignty; Politics and government; Modern; Body; Human (Philosophy); David; Francis; Art; 1895-1963; 1955-; Eric L; Ernst Hartwig; Human; Kantorowicz; Santner; 1748-1825; 1909-1992; Bacon; Clark; Human figure in art; Jacques Louis; T J. (Timothy J)","","","","","","","","","","","","","","","","","","","","","","","","","","","","","","","","","","","","","","","","","","","","","","",""
"Y9455L79","journalArticle","2012","Miller, Nichole E","Pauline biopolitics","Journal for Cultural & Religious Theory","","1530-5228","","https://research.ebsco.com/plink/6f1974fe-7d28-3f68-9493-3d2cdbbaafc1","","2012","2026-02-05 01:16:22","2026-02-05 02:12:45","","null-null","","1","12","","JCRT","","","","","","Whitestone Foundation","","","","","","","","","","","","","Foucault; Politics and government; Religion and politics; Body; Human (Philosophy); Human body in religion; Psychoanalysis and religion; 1926-1984; Michel; Paul; the Apostle; 1955-; Eric L; Human; Santner; Saint – Political and social views; Saint – Theology – Anthropology","","","","","","","","","","","","","","","","","","","","","","","","","","","","","","","","","","","","","","","","","","","","","","",""
"AF3CIFBP","journalArticle","2012","Santner, Eric L","Response","Journal for Cultural & Religious Theory","","1530-5228","","https://research.ebsco.com/plink/278ef0e9-cbb2-3652-9233-6ef8ad60aeb9","","2012","2026-02-05 01:16:22","2026-02-05 02:12:45","","null-null","","1","12","","JCRT","","","","","","Whitestone Foundation","","","","","","","","","","","","","Sovereignty; Politics and government; Body; Human (Philosophy); 1942-; Agamben; Giorgio; Miller; Anna; 1895-1963; Ernst Hartwig; Human; Kantorowicz; (Art historian); Alex; Erica; Jennifer; Jennifer R; Kornbluh; McIver; Mia L; Nelson; Nichole E; Rust; Schulman; Weitzman","","","","","","","","","","","","","","","","","","","","","","","","","","","","","","","","","","","","","","","","","","","","","","",""
"ACTCU6IR","journalArticle","2012","Kornbluh, Anna","Enjoying law: psychoanalysis and sovereign bodies","Journal for Cultural & Religious Theory","","1530-5228","","https://research.ebsco.com/plink/2d9be8cd-faca-3482-be1a-c53851560e27","","2012","2026-02-05 01:16:22","2026-02-05 02:12:45","","null-null","","1","12","","JCRT","","","","","","Whitestone Foundation","","","","","","","","","","","","","Anxiety; Foucault; Sovereignty; Politics and government; Body; 1901-1981; Jacques; Lacan; 1926-1984; Michel; Psychoanalysis; 1955-; Eric L; Human; Santner","","","","","","","","","","","","","","","","","","","","","","","","","","","","","","","","","","","","","","","","","","","","","","",""
"ZDD9RY68","journalArticle","2012","Rust, Jennifer R","Political theology: sacred flesh and social form","Journal for Cultural & Religious Theory","","1530-5228","","https://research.ebsco.com/plink/f5ea6d43-3655-34ac-8b21-5175695c6b1f","","2012","2026-02-05 01:16:22","2026-02-05 02:12:45","","null-null","","1","12","","JCRT","","","","","","Whitestone Foundation","","","","","","","","","","","","","Politics and government; Shakespeare; William; Political science – Philosophy; Body; Human (Philosophy); Human body in religion; 1895-1963; 1955-; Eric L; Ernst Hartwig; Human; Kantorowicz; Santner; 1564-1616 – Plays; Group identity; Jesus Christ – Mystical body; Political plays","","","","","","","","","","","","","","","","","","","","","","","","","","","","","","","","","","","","","","","","","","","","","","",""
"EUSEZE58","journalArticle","2012","McIver, Mia L","Shame without shame: what remains of modernist aesthetics","Journal for Cultural & Religious Theory","","1530-5228","","https://research.ebsco.com/plink/93b1aafb-1936-33b3-b3d4-1cbcb708774f","","2012","2026-02-05 01:16:22","2026-02-05 02:12:45","","null-null","","1","12","","JCRT","","","","","","Whitestone Foundation","","","","","","","","","","","","","Aesthetics; Sovereignty; Politics and government; Body; Human (Philosophy); 1955-; Eric L; Human; Santner; Modernism (Literature); Physicians in literature; Revolution (France : 1789-1799); Shame","","","","","","","","","","","","","","","","","","","","","","","","","","","","","","","","","","","","","","","","","","","","","","",""
"M933ZBBX","journalArticle","2012","Dicken, Thomas M","Graffiti theology: criteria and an agenda","Journal for Cultural & Religious Theory","","1530-5228","","https://research.ebsco.com/plink/f24670b8-bf44-3309-8405-1ab7d3611718","","2012","2026-02-05 01:16:22","2026-02-05 02:12:45","","null-null","","1","12","","JCRT","","","","","","Whitestone Foundation","","","","","","","","","","","","","Theology; Jesus Christ; Biographies; Philosophical theology; Language and religion; Mystery (Theology); 1886-1965; Paul; Tillich; Graffiti; Contextual; Dyson; Freeman J; Jesus Christ – Teachings; Literary; Narrative theology; Style; Theology – Methodology","","","","","","","","","","","","","","","","","","","","","","","","","","","","","","","","","","","","","","","","","","","","","","",""
"4WI9M53Y","journalArticle","2012","Weitzman, Erica","Odradek's laughter","Journal for Cultural & Religious Theory","","1530-5228","","https://research.ebsco.com/plink/aafc828e-0a3f-362b-a130-bd94fe7c3124","","2012","2026-02-05 01:16:22","2026-02-05 02:12:45","","null-null","","1","12","","JCRT","","","","","","Whitestone Foundation","","","","","","","","","","","","","Philosophical anthropology; Sovereignty; Politics and government; Body; Human (Philosophy); 1955-; Eric L; Human; Santner; 1883-1924; Alenka; Comedy; Franz; Kafka; Politics in literature; Zupančič","","","","","","","","","","","","","","","","","","","","","","","","","","","","","","","","","","","","","","","","","","","","","","",""
"XXDQXLN8","journalArticle","2012","Maltby, Paul","Kinkade, Koons, kitsch","Journal for Cultural & Religious Theory","","1530-5228","","https://research.ebsco.com/plink/d6805528-4ac0-3417-a648-cbb5755daf7f","","2012","2026-02-05 01:16:22","2026-02-05 02:12:45","","null-null","","1","12","","JCRT","","","","","","Whitestone Foundation","","","","","","","","","","","","","Postmodernism; Aesthetics; Secularism; Art and culture; Consumption (Economics); Culture – Philosophy; Modern; Thomas; Sculpture; 1955-; 1958-2012; Art – Prices; Art and society; Jeff; Kinkade; Kitsch; Koons; Landscapes in art; Object (Philosophy); Paradise in art","","","","","","","","","","","","","","","","","","","","","","","","","","","","","","","","","","","","","","","","","","","","","","",""
"C3G44JU8","journalArticle","2010","Fuggle, Sophie","On the persistence of Cynic motifs","Journal for Cultural & Religious Theory","","1530-5228","","https://research.ebsco.com/plink/1f8e4960-d366-356f-b38d-1ed29345b03a","","2010","2026-02-05 01:16:25","2026-02-05 02:12:45","","null-null","","1","11","","JCRT","","","","","","Whitestone Foundation","","","","","","","","","","","","","Institutionalism (Religion); Power (Social sciences); Cynics; Christianity; Paul; the Apostle; Literary; Style; Saint – Literary activity; Saint – Theology – Church; Truth (Religion)","","","","","","","","","","","","","","","","","","","","","","","","","","","","","","","","","","","","","","","","","","","","","","",""
"478ZSYRQ","journalArticle","2010","Mayes, Christopher","The violence of care: an analysis of Foucault's pastor","Journal for Cultural & Religious Theory","","1530-5228","","https://research.ebsco.com/plink/63a28dd1-0bb6-3234-ac68-f1e34c616242","","2010","2026-02-05 01:16:25","2026-02-05 02:12:45","","null-null","","1","11","","JCRT","","","","","","Whitestone Foundation","","","","","","","","","","","","","Violence in the Bible; Bible. John 5-12; Criticism; Bible. John; Power (Social sciences); Christianity; Foucault; Sovereignty; etc.; interpretation; Jesus Christ – Person and offices; 1949-; Slavoj; Žižek; 1926-1984; Michel; David; Paul; 1942-; Agamben; Giorgio; the Apostle; Clergy – Office; King of Israel; Mika; Monarchy; Ojakangas; Sacrifice (Christianity); Saint – Theology – Ministry; Shepherds; Shepherds – Religious aspects – Judaism; Violence and religion","","","","","","","","","","","","","","","","","","","","","","","","","","","","","","","","","","","","","","","","","","","","","","",""
"YSFL7T2Z","journalArticle","2010","Charles, Ronald","The report of 1 Corinthians 5 in critical dialogue with Foucault","Journal for Cultural & Religious Theory","","1530-5228","","https://research.ebsco.com/plink/e78f8adb-3b74-3bd0-bfc7-f6804e9ce1b2","","2010","2026-02-05 01:16:25","2026-02-05 02:12:45","","null-null","","1","11","","JCRT","","","","","","Whitestone Foundation","","","","","","","","","","","","","Criticism; Sexual ethics; Bible. Corinthians I; Sex in the Bible; Power (Social sciences); Christianity; Foucault; etc.; interpretation; 1926-1984; Michel; Paul; the Apostle; Church (Authority); Community and religion; Pride and vanity; Saint – Ethics; Social status and religion","","","","","","","","","","","","","","","","","","","","","","","","","","","","","","","","","","","","","","","","","","","","","","",""
"DGZ5HDKY","journalArticle","2010","De Boever, Arne","Bio-paulitics","Journal for Cultural & Religious Theory","","1530-5228","","https://research.ebsco.com/plink/4bd2b051-ab46-306a-be5a-26a287c0f9b4","","2010","2026-02-05 01:16:25","2026-02-05 02:12:45","","null-null","","1","11","","JCRT","","","","","","Whitestone Foundation","","","","","","","","","","","","","Law and gospel; Bible. Epistles of Paul; Power (Social sciences); Foucault; Political science – Philosophy; 1926-1984; Michel; Paul; the Apostle; Saint – Political and social views; Faith – Biblical teaching; Good works (Theology); Life – Biblical teaching; Saint – Theology","","","","","","","","","","","","","","","","","","","","","","","","","","","","","","","","","","","","","","","","","","","","","","",""
"NB8V5Y54","journalArticle","2010","Ojakangas, Mika","On the Pauline roots of biopolitics: Apostle Paul in company with Foucault and Agamben","Journal for Cultural & Religious Theory","","1530-5228","","https://research.ebsco.com/plink/98980986-ffdc-3127-b389-ec618107912e","","2010","2026-02-05 01:16:25","2026-02-05 02:12:45","","null-null","","1","11","","JCRT","","","","","","Whitestone Foundation","","","","","","","","","","","","","Bible. Epistles of Paul; Fathers of the church; Life; Power (Social sciences); Christianity; Foucault; Sovereignty; Political science – Philosophy; 1926-1984; Michel; John; Paul; 1937-; Alain; Badiou; 1942-; Agamben; Giorgio; the Apostle; Shepherds; Church (Authority); Church polity; Milbank; Saint – Theology – Law and gospel","","","","","","","","","","","","","","","","","","","","","","","","","","","","","","","","","","","","","","","","","","","","","","",""
"PZSCQDIM","journalArticle","2010","Glowacki, David R","All things to all people: unravelling the structure of the apostolic panopticon","Journal for Cultural & Religious Theory","","1530-5228","","https://research.ebsco.com/plink/89726ad3-55c1-3d62-80f3-33f93c89664c","","2010","2026-02-05 01:16:25","2026-02-05 02:12:45","","null-null","","1","11","","JCRT","","","","","","Whitestone Foundation","","","","","","","","","","","","","Bible. Epistles of Paul; Power (Social sciences); Foucault; 1926-1984; Michel; Paul; the Apostle; Jesus Christ – Mystical body; Saint – Theology – Church; Church (Authority); (Biblical leader); 1748-1832; Autonomy; Bentham; Jeremy; Legitimation (Religion); Moses; Prisons and prisoners; Subject (Philosophy)","","","","","","","","","","","","","","","","","","","","","","","","","","","","","","","","","","","","","","","","","","","","","","",""
"5T8NB9WT","journalArticle","2010","Ruin, Hans","Faith, grace, and the destruction of tradition: a hermeneutic-genealogical reading of the pauline letters","Journal for Cultural & Religious Theory","","1530-5228","","https://research.ebsco.com/plink/1182bff4-af18-339b-a111-d446477ed516","","2010","2026-02-05 01:16:25","2026-02-05 02:12:45","","null-null","","1","11","","JCRT","","","","","","Whitestone Foundation","","","","","","","","","","","","","Experience (Religion); Criticism; Hermeneutics; Bible. Epistles of Paul; Faith; Life; Foucault; etc.; interpretation; Self (Philosophy); 1844-1900; Friedrich Wilhelm; Nietzsche; 1926-1984; Michel; 1889-1976; Heidegger; Martin; Phenomenology; Paul; the Apostle; Saint – Literary activity; Saint – Ethics; Bible. New Testament – Criticism; Grace (Theology) – History of doctrines; interpretation – History","","","","","","","","","","","","","","","","","","","","","","","","","","","","","","","","","","","","","","","","","","","","","","",""
"V8FNP7QH","journalArticle","2010","Blanton, Ward","'Reappearance of Paul, 'sick”: Foucault's biopolitics and the significance of Pasolini's apostle","Journal for Cultural & Religious Theory","","1530-5228","","https://research.ebsco.com/plink/c6020d6f-3640-3aea-9ede-c6ba0c7d5a6d","","2010","2026-02-05 01:16:25","2026-02-05 02:12:45","","null-null","","1","11","","JCRT","","","","","","Whitestone Foundation","","","","","","","","","","","","","Life; Power (Social sciences); Foucault; Saint; Antonio; Body; Human (Philosophy); 1926-1984; Michel; Paul; the Apostle; Subject (Philosophy); 1922-1975; 1933-2023; 1960-; Christian saints in art; Hardt; Michael; Negri; Pasolini; Pier Paolo; Sex and society","","","","","","","","","","","","","","","","","","","","","","","","","","","","","","","","","","","","","","","","","","","","","","",""
"4QIPNZ9B","journalArticle","2010","Nicolet, Valérie","Becoming a subject: the case of Michel Foucault and Paul","Journal for Cultural & Religious Theory","","1530-5228","","https://research.ebsco.com/plink/1acc138b-5c47-3734-9c8c-26d669f2cea0","","2010","2026-02-05 01:16:25","2026-02-05 02:12:45","","null-null","","1","11","","JCRT","","","","","","Whitestone Foundation","","","","","","","","","","","","","Criticism; Bible. Romans; Power (Social sciences); Bible. Romans 12-16; Bible. Romans 5-8; 1956-; Foucault; Butler; etc.; interpretation; Self (Philosophy); Knowledge; Theory of; 1926-1984; Michel; Paul; Judith; the Apostle; Saint – Theology – Anthropology; Autonomy; Subject (Philosophy); Obedience; Saint – Psychology","","","","","","","","","","","","","","","","","","","","","","","","","","","","","","","","","","","","","","","","","","","","","","",""
"PQMZR6JQ","journalArticle","2010","Chrulew, Matthew","The pauline ellipsis in Foucault's genealogy of Christianity","Journal for Cultural & Religious Theory","","1530-5228","","https://research.ebsco.com/plink/f80d5d1c-1ee5-3a77-948d-58c921dc4525","","2010","2026-02-05 01:16:25","2026-02-05 02:12:45","","null-null","","1","11","","JCRT","","","","","","Whitestone Foundation","","","","","","","","","","","","","Authority (Religion); Criticism; Bible. Epistles of Paul; Power (Social sciences); Historiography; Church history; Christianity; Foucault; 0030-600; Desire and religion; etc.; interpretation; Self (Philosophy); Human body in religion; 1844-1900; Friedrich Wilhelm; Nietzsche; 1949-; Psychoanalysis and religion; Slavoj; Žižek; 1926-1984; Michel; Paul; 1937-; Alain; Badiou; the Apostle; Saint – Theology","","","","","","","","","","","","","","","","","","","","","","","","","","","","","","","","","","","","","","","","","","","","","","",""
"ZP4HJJBD","journalArticle","2011","McCullough, Lissa","Strange animal","Journal for Cultural & Religious Theory","","1530-5228","","https://research.ebsco.com/plink/e5b73ec0-835b-324a-9c4e-95ad1a42bd3b","","2011","2026-02-05 01:16:26","2026-02-05 02:12:45","","null-null","","3","11","","JCRT","","","","","","Whitestone Foundation","","","","","","","","","","","","","Philosophical anthropology; Nudity; Body; Human (Philosophy); Jacques; 1930-2004; Derrida; Animals (Philosophy); Vision","","","","","","","","","","","","","","","","","","","","","","","","","","","","","","","","","","","","","","","","","","","","","","",""
"HRN2F5AB","journalArticle","2011","Sealey, Kris","Desire as disruption","Journal for Cultural & Religious Theory","","1530-5228","","https://research.ebsco.com/plink/fd5f8687-9d5d-330a-a984-ba9d0bd26a53","","2011","2026-02-05 01:16:26","2026-02-05 02:12:45","","null-null","","3","11","","JCRT","","","","","","Whitestone Foundation","","","","","","","","","","","","","Metaphysics; Plato; Love; Other (Philosophy); Self (Philosophy); 1906-1995; Emmanuel; Lévinas; 1978-; 1905-1980; Jean-Paul; Sartre; Subject (Philosophy); Dalton; Desire; Drew M; Need (Psychology)","","","","","","","","","","","","","","","","","","","","","","","","","","","","","","","","","","","","","","","","","","","","","","",""
"ZDUYDCX4","journalArticle","2011","Taylor, Victor E; Vries, Hent de","Minimal difference with maximal import: 'deep pragmatism' and global religion: an interview with Hent de Vries","Journal for Cultural & Religious Theory","","1530-5228","","https://research.ebsco.com/plink/51e08746-97d8-3ef1-a3a9-8ae9184c3b77","","2011","2026-02-05 01:16:26","2026-02-05 02:12:45","","null-null","","3","11","","JCRT","","","","","","Whitestone Foundation","","","","","","","","","","","","","Philosophy and theology; Social change; Public theology; Intellectual life; Globalization and religion; Politics and government; Jacques; 1929-; Frankfurt school of sociology; Habermas; Jürgen; 1930-2004; Derrida; Religion (Study and teaching); Interdisciplinary study; Communism; Netherlands; Poststructuralism; Pragmatism; Socialism","","","","","","","","","","","","","","","","","","","","","","","","","","","","","","","","","","","","","","","","","","","","","","",""
"453SA4L3","journalArticle","2011","Dalton, Drew M","The vaccination of the infinite: Levinas' metaphysical desire and the call of the other","Journal for Cultural & Religious Theory","","1530-5228","","https://research.ebsco.com/plink/d843be81-14f4-33f4-ac63-3415f2da7599","","2011","2026-02-05 01:16:26","2026-02-05 02:12:45","","null-null","","3","11","","JCRT","","","","","","Whitestone Foundation","","","","","","","","","","","","","Transcendence; Interpersonal relations; Metaphysics; Other (Philosophy); 1906-1995; Emmanuel; Lévinas; Desire; Ethics – Methodology; Infinite","","","","","","","","","","","","","","","","","","","","","","","","","","","","","","","","","","","","","","","","","","","","","","",""
"UP6NYJ6R","journalArticle","2011","Simmons, J Aaron","In whom, then, do we put trust?","Journal for Cultural & Religious Theory","","1530-5228","","https://research.ebsco.com/plink/36b9d44a-bd3e-3ddc-bfc7-65e3707d7278","","2011","2026-02-05 01:16:26","2026-02-05 02:12:45","","null-null","","3","11","","JCRT","","","","","","Whitestone Foundation","","","","","","","","","","","","","Transcendence; God (Philosophy); Revelation; Love; Other (Philosophy); Jacques; Religion – Philosophy; 1906-1995; Emmanuel; Lévinas; 1930-2004; Derrida; Phenomenology; 1978-; 1946-; Jean-Luc; Marion; Dalton; Desire; Drew M","","","","","","","","","","","","","","","","","","","","","","","","","","","","","","","","","","","","","","","","","","","","","","",""
"W3476SVC","journalArticle","2011","Kolozova, Katerina","The figure of the stranger: a possibility for transcendental minimalism or radical subjectivity","Journal for Cultural & Religious Theory","","1530-5228","","https://research.ebsco.com/plink/eaf117f2-b417-3c36-a2b2-0b347e0bae80","","2011","2026-02-05 01:16:26","2026-02-05 02:12:45","","null-null","","3","11","","JCRT","","","","","","Whitestone Foundation","","","","","","","","","","","","","Transcendence; Philosophical anthropology; Subjectivity; Self (Philosophy); Psychoanalysis; 1937-; Alienation (Philosophy); François; Laruelle; Strangers","","","","","","","","","","","","","","","","","","","","","","","","","","","","","","","","","","","","","","","","","","","","","","",""
"JVQFLTH7","journalArticle","2011","Holsclaw, Geoffrey","Christ in circulation: the eucharistic exchange and money","Journal for Cultural & Religious Theory","","1530-5228","","https://research.ebsco.com/plink/b010a556-fda2-3123-9403-2c2c75c068bc","","2011","2026-02-05 01:16:26","2026-02-05 02:12:45","","null-null","","2","11","","JCRT","","","","","","Whitestone Foundation","","","","","","","","","","","","","Dissent; Grace (Theology); Lord's Supper – Real presence; Political; The; 1942-; Marxian economics; 1941-; Chauvet; Eucharistic prayers; Exchange; Government; Karatani; Kōjin; Louis-Marie; Money; Resistance to; State","","","","","","","","","","","","","","","","","","","","","","","","","","","","","","","","","","","","","","","","","","","","","","",""
"GL7FXLVH","journalArticle","2011","Robbins, Jeffrey W","Operation Neptune spear","Journal for Cultural & Religious Theory","","1530-5228","","https://research.ebsco.com/plink/3d77b78d-ac57-316b-959f-40bfad958c91","","2011","2026-02-05 01:16:26","2026-02-05 02:12:45","","null-null","","2","11","","JCRT","","","","","","Whitestone Foundation","","","","","","","","","","","","","Modernism; Protestantism; Christian; Civilization; 1949-; Slavoj; Žižek; John; 2001-2009; War on Terrorism; Violence and religion; Milbank; 1957-2011; Bin Laden; Creston; Davis; Osama; Radical Orthodoxy (Movement); Secular; Theology – Historiography","","","","","","","","","","","","","","","","","","","","","","","","","","","","","","","","","","","","","","","","","","","","","","",""
"X7N87EFJ","journalArticle","2011","Stockwell, Cory","The secret that God keeps from us: on the necessary plurality of religions in Kant","Journal for Cultural & Religious Theory","","1530-5228","","https://research.ebsco.com/plink/5bb729f8-4936-3eae-87c6-b037734a6731","","2011","2026-02-05 01:16:26","2026-02-05 02:12:45","","null-null","","2","11","","JCRT","","","","","","Whitestone Foundation","","","","","","","","","","","","","Christianity and Judaism; Faith; Religious pluralism; Judaism; Religion – Philosophy; Knowledge; 1724-1804; Immanuel; Kant; Community and religion; German language – Translating into English; God (Judaism); Philosophy – Terminology; Secret (Philosophy); Theory of (Religion)","","","","","","","","","","","","","","","","","","","","","","","","","","","","","","","","","","","","","","","","","","","","","","",""
"UBENLTBM","journalArticle","2011","Finer, Daniel M","Radical narcissism and the freedom to choose otherwise: a critique of Hägglund's Derrida","Journal for Cultural & Religious Theory","","1530-5228","","https://research.ebsco.com/plink/bc9ac3b5-0183-3411-bc26-3afe8f9381ad","","2011","2026-02-05 01:16:26","2026-02-05 02:12:45","","null-null","","2","11","","JCRT","","","","","","Whitestone Foundation","","","","","","","","","","","","","Materialism; Atheism; Self-love; Love; Liberty; Democracy; Difference (Philosophy); 1949-; Jacques; Religion – Philosophy; Slavoj; Žižek; The; 1930-2004; Derrida; Martin; Finite; 1976-; Hägglund","","","","","","","","","","","","","","","","","","","","","","","","","","","","","","","","","","","","","","","","","","","","","","",""
"2F83GRP9","journalArticle","2011","Wood, Simon A","Rethinking fundamentalism: Ruhollah Knomeini, Mawlana Mawdudi, and the fundamentalist model","Journal for Cultural & Religious Theory","","1530-5228","","https://research.ebsco.com/plink/e8f17564-6c30-39da-b058-7fde4609c136","","2011","2026-02-05 01:16:26","2026-02-05 02:12:45","","null-null","","2","11","","JCRT","","","","","","Whitestone Foundation","","","","","","","","","","","","","Enlightenment; Islam and state; Methodology; Religions (Study and teaching); Civilization; Modern; The; State; 1902-1989; 1903-1979; Ayatollah; Fundamentalism – Comparative studies; Fundamentalism – Islam; Golden age (Mythology); Iran; Islam and culture; Islam and politics; Khomeini; Literalism; Maudoodi; Maulana; Political science – History; Qurʼan – Use; Ruhollah; Secularization (Religion); Syed Abul ʻAla; Theocracy; Tradition (Islam)","","","","","","","","","","","","","","","","","","","","","","","","","","","","","","","","","","","","","","","","","","","","","","",""
"EV2U4TH4","journalArticle","2011","Taylor, Victor E","Absolute Christ or 'WDCD?': the question of Christian materiality in The monstrosity of Christ: paradox or dialectic","Journal for Cultural & Religious Theory","","1530-5228","","https://research.ebsco.com/plink/ba616f49-504c-39da-b5e1-89403d7e663c","","2011","2026-02-05 01:16:26","2026-02-05 02:12:45","","null-null","","2","11","","JCRT","","","","","","Whitestone Foundation","","","","","","","","","","","","","Materialism; Theologia crucis; Reconciliation (Theology); Ontology; Christianity; Christianity and atheism; Difference (Philosophy); Jesus Christ – Crucifixion; Body; Human (Philosophy); Human body in religion; 1949-; Slavoj; Žižek; Capitalism and religion; John; Theology – Methodology; Community and religion; Milbank; 1475-1564; Jesus Christ – Art; Jesus Christ – Humanity; Michelangelo Buonarroti","","","","","","","","","","","","","","","","","","","","","","","","","","","","","","","","","","","","","","","","","","","","","","",""
"J7H5K3C6","journalArticle","2011","Crockett, Clayton","The monstrosity of the other","Journal for Cultural & Religious Theory","","1530-5228","","https://research.ebsco.com/plink/a90db68e-26ff-33ea-a450-5e6b211f1750","","2011","2026-02-05 01:16:26","2026-02-05 02:12:45","","null-null","","2","11","","JCRT","","","","","","Whitestone Foundation","","","","","","","","","","","","","Death of God (Philosophy); Semiotics; Christianity; Other (Philosophy); 1901-1981; 1949-; Jacques; Lacan; Psychoanalysis and religion; Slavoj; Žižek; Capitalism and religion; John; Paul; the Apostle; Milbank; Saint – Theology – Law and gospel; Creston; Davis; Chiesa; Lorenzo; Love in religion","","","","","","","","","","","","","","","","","","","","","","","","","","","","","","","","","","","","","","","","","","","","","","",""
"6QB27XB7","journalArticle","2011","Hägglund, Martin","The radical evil of deconstruction: a reply to John Caputo","Journal for Cultural & Religious Theory","","1530-5228","","https://research.ebsco.com/plink/d0dda3ac-1628-30ea-a526-8918edd71351","","2011","2026-02-05 01:16:26","2026-02-05 02:12:45","","null-null","","2","11","","JCRT","","","","","","Whitestone Foundation","","","","","","","","","","","","","Philosophical theology; God (Philosophy); Evil; Atheism; Deconstruction (Criticism); Future; Messianism; Atrocities; Jacques; The; 1930-2004; Derrida; Kearney; Richard; Finite; Caputo; 1940-; Violence and religion; God – Goodness; Hospitality; John D; Possibility","","","","","","","","","","","","","","","","","","","","","","","","","","","","","","","","","","","","","","","","","","","","","","",""
"EYYHP4R3","journalArticle","2011","Raschke, Carl A","The monstrosity of Žižek's Christianity","Journal for Cultural & Religious Theory","","1530-5228","","https://research.ebsco.com/plink/627a425d-4651-31e7-9cc3-41d94d71d03b","","2011","2026-02-05 01:16:26","2026-02-05 02:12:45","","null-null","","2","11","","JCRT","","","","","","Whitestone Foundation","","","","","","","","","","","","","Death of God (Philosophy); Death of God theology; Theologia crucis; Philosophy and Christianity; Difference (Philosophy); 1901-1981; 1949-; Jacques; Lacan; Psychoanalysis and religion; Slavoj; Žižek; 1927-2018; Altizer; John; Milbank; 1775-1854; Events (Philosophy); Friedrich Wilhelm Joseph von; Schelling; Simplicity (Philosophy); Thomas J J","","","","","","","","","","","","","","","","","","","","","","","","","","","","","","","","","","","","","","","","","","","","","","",""
"ZZWIIMXA","journalArticle","2011","Caputo, John D","The return of anti-religion: from radical atheism to radical theology","Journal for Cultural & Religious Theory","","1530-5228","","https://research.ebsco.com/plink/07662d6d-ff58-3d71-b8ac-bf458bffddb2","","2011","2026-02-05 01:16:26","2026-02-05 02:12:45","","null-null","","2","11","","JCRT","","","","","","Whitestone Foundation","","","","","","","","","","","","","Transcendence; Materialism; Metaphysics; Atheism; Deconstruction (Criticism); Responsibility; Radical theology; Philosophy and theology; Aesthetics; Future; 2000; Christianity and atheism; Other (Philosophy); 1949-; Jacques; Slavoj; Žižek; The; 1906-1995; Emmanuel; Lévinas; Continental philosophy; 1930-2004; Derrida; Martin; God – Name; John; Finite; Milbank; Desire; Infinite; 1976-; Hägglund; Hospitality; Possibility; Events (Philosophy); Creation – History of doctrines; God – Sovereignty","","","","","","","","","","","","","","","","","","","","","","","","","","","","","","","","","","","","","","","","","","","","","","",""
"LMNYLV3I","journalArticle","2011","Zabala, Santiago","The death of God: an investigation into the history of the Western concept of God","Journal for Cultural & Religious Theory","","1530-5228","","https://research.ebsco.com/plink/b1773a9c-2558-3bf7-9008-c1a0146ba589","","2011","2026-02-05 01:16:26","2026-02-05 02:12:45","","null-null","","2","11","","JCRT","","","","","","Whitestone Foundation","","","","","","","","","","","","","","","","","","","","","","","","","","","","","","","","","","","","","","","","","","","","","","","","","","","","","","","","","","","",""
"62DJ8G9F","journalArticle","2011","Hyman, Gavin","Homosexuality and the crisis of Anglicanism","Journal for Cultural & Religious Theory","","1530-5228","","https://research.ebsco.com/plink/e102cbb8-17f3-3a03-80c9-ac5dd2e7e3ac","","2011","2026-02-05 01:16:26","2026-02-05 02:12:45","","null-null","","2","11","","JCRT","","","","","","Whitestone Foundation","","","","","","","","","","","","","","","","","","","","","","","","","","","","","","","","","","","","","","","","","","","","","","","","","","","","","","","","","","","",""
"4UUAVPDH","journalArticle","2011","Ardoline, Michael J","Deleuze and new technology","Journal for Cultural & Religious Theory","","1530-5228","","https://research.ebsco.com/plink/c98f7cfa-133f-3688-87b7-98c3c20d80b9","","2011","2026-02-05 01:16:26","2026-02-05 02:12:45","","null-null","","2","11","","JCRT","","","","","","Whitestone Foundation","","","","","","","","","","","","","","","","","","","","","","","","","","","","","","","","","","","","","","","","","","","","","","","","","","","","","","","","","","","",""
"XKTHUT7P","journalArticle","2011","McClain, Daniel J","Sacramental poetics at the dawn of secularism: when God left the world","Journal for Cultural & Religious Theory","","1530-5228","","https://research.ebsco.com/plink/04dcb856-bdca-379b-9fb3-554ae3c568bf","","2011","2026-02-05 01:16:26","2026-02-05 02:12:45","","null-null","","2","11","","JCRT","","","","","","Whitestone Foundation","","","","","","","","","","","","","","","","","","","","","","","","","","","","","","","","","","","","","","","","","","","","","","","","","","","","","","","","","","","",""
"JS22QTU7","journalArticle","2012","Heo, Angie","Three classic readings of 'ethnographic practice' in religious studies'","Journal for Cultural & Religious Theory","","1530-5228","","https://research.ebsco.com/plink/b1253de9-090d-3c51-9aba-7187d0e1d9ce","","2012","2026-02-05 01:16:27","2026-02-05 02:12:45","","null-null","","2","12","","JCRT","","","","","","Whitestone Foundation","","","","","","","","","","","","","Writing; Experience; Ethnology; Difference (Philosophy); Other (Philosophy); Religion (Study and teaching); Material culture; Phenomenology; Education – Methods","","","","","","","","","","","","","","","","","","","","","","","","","","","","","","","","","","","","","","","","","","","","","","",""
"6FH3KH4Q","journalArticle","2012","Dickinson, T Wilson","Teaching with Fear and trembling: the trial of Abraham, the reader, and the professor","Journal for Cultural & Religious Theory","","1530-5228","","https://research.ebsco.com/plink/454ece2a-86a2-3b74-9b7b-c97925690851","","2012","2026-02-05 01:16:27","2026-02-05 02:12:45","","null-null","","2","12","","JCRT","","","","","","Whitestone Foundation","","","","","","","","","","","","","Paraenesis; Reading; Consumption (Economics); Knowledge; Theory of; 1813-1855; Kierkegaard; Søren; 1724-1804; Immanuel; Kant; Education – Methods; Education – Philosophy; (Biblical patriarch); Abraham; Categories (Philosophy); Lectures and lecturing; Thought and thinking","","","","","","","","","","","","","","","","","","","","","","","","","","","","","","","","","","","","","","","","","","","","","","",""
"GINHFQUI","journalArticle","2012","Taylor, Mark C; Kosky, Jeffrey L","Recalling our vocation: a conversation about teaching with Mark C. Taylor","Journal for Cultural & Religious Theory","","1530-5228","","https://research.ebsco.com/plink/6a753869-68e8-332e-a0d1-7fe83d07df29","","2012","2026-02-05 01:16:27","2026-02-05 02:12:45","","null-null","","2","12","","JCRT","","","","","","Whitestone Foundation","","","","","","","","","","","","","Vocation; Teacher-student relationships; Knowledge; Theory of; 1724-1804; Immanuel; Kant; Education – Philosophy; Apprentices; Education – Finance; Education (Study and teaching); Educational technology; Universities and colleges – Evaluation","","","","","","","","","","","","","","","","","","","","","","","","","","","","","","","","","","","","","","","","","","","","","","",""
"B3GNUYNG","journalArticle","2012","Goodchild, Philip","Engaged philosophy of religion","Journal for Cultural & Religious Theory","","1530-5228","","https://research.ebsco.com/plink/97d53f50-ca66-3675-9903-9184446132b9","","2012","2026-02-05 01:16:27","2026-02-05 02:12:45","","null-null","","2","12","","JCRT","","","","","","Whitestone Foundation","","","","","","","","","","","","","Suffering; Life; Participation (Philosophy); Self (Philosophy); Religion – Philosophy; Knowledge; Continental philosophy; 1925-1995; Deleuze; Gilles; Theory of (Religion); Thought and thinking; Immanence (Philosophy); Meaning (Philosophy)","","","","","","","","","","","","","","","","","","","","","","","","","","","","","","","","","","","","","","","","","","","","","","",""
"RZX2Z8CH","journalArticle","2012","Crockett, Clayton","Pedagogy and radical equality: Rancière's ignorant schoolmaster","Journal for Cultural & Religious Theory","","1530-5228","","https://research.ebsco.com/plink/72d766a3-c746-3fef-9b2d-8e2d2924b182","","2012","2026-02-05 01:16:27","2026-02-05 02:12:45","","null-null","","2","12","","JCRT","","","","","","Whitestone Foundation","","","","","","","","","","","","","Power (Social sciences); Social structure; Equality; Democracy; Teacher-student relationships (Religion); Political science – Philosophy; Jacques; 1959-; Catherine; Malabou; Rancière; Political science – History; Education – Methods; Education – Philosophy","","","","","","","","","","","","","","","","","","","","","","","","","","","","","","","","","","","","","","","","","","","","","","",""
"VG8T3P8B","journalArticle","2012","Peters, Rebecca Todd","Teaching for social justice: creating a context for education","Journal for Cultural & Religious Theory","","1530-5228","","https://research.ebsco.com/plink/3d94cfbb-abf1-3f72-86ad-8efa2af67d2e","","2012","2026-02-05 01:16:27","2026-02-05 02:12:45","","null-null","","2","12","","JCRT","","","","","","Whitestone Foundation","","","","","","","","","","","","","Liberation theology; Culture and education; Social change; Social justice; Moral education; Knowledge; Theory of; 1921-1997; Freire; Paulo; Education – Philosophy; Education – Experimental methods; Educational sociology","","","","","","","","","","","","","","","","","","","","","","","","","","","","","","","","","","","","","","","","","","","","","","",""
"NS898UFL","journalArticle","2012","Fong, Benjamin","A review of Peter Sloterdijk, Spheres, volume one: bubbles","Journal for Cultural & Religious Theory","","1530-5228","","https://research.ebsco.com/plink/80ade76d-0e27-3567-8dce-a2239c316804","","2012","2026-02-05 01:16:27","2026-02-05 02:12:45","","null-null","","2","12","","JCRT","","","","","","Whitestone Foundation","","","","","","","","","","","","","Interpersonal relations; Philosophical anthropology; Philosophy and theology; Intimacy (Psychology); Culture – Philosophy; Phenomenology; Peter; Sloterdijk; 1947-; Object relations (Psychoanalysis); Space and time; Spatial behavior","","","","","","","","","","","","","","","","","","","","","","","","","","","","","","","","","","","","","","","","","","","","","","",""
"6JRAJ6QH","journalArticle","2012","Montel-Hurlin, Elise","Jesus beyond Christ: Erri De Luca and the 'self as stumbling block'","Journal for Cultural & Religious Theory","","1530-5228","","https://research.ebsco.com/plink/b738621c-138f-330b-beaf-471c787b15e4","","2012","2026-02-05 01:16:27","2026-02-05 02:12:45","","null-null","","2","12","","JCRT","","","","","","Whitestone Foundation","","","","","","","","","","","","","Christianity; Self (Philosophy); 1950-; Communism; De Luca; Erri; Politics in literature; Bible – Reading; Bible. Old Testament – Translating; Bible. Old Testament. Versions; Hebrew; Jesus Christ in literature; Self (Religion)","","","","","","","","","","","","","","","","","","","","","","","","","","","","","","","","","","","","","","","","","","","","","","",""
"ACDL5YT4","journalArticle","2012","Robert, William","Performing religiously between passion and resistance","Journal for Cultural & Religious Theory","","1530-5228","","https://research.ebsco.com/plink/d2d20e83-ce4c-3fc9-bbf3-7208c4cce9fc","","2012","2026-02-05 01:16:27","2026-02-05 02:12:45","","null-null","","2","12","","JCRT","","","","","","Whitestone Foundation","","","","","","","","","","","","","Performative (Philosophy); Emotions; Methodology; Difference (Philosophy); Religions (Study and teaching); Practice (Philosophy); Jacques; Knowledge; 1930-2004; Derrida; Peter; 1926-2016; Shaffer; Theory of (Religion); Education – Philosophy; 1953-2008; Bell; Catherine M; Religion and drama","","","","","","","","","","","","","","","","","","","","","","","","","","","","","","","","","","","","","","","","","","","","","","",""
"IQ5JWL44","journalArticle","2012","MacKendrick, Karmen","Slow reading: learning the time of the body","Journal for Cultural & Religious Theory","","1530-5228","","https://research.ebsco.com/plink/d90fc7d9-7b82-3ef2-a999-d8ae2d5e8a67","","2012","2026-02-05 01:16:27","2026-02-05 02:12:45","","null-null","","2","12","","JCRT","","","","","","Whitestone Foundation","","","","","","","","","","","","","Memory; Reading; Christianity; Saint; Augustine; Education – Philosophy; Monasticism and religious orders – Education; of Hippo; 354-430 – Philosophy; Time – Philosophy; Time in religion; Abstraction (Psychology); Asceticism – Christianity; Religious architecture; Senses and sensation; Time management","","","","","","","","","","","","","","","","","","","","","","","","","","","","","","","","","","","","","","","","","","","","","","",""
"JVLARKZQ","journalArticle","2010","Evans, Amy","Transcription notes","Journal for Cultural & Religious Theory","","1530-5228","","https://research.ebsco.com/plink/2a83004f-d2a3-3f94-a544-31d2e5a612f9","","2010","2026-02-05 01:19:34","2026-02-05 02:12:45","","null-null","","2","10","","JCRT","","","","","","Whitestone Foundation","","","","","","","","","","","","","Poetry; Modern; Robert; 1886-1961; 1919-1988; Duncan; H D. (Hilda Doolittle)","","","","","","","","","","","","","","","","","","","","","","","","","","","","","","","","","","","","","","","","","","","","","","",""
"4X8MXBIZ","journalArticle","2010","McRae, Shannon","'Tear us an altar': erotic violence and the self-unmade prophet","Journal for Cultural & Religious Theory","","1530-5228","","https://research.ebsco.com/plink/f30fc279-6411-399f-b1cf-8c75c5ee2528","","2010","2026-02-05 01:19:34","2026-02-05 02:12:45","","null-null","","2","10","","JCRT","","","","","","Whitestone Foundation","","","","","","","","","","","","","Feminism; Poetics; Poetry; Civilization; Modern; Gender identity; Modernism (Literature); Desire; 1886-1961; H D. (Hilda Doolittle); 1850-1928; Harrison; Hellenistic; Jane Ellen; Psychoanalysis and literature; Self in literature","","","","","","","","","","","","","","","","","","","","","","","","","","","","","","","","","","","","","","","","","","","","","","",""
"3ZAD98HB","journalArticle","2010","Bibb, Aaron","Vision, paranoia, and the creative power of obsessive interpretation","Journal for Cultural & Religious Theory","","1530-5228","","https://research.ebsco.com/plink/da190890-37a1-3121-80aa-cf87b6e0afce","","2010","2026-02-05 01:19:34","2026-02-05 02:12:45","","null-null","","2","10","","JCRT","","","","","","Whitestone Foundation","","","","","","","","","","","","","Criticism; Poetics; Poetry; Modern; 1886-1961; H D. (Hilda Doolittle); Psychoanalysis and literature; 1856-1939; 1939-1945; Freud; Paranoia; Sigmund; Spiritualism; World War","","","","","","","","","","","","","","","","","","","","","","","","","","","","","","","","","","","","","","","","","","","","","","",""
"3JNTTB2X","journalArticle","2010","Emmerson-Reid, Colbey","H.D. and the archaeology of religion","Journal for Cultural & Religious Theory","","1530-5228","","https://research.ebsco.com/plink/bfa1a72d-2dad-3e95-842d-8e3b3e55992e","","2010","2026-02-05 01:19:34","2026-02-05 02:12:45","","null-null","","2","10","","JCRT","","","","","","Whitestone Foundation","","","","","","","","","","","","","Criticism; Dream interpretation; Identification (Religion); Women authors; Poetry; Modern; Marginality; Social; 1886-1961; H D. (Hilda Doolittle); Psychoanalysis and literature; Spiritualism; Science and civilization","","","","","","","","","","","","","","","","","","","","","","","","","","","","","","","","","","","","","","","","","","","","","","",""
"GD95QE9K","journalArticle","2010","McNellis, Erin M","'An unusual way to think': Trilogy's oracular poetics","Journal for Cultural & Religious Theory","","1530-5228","","https://research.ebsco.com/plink/adbafbcc-0d3c-3eac-b8cb-264beec7f7ba","","2010","2026-02-05 01:19:34","2026-02-05 02:12:45","","null-null","","2","10","","JCRT","","","","","","Whitestone Foundation","","","","","","","","","","","","","Mediums; Self; Poetics; Oracles; Psychoanalysis; 1886-1961; H D. (Hilda Doolittle); 1856-1939; 1939-1945; Freud; Sigmund; Spiritualism; World War; Egyptian antiquities; London (England); Occultism; Trance","","","","","","","","","","","","","","","","","","","","","","","","","","","","","","","","","","","","","","","","","","","","","","",""
"B3NAR3QJ","journalArticle","2010","Duncan, Robert; Evans, Amy","Accurate mystery: Robert Duncan's H. D. bibliography critically annotated","Journal for Cultural & Religious Theory","","1530-5228","","https://research.ebsco.com/plink/6515c246-0c14-37db-a3d8-849046f1be2f","","2010","2026-02-05 01:19:34","2026-02-05 02:12:45","","null-null","","2","10","","JCRT","","","","","","Whitestone Foundation","","","","","","","","","","","","","Bibliographies; H D. (Hilda Doolittle); 1886-1961 – Bibliography; Literature and society","","","","","","","","","","","","","","","","","","","","","","","","","","","","","","","","","","","","","","","","","","","","","","",""
"5HTAM9EU","journalArticle","2010","Cole, Merrill","Symptom or inspiration?: H.D., Freud and, the question of vision","Journal for Cultural & Religious Theory","","1530-5228","","https://research.ebsco.com/plink/7d3be2eb-d613-3632-8fb4-72de3a4056da","","2010","2026-02-05 01:19:34","2026-02-05 02:12:45","","null-null","","2","10","","JCRT","","","","","","Whitestone Foundation","","","","","","","","","","","","","Dream interpretation; Poetics; Historiography; Psychoanalysis; Desire; 1886-1961; H D. (Hilda Doolittle); 1856-1939; Freud; Sigmund; Visions","","","","","","","","","","","","","","","","","","","","","","","","","","","","","","","","","","","","","","","","","","","","","","",""
"7FKLUEE4","journalArticle","2010","Borsuk, Amaranth","'There have been pictures here': spirit photography and projective mediumship in Tribute to Freud","Journal for Cultural & Religious Theory","","1530-5228","","https://research.ebsco.com/plink/b63585fb-7709-34d4-b320-d013a6216235","","2010","2026-02-05 01:19:34","2026-02-05 02:12:45","","null-null","","2","10","","JCRT","","","","","","Whitestone Foundation","","","","","","","","","","","","","Psychology; Poetics; Future life; Motion pictures; Psychoanalysis; 1886-1961; H D. (Hilda Doolittle); 1856-1939; Freud; Sigmund; Spiritualism; Art and technology; Photography; Visions in literature; War and psychology","","","","","","","","","","","","","","","","","","","","","","","","","","","","","","","","","","","","","","","","","","","","","","",""
"IQ3YFZ5R","journalArticle","2010","Simon, Lisa","The anthropologic eye: H.D.'s call for a new poetics","Journal for Cultural & Religious Theory","","1530-5228","","https://research.ebsco.com/plink/0a0b0caa-4381-3710-a239-1f3fd09b4672","","2010","2026-02-05 01:19:34","2026-02-05 02:12:45","","null-null","","2","10","","JCRT","","","","","","Whitestone Foundation","","","","","","","","","","","","","Poetics; Poetry; Civilization; Modern; 1886-1961; H D. (Hilda Doolittle); Hellenistic; Anonymity and pseudonymity; British Museum; Excavations (Archaeology); Exhibitions; Monuments","","","","","","","","","","","","","","","","","","","","","","","","","","","","","","","","","","","","","","","","","","","","","","",""
"2GSFPFS4","journalArticle","2010","Duncan, Robert","Robert Duncan notebook scans: scan 1","Journal for Cultural & Religious Theory","","","","https://research.ebsco.com/plink/3bb33cb1-fab4-3ab3-a48e-f69ef5073b42","","2010","2026-02-05 01:19:34","2026-02-05 02:12:45","","","","2","10","","JCRT","","","","","","Whitestone Foundation","","","","","","","","","","","","","Bibliographies; 1886-1961; H D. (Hilda Doolittle); Literature and society","","","","","","","","","","","","","","","","","","","","","","","","","","","","","","","","","","","","","","","","","","","","","","",""
"3JG8A2S9","journalArticle","2010","Duncan, Robert","Robert Duncan notebook scans: scan 2","Journal for Cultural & Religious Theory","","","","https://research.ebsco.com/plink/f13ea108-5c89-3254-bdfe-e7b3de895af6","","2010","2026-02-05 01:19:34","2026-02-05 02:12:45","","","","2","10","","JCRT","","","","","","Whitestone Foundation","","","","","","","","","","","","","Bibliographies; 1886-1961; H D. (Hilda Doolittle); Literature and society","","","","","","","","","","","","","","","","","","","","","","","","","","","","","","","","","","","","","","","","","","","","","","",""
"HCXALCND","journalArticle","2008","Rubenstein, Mary-Jane","Of ghosts and Angels: Derrida, Kushner, and the impossibility of forgiveness","Journal for Cultural & Religious Theory","","1530-5228","","https://research.ebsco.com/plink/794f8c10-f4d8-3bea-ba93-0b1e4a1331ad","","2008","2026-02-05 01:19:34","2026-02-05 02:12:45","","null-null","","1","9","","JCRT","","","","","","Whitestone Foundation","","","","","","","","","","","","","Death; Forgiveness; Exchange theory (Sociology); Ontology; 1956-; Jacques; 1930-2004; Derrida; Possibility; Ghosts; Kushner; Repentance; Tony","","","","","","","","","","","","","","","","","","","","","","","","","","","","","","","","","","","","","","","","","","","","","","",""
"IRGM5WDB","journalArticle","2008","Pound, Marcus","The assumption of desire: Kierkegaard, Lacan, and the trauma of the eucharist","Journal for Cultural & Religious Theory","","1530-5228","","https://research.ebsco.com/plink/bb6827e4-eaf9-3171-809f-64e0cf3c225c","","2008","2026-02-05 01:19:34","2026-02-05 02:12:45","","null-null","","1","9","","JCRT","","","","","","Whitestone Foundation","","","","","","","","","","","","","Psychic trauma; Christianity; Desire and religion; Lord's Supper – Real presence; 1901-1981; Jacques; Lacan; Psychoanalysis and religion; 1889-1976; Heidegger; Language and languages – Philosophy; Martin; 1813-1855; Kierkegaard; Søren; Time – Philosophy; Time in religion","","","","","","","","","","","","","","","","","","","","","","","","","","","","","","","","","","","","","","","","","","","","","","",""
"T5SNRIDH","journalArticle","2008","Vahanian, Nöelle; Malabou, Catherine; Devine, Carissa","A conversation with Catherine Malabou","Journal for Cultural & Religious Theory","","1530-5228","","https://research.ebsco.com/plink/b6455ba0-41b9-3cfe-8b5b-211e3db7425b","","2008","2026-02-05 01:19:34","2026-02-05 02:12:45","","null-null","","1","9","","JCRT","","","","","","Whitestone Foundation","","","","","","","","","","","","","Jacques; Continental philosophy; 1930-2004; Derrida; Philosophy – Methodology; Feminist theory; Poststructuralism; Neurosciences","","","","","","","","","","","","","","","","","","","","","","","","","","","","","","","","","","","","","","","","","","","","","","",""
"WA5LFKI2","journalArticle","2008","Celermajer, Danielle","Apology and the possibility of ethical politics","Journal for Cultural & Religious Theory","","1530-5228","","https://research.ebsco.com/plink/6af01316-fed3-3335-a56f-89c52ee0d8ae","","2008","2026-02-05 01:19:34","2026-02-05 02:12:45","","null-null","","1","9","","JCRT","","","","","","Whitestone Foundation","","","","","","","","","","","","","Interpersonal relations; Philosophy; Other (Philosophy); The; 1906-1995; Emmanuel; Lévinas; Jewish; State; Repentance; Political ethics – History; Reparations for historical injustices; Speech acts (Linguistics)","","","","","","","","","","","","","","","","","","","","","","","","","","","","","","","","","","","","","","","","","","","","","","",""
"YVQQHX8W","journalArticle","2008","Raschke, Carl A","The religion of politics: concerning a postmodern political theology 'to come'","Journal for Cultural & Religious Theory","","1530-5228","","https://research.ebsco.com/plink/431147e6-a77b-3214-b897-23ee530ea2bf","","2008","2026-02-05 01:19:34","2026-02-05 02:12:45","","null-null","","1","9","","JCRT","","","","","","Whitestone Foundation","","","","","","","","","","","","","Liberation theology; God (Philosophy); Postmodernism; Secularism; Religion and politics; Civilization; Mark; Lilla; Western","","","","","","","","","","","","","","","","","","","","","","","","","","","","","","","","","","","","","","","","","","","","","","",""
"FPMLECM9","journalArticle","2008","Large, William","Time and money: philosophy of religion and the critique of capital","Journal for Cultural & Religious Theory","","1530-5228","","https://research.ebsco.com/plink/b7e4d80c-87b6-3e87-9a1c-455f6616648f","","2008","2026-02-05 01:19:34","2026-02-05 02:12:45","","null-null","","1","9","","JCRT","","","","","","Whitestone Foundation","","","","","","","","","","","","","Redemption; Marxism; Future; Messianism; Philip; Capitalism; The; 1724-1804; Immanuel; Kant; Franz; Time – Philosophy; 1931-1994; Debord; Guy; 1886-1929; Goodchild; Repetition; Rosenzweig","","","","","","","","","","","","","","","","","","","","","","","","","","","","","","","","","","","","","","","","","","","","","","",""
"6HVZ6J5Q","journalArticle","2008","Hyman, Gavin","Augustine on the 'nihil': an interrogation","Journal for Cultural & Religious Theory","","1530-5228","","https://research.ebsco.com/plink/aada6297-5cb6-3cf6-adae-dda1e137b40d","","2008","2026-02-05 01:19:34","2026-02-05 02:12:45","","null-null","","1","9","","JCRT","","","","","","Whitestone Foundation","","","","","","","","","","","","","Philosophical theology; God (Philosophy); Ontology; Saint; 1844-1900; Friedrich Wilhelm; Nietzsche; Nothing (Philosophy); Augustine; of Hippo; 354-430 – Philosophy; 354-430 – Theology – Creation; Platonism","","","","","","","","","","","","","","","","","","","","","","","","","","","","","","","","","","","","","","","","","","","","","","",""
"Z372U3ER","journalArticle","2008","Negri, Antonio; Fadini, Gabriele; Valgenti, Robert","Sovereignty: that divine ministry of the affairs of earthly life","Journal for Cultural & Religious Theory","","1530-5228","","https://research.ebsco.com/plink/9dd37d34-5585-3db9-bf87-20e665e9f7b6","","2008","2026-02-05 01:19:34","2026-02-05 02:12:45","","null-null","","1","9","","JCRT","","","","","","Whitestone Foundation","","","","","","","","","","","","","Liberation theology; Power (Social sciences); Political science – Philosophy; The; 1942-; Agamben; Giorgio; Subject (Philosophy); State; Economics – History","","","","","","","","","","","","","","","","","","","","","","","","","","","","","","","","","","","","","","","","","","","","","","",""
"KPFISKFY","journalArticle","2008","Grieve-Carlson, Gary","Reclaiming the enlightenment: toward a politics of radical engagement","Journal for Cultural & Religious Theory","","1530-5228","","https://research.ebsco.com/plink/3284f96a-1a67-3650-98d6-8ec51ae37627","","2008","2026-02-05 01:19:34","2026-02-05 02:12:45","","null-null","","1","9","","JCRT","","","","","","Whitestone Foundation","","","","","","","","","","","","","","","","","","","","","","","","","","","","","","","","","","","","","","","","","","","","","","","","","","","","","","","","","","","",""
"37S78ITK","journalArticle","2008","Igrek, Apple Zefelius","Kierkegaard and Socrates: a study in philosophy and faith","Journal for Cultural & Religious Theory","","1530-5228","","https://research.ebsco.com/plink/542a1a1f-a4e3-301e-a1d3-a6cb885cb848","","2008","2026-02-05 01:19:34","2026-02-05 02:12:45","","null-null","","1","9","","JCRT","","","","","","Whitestone Foundation","","","","","","","","","","","","","","","","","","","","","","","","","","","","","","","","","","","","","","","","","","","","","","","","","","","","","","","","","","","",""
"ECYDKHIS","journalArticle","2008","Smaw, Eric D","Human rights as politics and idolatry","Journal for Cultural & Religious Theory","","1530-5228","","https://research.ebsco.com/plink/2cd7728f-4abb-3603-9ea1-d4a33e6601bc","","2008","2026-02-05 01:19:34","2026-02-05 02:12:45","","null-null","","1","9","","JCRT","","","","","","Whitestone Foundation","","","","","","","","","","","","","","","","","","","","","","","","","","","","","","","","","","","","","","","","","","","","","","","","","","","","","","","","","","","",""
"JHFQCFHR","journalArticle","2009","Gangle, Rocco","Messianic media: Benjamin's cinema, Badiou's matheme, Negri's multitude","Journal for Cultural & Religious Theory","","1530-5228","","https://research.ebsco.com/plink/f8206b5e-8e2e-334b-8fcc-2e355084ad09","","2009","2026-02-05 01:19:35","2026-02-05 02:12:45","","null-null","","1","10","","JCRT","","","","","","Whitestone Foundation","","","","","","","","","","","","","Ontology; Messianism; Culture – Philosophy; Political science – Philosophy; Antonio; Jacques; 1892-1940; Benjamin; Walter; 1930-2004; Derrida; History – Philosophy; 1937-; Alain; Badiou; 1942-; Agamben; Giorgio; Subject (Philosophy); 1933-2023; Negri; Law – Philosophy; Mathematics – Philosophy; Motion pictures and religion","","","","","","","","","","","","","","","","","","","","","","","","","","","","","","","","","","","","","","","","","","","","","","",""
"BL5I2H8K","journalArticle","2009","Steinmetz-Jenkins, Daniel","Claude Lefort and the illegitimacy of modernity","Journal for Cultural & Religious Theory","","1530-5228","","https://research.ebsco.com/plink/f550a731-d069-392b-9c27-adc1a338780c","","2009","2026-02-05 01:19:35","2026-02-05 02:12:45","","null-null","","1","10","","JCRT","","","","","","Whitestone Foundation","","","","","","","","","","","","","Modernity; Philosophy; Democracy; Religion and politics; Political science – Philosophy; Body; Human (Philosophy); Secularization (Religion); 1908-1961; Claude; French; Lefort; Maurice; Merleau-Ponty","","","","","","","","","","","","","","","","","","","","","","","","","","","","","","","","","","","","","","","","","","","","","","",""
"ZE54CEQQ","journalArticle","2009","Wood, David C; Simmons, J Aaron","Moments of intense presence: a conversation with David Wood","Journal for Cultural & Religious Theory","","1530-5228","","https://research.ebsco.com/plink/3d5751f6-1901-3f9f-9b0e-55f46b91b83d","","2009","2026-02-05 01:19:35","2026-02-05 02:12:45","","null-null","","1","10","","JCRT","","","","","","Whitestone Foundation","","","","","","","","","","","","","Ethics; God (Philosophy); Ecology; Jacques; Continental philosophy; 1930-2004; Derrida; 1813-1855; Kierkegaard; Søren; Phenomenology; Animal rights; Philosophy (Study and teaching)","","","","","","","","","","","","","","","","","","","","","","","","","","","","","","","","","","","","","","","","","","","","","","",""
"E8EP8HUA","journalArticle","2009","Mooney, Edward F","Meditations on death and the sublime: Henry Bugbee's In demonstration of spirit","Journal for Cultural & Religious Theory","","1530-5228","","https://research.ebsco.com/plink/318b2d80-fdbd-33cf-83a8-3b9dce51a8be","","2009","2026-02-05 01:19:35","2026-02-05 02:12:45","","null-null","","1","10","","JCRT","","","","","","Whitestone Foundation","","","","","","","","","","","","","Transcendence; Death; Ethics; Ontology; Aesthetics; Spirit; The; Philosophy – Methodology; 1724-1804; Immanuel; Kant; Literary; Style; 1915-1999; Bugbee; Henry Greenwood; Sublime","","","","","","","","","","","","","","","","","","","","","","","","","","","","","","","","","","","","","","","","","","","","","","",""
"VKX6T9CM","journalArticle","2009","Robert, William","Human, life, and other sacred stuff","Journal for Cultural & Religious Theory","","1530-5228","","https://research.ebsco.com/plink/d9b2c1dd-5718-374c-84c1-ec5618d0eb93","","2009","2026-02-05 01:19:35","2026-02-05 02:12:45","","null-null","","1","10","","JCRT","","","","","","Whitestone Foundation","","","","","","","","","","","","","Philosophical anthropology; God (Philosophy); Life; Roman law; Sovereignty; God – Attributes; Caputo; 1942-; Agamben; Giorgio; 1940-; John D; 1937-2002; Antigone (Greek mythology) in literature; Creation – Biblical teaching; Dominique; Janicaud","","","","","","","","","","","","","","","","","","","","","","","","","","","","","","","","","","","","","","","","","","","","","","",""
"UBXZXFY9","journalArticle","2009","Cauchi, Mark","The secular to come: interrogating the Derridean 'secular'","Journal for Cultural & Religious Theory","","1530-5228","","https://research.ebsco.com/plink/ab1e0cd2-926c-3ffa-a1d0-41a36a14532d","","2009","2026-02-05 01:19:35","2026-02-05 02:12:45","","null-null","","1","10","","JCRT","","","","","","Whitestone Foundation","","","","","","","","","","","","","Christianity and culture; God (Philosophy); Secularization (Theology); Future; Other (Philosophy); Self (Philosophy); Civilization; Culture – Philosophy; Jacques; The; 1930-2004; Derrida; 1813-1855; Kierkegaard; Søren; Abrahamic religions; Secular","","","","","","","","","","","","","","","","","","","","","","","","","","","","","","","","","","","","","","","","","","","","","","",""
"HB387RMJ","journalArticle","2009","Miller, David LeRoy","Praise of the secular","Journal for Cultural & Religious Theory","","1530-5228","","https://research.ebsco.com/plink/07ed1e0a-563d-3b7d-b9be-ba16b47be794","","2009","2026-02-05 01:19:35","2026-02-05 02:12:45","","null-null","","1","10","","JCRT","","","","","","Whitestone Foundation","","","","","","","","","","","","","","","","","","","","","","","","","","","","","","","","","","","","","","","","","","","","","","","","","","","","","","","","","","","",""
"37SDJKIW","journalArticle","2009","Rodkey, Christopher D","Johnny Cash and the great American contradiction: Christianity and the battle for the soul of a nation","Journal for Cultural & Religious Theory","","1530-5228","","https://research.ebsco.com/plink/0bbb88a3-c51f-3bdc-ab28-63a0627eb757","","2009","2026-02-05 01:19:35","2026-02-05 02:12:45","","null-null","","1","10","","JCRT","","","","","","Whitestone Foundation","","","","","","","","","","","","","","","","","","","","","","","","","","","","","","","","","","","","","","","","","","","","","","","","","","","","","","","","","","","",""
"4CEPTI9J","journalArticle","2010","Fuggle, Sophie","On the persistence of Cynic motifs","Journal for Cultural & Religious Theory","","1530-5228","","https://research.ebsco.com/plink/1f8e4960-d366-356f-b38d-1ed29345b03a","","2010","2026-02-05 01:19:35","2026-02-05 02:12:45","","null-null","","1","11","","JCRT","","","","","","Whitestone Foundation","","","","","","","","","","","","","Institutionalism (Religion); Power (Social sciences); Cynics; Christianity; Paul; the Apostle; Literary; Style; Saint – Literary activity; Saint – Theology – Church; Truth (Religion)","","","","","","","","","","","","","","","","","","","","","","","","","","","","","","","","","","","","","","","","","","","","","","",""
"UKI6XD2H","journalArticle","2010","Mayes, Christopher","The violence of care: an analysis of Foucault's pastor","Journal for Cultural & Religious Theory","","1530-5228","","https://research.ebsco.com/plink/63a28dd1-0bb6-3234-ac68-f1e34c616242","","2010","2026-02-05 01:19:36","2026-02-05 02:12:45","","null-null","","1","11","","JCRT","","","","","","Whitestone Foundation","","","","","","","","","","","","","Violence in the Bible; Bible. John 5-12; Criticism; Bible. John; Power (Social sciences); Christianity; Foucault; Sovereignty; etc.; interpretation; Jesus Christ – Person and offices; 1949-; Slavoj; Žižek; 1926-1984; Michel; David; Paul; 1942-; Agamben; Giorgio; the Apostle; Clergy – Office; King of Israel; Mika; Monarchy; Ojakangas; Sacrifice (Christianity); Saint – Theology – Ministry; Shepherds; Shepherds – Religious aspects – Judaism; Violence and religion","","","","","","","","","","","","","","","","","","","","","","","","","","","","","","","","","","","","","","","","","","","","","","",""
"FLP6JXRE","journalArticle","2010","Charles, Ronald","The report of 1 Corinthians 5 in critical dialogue with Foucault","Journal for Cultural & Religious Theory","","1530-5228","","https://research.ebsco.com/plink/e78f8adb-3b74-3bd0-bfc7-f6804e9ce1b2","","2010","2026-02-05 01:19:36","2026-02-05 02:12:45","","null-null","","1","11","","JCRT","","","","","","Whitestone Foundation","","","","","","","","","","","","","Criticism; Sexual ethics; Bible. Corinthians I; Sex in the Bible; Power (Social sciences); Christianity; Foucault; etc.; interpretation; 1926-1984; Michel; Paul; the Apostle; Church (Authority); Community and religion; Pride and vanity; Saint – Ethics; Social status and religion","","","","","","","","","","","","","","","","","","","","","","","","","","","","","","","","","","","","","","","","","","","","","","",""
"AS7GMIUA","journalArticle","2010","De Boever, Arne","Bio-paulitics","Journal for Cultural & Religious Theory","","1530-5228","","https://research.ebsco.com/plink/4bd2b051-ab46-306a-be5a-26a287c0f9b4","","2010","2026-02-05 01:19:36","2026-02-05 02:12:45","","null-null","","1","11","","JCRT","","","","","","Whitestone Foundation","","","","","","","","","","","","","Law and gospel; Bible. Epistles of Paul; Power (Social sciences); Foucault; Political science – Philosophy; 1926-1984; Michel; Paul; the Apostle; Saint – Political and social views; Faith – Biblical teaching; Good works (Theology); Life – Biblical teaching; Saint – Theology","","","","","","","","","","","","","","","","","","","","","","","","","","","","","","","","","","","","","","","","","","","","","","",""
"ZIEXKC8X","journalArticle","2010","Ojakangas, Mika","On the Pauline roots of biopolitics: Apostle Paul in company with Foucault and Agamben","Journal for Cultural & Religious Theory","","1530-5228","","https://research.ebsco.com/plink/98980986-ffdc-3127-b389-ec618107912e","","2010","2026-02-05 01:19:36","2026-02-05 02:12:45","","null-null","","1","11","","JCRT","","","","","","Whitestone Foundation","","","","","","","","","","","","","Bible. Epistles of Paul; Fathers of the church; Life; Power (Social sciences); Christianity; Foucault; Sovereignty; Political science – Philosophy; 1926-1984; Michel; John; Paul; 1937-; Alain; Badiou; 1942-; Agamben; Giorgio; the Apostle; Shepherds; Church (Authority); Church polity; Milbank; Saint – Theology – Law and gospel","","","","","","","","","","","","","","","","","","","","","","","","","","","","","","","","","","","","","","","","","","","","","","",""
"IJ6MKHDS","journalArticle","2010","Glowacki, David R","All things to all people: unravelling the structure of the apostolic panopticon","Journal for Cultural & Religious Theory","","1530-5228","","https://research.ebsco.com/plink/89726ad3-55c1-3d62-80f3-33f93c89664c","","2010","2026-02-05 01:19:36","2026-02-05 02:12:45","","null-null","","1","11","","JCRT","","","","","","Whitestone Foundation","","","","","","","","","","","","","Bible. Epistles of Paul; Power (Social sciences); Foucault; 1926-1984; Michel; Paul; the Apostle; Jesus Christ – Mystical body; Saint – Theology – Church; Church (Authority); (Biblical leader); 1748-1832; Autonomy; Bentham; Jeremy; Legitimation (Religion); Moses; Prisons and prisoners; Subject (Philosophy)","","","","","","","","","","","","","","","","","","","","","","","","","","","","","","","","","","","","","","","","","","","","","","",""
"7WWNVSWB","journalArticle","2010","Ruin, Hans","Faith, grace, and the destruction of tradition: a hermeneutic-genealogical reading of the pauline letters","Journal for Cultural & Religious Theory","","1530-5228","","https://research.ebsco.com/plink/1182bff4-af18-339b-a111-d446477ed516","","2010","2026-02-05 01:19:36","2026-02-05 02:12:45","","null-null","","1","11","","JCRT","","","","","","Whitestone Foundation","","","","","","","","","","","","","Experience (Religion); Criticism; Hermeneutics; Bible. Epistles of Paul; Faith; Life; Foucault; etc.; interpretation; Self (Philosophy); 1844-1900; Friedrich Wilhelm; Nietzsche; 1926-1984; Michel; 1889-1976; Heidegger; Martin; Phenomenology; Paul; the Apostle; Saint – Literary activity; Saint – Ethics; Bible. New Testament – Criticism; Grace (Theology) – History of doctrines; interpretation – History","","","","","","","","","","","","","","","","","","","","","","","","","","","","","","","","","","","","","","","","","","","","","","",""
"URYCKPZ2","journalArticle","2010","Blanton, Ward","'Reappearance of Paul, 'sick”: Foucault's biopolitics and the significance of Pasolini's apostle","Journal for Cultural & Religious Theory","","1530-5228","","https://research.ebsco.com/plink/c6020d6f-3640-3aea-9ede-c6ba0c7d5a6d","","2010","2026-02-05 01:19:36","2026-02-05 02:12:45","","null-null","","1","11","","JCRT","","","","","","Whitestone Foundation","","","","","","","","","","","","","Life; Power (Social sciences); Foucault; Saint; Antonio; Body; Human (Philosophy); 1926-1984; Michel; Paul; the Apostle; Subject (Philosophy); 1922-1975; 1933-2023; 1960-; Christian saints in art; Hardt; Michael; Negri; Pasolini; Pier Paolo; Sex and society","","","","","","","","","","","","","","","","","","","","","","","","","","","","","","","","","","","","","","","","","","","","","","",""
"EP3GL42E","journalArticle","2010","Nicolet, Valérie","Becoming a subject: the case of Michel Foucault and Paul","Journal for Cultural & Religious Theory","","1530-5228","","https://research.ebsco.com/plink/1acc138b-5c47-3734-9c8c-26d669f2cea0","","2010","2026-02-05 01:19:36","2026-02-05 02:12:45","","null-null","","1","11","","JCRT","","","","","","Whitestone Foundation","","","","","","","","","","","","","Criticism; Bible. Romans; Power (Social sciences); Bible. Romans 12-16; Bible. Romans 5-8; 1956-; Foucault; Butler; etc.; interpretation; Self (Philosophy); Knowledge; Theory of; 1926-1984; Michel; Paul; Judith; the Apostle; Saint – Theology – Anthropology; Autonomy; Subject (Philosophy); Obedience; Saint – Psychology","","","","","","","","","","","","","","","","","","","","","","","","","","","","","","","","","","","","","","","","","","","","","","",""
"C7V8CNPL","journalArticle","2010","Chrulew, Matthew","The pauline ellipsis in Foucault's genealogy of Christianity","Journal for Cultural & Religious Theory","","1530-5228","","https://research.ebsco.com/plink/f80d5d1c-1ee5-3a77-948d-58c921dc4525","","2010","2026-02-05 01:19:36","2026-02-05 02:12:45","","null-null","","1","11","","JCRT","","","","","","Whitestone Foundation","","","","","","","","","","","","","Authority (Religion); Criticism; Bible. Epistles of Paul; Power (Social sciences); Historiography; Church history; Christianity; Foucault; 0030-600; Desire and religion; etc.; interpretation; Self (Philosophy); Human body in religion; 1844-1900; Friedrich Wilhelm; Nietzsche; 1949-; Psychoanalysis and religion; Slavoj; Žižek; 1926-1984; Michel; Paul; 1937-; Alain; Badiou; the Apostle; Saint – Theology","","","","","","","","","","","","","","","","","","","","","","","","","","","","","","","","","","","","","","","","","","","","","","",""
"CY3CTTP7","journalArticle","2010","Hanson, Jeffrey","A tale of two doublets: Derrida and Kierkegaard","Journal for Cultural & Religious Theory","","1530-5228","","https://research.ebsco.com/plink/08a41d60-2586-3d27-a35b-5032c3eb825d","","2010","2026-02-05 01:19:36","2026-02-05 02:12:45","","null-null","","3","10","","JCRT","","","","","","Whitestone Foundation","","","","","","","","","","","","","Theology; Philosophical theology; Metaphysics; Psychology and religion; Foundationalism (Theory of knowledge); Ambiguity; Messianism; Doctrinal; Jacques; 1930-2004; Derrida; 1813-1855; Kierkegaard; Søren; Caputo; 1940-; Theology – Methodology; John D","","","","","","","","","","","","","","","","","","","","","","","","","","","","","","","","","","","","","","","","","","","","","","",""
"V2RBFTU4","journalArticle","2010","Barber, Daniel Colucciello; Smith, Anthony Paul","Too poor for measure: working with Negri on poverty and fabulation","Journal for Cultural & Religious Theory","","1530-5228","","https://research.ebsco.com/plink/31115234-1d00-3fa5-be1d-e475f378f8bc","","2010","2026-02-05 01:19:36","2026-02-05 02:12:45","","null-null","","3","10","","JCRT","","","","","","Whitestone Foundation","","","","","","","","","","","","","Piety; Apocalypticism; Ontology; Dystopias; Power (Social sciences); Poverty; Future; Philip; Antonio; The; Imagination; History – Philosophy; Subject (Philosophy); 1933-2023; Negri; Goodchild; 1859-1941; Bergson; Bull; Henri; Malcolm","","","","","","","","","","","","","","","","","","","","","","","","","","","","","","","","","","","","","","","","","","","","","","",""
"YBCJP5GX","journalArticle","2010","Jaarsma, Ada S","Queering Kierkegaard: sin, sex, and critical theory","Journal for Cultural & Religious Theory","","1530-5228","","https://research.ebsco.com/plink/89eddf60-f96a-3749-86b0-91c00b258e29","","2010","2026-02-05 01:19:36","2026-02-05 02:12:45","","null-null","","3","10","","JCRT","","","","","","Whitestone Foundation","","","","","","","","","","","","","Essentialism (Philosophy); Existentialism; Individual and society; New Right (Christianity); Christianity; Desire and religion; Heterosexism; Gender identity; 1813-1855; Kierkegaard; Søren; Christian ethics; Queer theory; Sin – Christianity","","","","","","","","","","","","","","","","","","","","","","","","","","","","","","","","","","","","","","","","","","","","","","",""
"WI4TT7A6","journalArticle","2010","Metcalf, Robert D","Following the words: Heidegger's account of religion as Nachfolge","Journal for Cultural & Religious Theory","","1530-5228","","https://research.ebsco.com/plink/c8ac3e9d-7c2f-3268-9770-90ad24519ad8","","2010","2026-02-05 01:19:36","2026-02-05 02:12:45","","null-null","","3","10","","JCRT","","","","","","Whitestone Foundation","","","","","","","","","","","","","Experience (Religion); Hermeneutics; Discipleship; Self (Philosophy); Tradition (Philosophy); Religion – Philosophy; The; Holy; 1889-1976; Heidegger; Martin; 1906-1945; Bonhoeffer; Dietrich; Religion – Essence","","","","","","","","","","","","","","","","","","","","","","","","","","","","","","","","","","","","","","","","","","","","","","",""
"GCZBBBRY","journalArticle","2010","York, Jonathan David","Open spaces, liminal places: the deployment of the sacred in the Open city","Journal for Cultural & Religious Theory","","1530-5228","","https://research.ebsco.com/plink/365c1549-90c5-3dbc-bf1c-7e81f226289d","","2010","2026-02-05 01:19:36","2026-02-05 02:12:45","","null-null","","3","10","","JCRT","","","","","","Whitestone Foundation","","","","","","","","","","","","","Sacred space; Millennialism; Plato; Realism; Christianity; Human body in religion; 1907-1986; Éliade; Mircéa; Time in religion; Motion pictures and religion; 1906-1977; Gesture in worship; Politics in motion pictures; Roberto (Roberto Gastone Zeffiro); Rossellini; Utopias in film","","","","","","","","","","","","","","","","","","","","","","","","","","","","","","","","","","","","","","","","","","","","","","",""
"FG6W5HBB","journalArticle","2010","Grimshaw, Mike","Regionalism or provincialism?: theology and the seemingly continual crisis in religious studies","Journal for Cultural & Religious Theory","","1530-5228","","https://research.ebsco.com/plink/dbf4c857-0356-3d23-aa16-3078ad7bfb8b","","2010","2026-02-05 01:19:36","2026-02-05 02:12:45","","null-null","","3","10","","JCRT","","","","","","Whitestone Foundation","","","","","","","","","","","","","Modernity; Enlightenment; Postmodernism; Social sciences; New Zealand; Methodology; Education; Religion (Study and teaching); Humanities; Robbins; 1899-1979; 1925-; 1927-2012; 1961-; 1972-; Allen; F W R. (Francis William Rutherford); Gabriel; Jeffrey W; McCutcheon; Nichol; Russell T; Study and teaching; Tate; Theology (Study and teaching); Universities and colleges – Curricula; Vahanian","","","","","","","","","","","","","","","","","","","","","","","","","","","","","","","","","","","","","","","","","","","","","","",""
"MFWP8HEF","journalArticle","2010","Stern, Stephen J; Gimbel, Steven","Einstein's Jewish science","Journal for Cultural & Religious Theory","","1530-5228","","https://research.ebsco.com/plink/261eb356-1920-3aed-962e-1630e79bf0f3","","2010","2026-02-05 01:19:36","2026-02-05 02:12:45","","null-null","","3","10","","JCRT","","","","","","Whitestone Foundation","","","","","","","","","","","","","1900; Religion and science; Science – Philosophy; 1879-1955; Albert; Einstein; General relativity (Physics); Jews – Identity; Judaism – History","","","","","","","","","","","","","","","","","","","","","","","","","","","","","","","","","","","","","","","","","","","","","","",""
"NVRFLP2J","journalArticle","2010","Delpech-Ramey, Joshua; Kid, DJ Spooky That Subliminal","Spooky noises: ghosts in the music machine of Paul D. Miller (aka DJ Spooky)","Journal for Cultural & Religious Theory","","1530-5228","","https://research.ebsco.com/plink/c7ef8516-ffba-32c0-b92b-c4d19065f268","","2010","2026-02-05 01:19:36","2026-02-05 02:12:45","","null-null","","3","10","","JCRT","","","","","","Whitestone Foundation","","","","","","","","","","","","","Utopias; Jacques; Attali; Computer network resources; Music – Composition; Music – Philosophy and aesthetics; Music and society; Music and technology; Virtual reality","","","","","","","","","","","","","","","","","","","","","","","","","","","","","","","","","","","","","","","","","","","","","","",""
"XRIAQWYU","journalArticle","2010","Barber, Daniel Colucciello","Christ, history and apocalyptic: the politics of Christian mission","Journal for Cultural & Religious Theory","","1530-5228","","https://research.ebsco.com/plink/30be7af3-19c4-387a-b677-ff0788b83f1e","","2010","2026-02-05 01:19:36","2026-02-05 02:12:45","","null-null","","3","10","","JCRT","","","","","","Whitestone Foundation","","","","","","","","","","","","","","","","","","","","","","","","","","","","","","","","","","","","","","","","","","","","","","","","","","","","","","","","","","","",""
"4594S7M6","journalArticle","2010","Campbell, Mary B","The German discovery of the world: Renaissance discoveries with the strange and marvelous","Journal for Cultural & Religious Theory","","1530-5228","","https://research.ebsco.com/plink/64fcce64-e787-3f2c-b1b3-1933e52a3a5d","","2010","2026-02-05 01:19:36","2026-02-05 02:12:45","","null-null","","3","10","","JCRT","","","","","","Whitestone Foundation","","","","","","","","","","","","","","","","","","","","","","","","","","","","","","","","","","","","","","","","","","","","","","","","","","","","","","","","","","","",""
"RHJ9T332","journalArticle","2010","Rodkey, Christopher D","GloboChrist: the great commission takes a postmodern turn","Journal for Cultural & Religious Theory","","1530-5228","","https://research.ebsco.com/plink/80f94643-6892-3d09-89c8-01646ad27c0e","","2010","2026-02-05 01:19:36","2026-02-05 02:12:45","","null-null","","3","10","","JCRT","","","","","","Whitestone Foundation","","","","","","","","","","","","","","","","","","","","","","","","","","","","","","","","","","","","","","","","","","","","","","","","","","","","","","","","","","","",""
"D8QWWWKT","journalArticle","2010","Burkey, John","Anatheism: returning to God after God","Journal for Cultural & Religious Theory","","1530-5228","","https://research.ebsco.com/plink/af7a2692-85ff-380d-a10d-562c463fc0d9","","2010","2026-02-05 01:19:36","2026-02-05 02:12:45","","null-null","","3","10","","JCRT","","","","","","Whitestone Foundation","","","","","","","","","","","","","","","","","","","","","","","","","","","","","","","","","","","","","","","","","","","","","","","","","","","","","","","","","","","",""
"W9BZZGUD","journalArticle","2010","Grieve-Carlson, Gary","The last professors: the corporate university and the fate of the humanities","Journal for Cultural & Religious Theory","","1530-5228","","https://research.ebsco.com/plink/929592b4-7607-39ae-981e-9229bc68538b","","2010","2026-02-05 01:19:36","2026-02-05 02:12:45","","null-null","","3","10","","JCRT","","","","","","Whitestone Foundation","","","","","","","","","","","","","","","","","","","","","","","","","","","","","","","","","","","","","","","","","","","","","","","","","","","","","","","","","","","",""
"SFJPMH7A","journalArticle","2010","Sanzaro, Francis","God in the gallery: a Christian embrace of modern art","Journal for Cultural & Religious Theory","","1530-5228","","https://research.ebsco.com/plink/550f2549-a45b-35fc-8d23-14616fe961a3","","2010","2026-02-05 01:19:36","2026-02-05 02:12:45","","null-null","","3","10","","JCRT","","","","","","Whitestone Foundation","","","","","","","","","","","","","","","","","","","","","","","","","","","","","","","","","","","","","","","","","","","","","","","","","","","","","","","","","","","",""
"2B5BVIG2","journalArticle","2008","Crockett, Clayton","The theology of money","Journal for Cultural & Religious Theory","","1530-5228","","https://research.ebsco.com/plink/29681e03-52e4-308b-a996-afc0536668fd","","2008","2026-02-05 01:30:33","2026-02-05 02:12:45","","null-null","","3","9","","JCRT","","","","","","Whitestone Foundation","","","","","","","","","","","","","","","","","","","","","","","","","","","","","","","","","","","","","","","","","","","","","","","","","","","","","","","","","","","",""
"R4N3MSQ7","journalArticle","2008","Kjellman, Mark","Against war: views from the underside of modernity","Journal for Cultural & Religious Theory","","1530-5228","","https://research.ebsco.com/plink/aaa0d11b-e4f6-3d5f-bce4-063f562f00e2","","2008","2026-02-05 01:30:33","2026-02-05 02:12:45","","null-null","","3","9","","JCRT","","","","","","Whitestone Foundation","","","","","","","","","","","","","","","","","","","","","","","","","","","","","","","","","","","","","","","","","","","","","","","","","","","","","","","","","","","",""
"CBBQ2XNJ","journalArticle","2008","Conroy, Melissa","Lacan and the limits of language","Journal for Cultural & Religious Theory","","1530-5228","","https://research.ebsco.com/plink/c42e0fcb-4df1-38a2-99d2-16fff1b341f5","","2008","2026-02-05 01:30:33","2026-02-05 02:12:45","","null-null","","3","9","","JCRT","","","","","","Whitestone Foundation","","","","","","","","","","","","","","","","","","","","","","","","","","","","","","","","","","","","","","","","","","","","","","","","","","","","","","","","","","","",""
"6KLJR499","journalArticle","2008","Dickinson, Wilson","God after metaphysics: a theological aesthetic","Journal for Cultural & Religious Theory","","1530-5228","","https://research.ebsco.com/plink/b0c72b1a-27b2-3981-bbab-38c4317a5b43","","2008","2026-02-05 01:30:33","2026-02-05 02:12:45","","null-null","","3","9","","JCRT","","","","","","Whitestone Foundation","","","","","","","","","","","","","","","","","","","","","","","","","","","","","","","","","","","","","","","","","","","","","","","","","","","","","","","","","","","",""
"TBN8699U","journalArticle","2008","Bain-Selbo, Eric","The tasks of philosophy: selected essays 1","Journal for Cultural & Religious Theory","","1530-5228","","https://research.ebsco.com/plink/4ae0bbdc-242b-3bc7-8ec2-b076e64c9501","","2008","2026-02-05 01:30:33","2026-02-05 02:12:45","","null-null","","3","9","","JCRT","","","","","","Whitestone Foundation","","","","","","","","","","","","","","","","","","","","","","","","","","","","","","","","","","","","","","","","","","","","","","","","","","","","","","","","","","","",""
"PXEARB6Y","journalArticle","2008","Robbins, Jeffrey W","Liberal theology: a radical vision","Journal for Cultural & Religious Theory","","1530-5228","","https://research.ebsco.com/plink/ea3347ad-15e8-3c63-9d1f-f17783725faa","","2008","2026-02-05 01:30:33","2026-02-05 02:12:45","","null-null","","3","9","","JCRT","","","","","","Whitestone Foundation","","","","","","","","","","","","","","","","","","","","","","","","","","","","","","","","","","","","","","","","","","","","","","","","","","","","","","","","","","","",""
"MDNC5WSE","journalArticle","2008","Smith, Anthony Paul","The theatre of production: philosophy and individuation between Kant and Deleuze","Journal for Cultural & Religious Theory","","1530-5228","","https://research.ebsco.com/plink/0ac8fb74-c200-352a-a340-6138fea5777f","","2008","2026-02-05 01:30:33","2026-02-05 02:12:45","","null-null","","3","9","","JCRT","","","","","","Whitestone Foundation","","","","","","","","","","","","","","","","","","","","","","","","","","","","","","","","","","","","","","","","","","","","","","","","","","","","","","","","","","","",""
"GLA9MCFD","journalArticle","2008","Gilmour, Michael J","The parables of Dr. Seuss","Journal for Cultural & Religious Theory","","1530-5228","","https://research.ebsco.com/plink/b51a9c90-2497-30a1-870e-d5364e4e3fbf","","2008","2026-02-05 01:30:33","2026-02-05 02:12:45","","null-null","","3","9","","JCRT","","","","","","Whitestone Foundation","","","","","","","","","","","","","","","","","","","","","","","","","","","","","","","","","","","","","","","","","","","","","","","","","","","","","","","","","","","",""
"644V3ENG","journalArticle","2008","Hinshaw, John","Darwin's cathedral: evolution, religion, and the nature of society","Journal for Cultural & Religious Theory","","1530-5228","","https://research.ebsco.com/plink/f0d5c6d2-821b-3404-ac07-e4586ac1bc6c","","2008","2026-02-05 01:30:33","2026-02-05 02:12:45","","null-null","","3","9","","JCRT","","","","","","Whitestone Foundation","","","","","","","","","","","","","","","","","","","","","","","","","","","","","","","","","","","","","","","","","","","","","","","","","","","","","","","","","","","",""
"QK2KZVX9","journalArticle","2008","Miller, Adam S","Theology, psychoanalysis, and trauma","Journal for Cultural & Religious Theory","","1530-5228","","https://research.ebsco.com/plink/cc2bc12e-320d-36ce-8ec2-30cf0a47e17e","","2008","2026-02-05 01:30:33","2026-02-05 02:12:45","","null-null","","3","9","","JCRT","","","","","","Whitestone Foundation","","","","","","","","","","","","","","","","","","","","","","","","","","","","","","","","","","","","","","","","","","","","","","","","","","","","","","","","","","","",""
"24DUHWFS","journalArticle","2008","Miller, Adam S","Fundamentals of psychoanalytic technique: a lacanian approach for practicioners","Journal for Cultural & Religious Theory","","1530-5228","","https://research.ebsco.com/plink/70c725c6-46a4-36af-b20c-f8b42c7eac94","","2008","2026-02-05 01:30:33","2026-02-05 02:12:45","","null-null","","3","9","","JCRT","","","","","","Whitestone Foundation","","","","","","","","","","","","","","","","","","","","","","","","","","","","","","","","","","","","","","","","","","","","","","","","","","","","","","","","","","","",""
"4M23TDPQ","journalArticle","2008","Powell, Matthew T","Religion: beyond a concept","Journal for Cultural & Religious Theory","","1530-5228","","https://research.ebsco.com/plink/18e91206-d7ce-3789-88c6-8e4890ab39c2","","2008","2026-02-05 01:30:33","2026-02-05 02:12:45","","null-null","","3","9","","JCRT","","","","","","Whitestone Foundation","","","","","","","","","","","","","","","","","","","","","","","","","","","","","","","","","","","","","","","","","","","","","","","","","","","","","","","","","","","",""
"7FD9GNM2","journalArticle","2008","McCullough, Lissa","After God","Journal for Cultural & Religious Theory","","1530-5228","","https://research.ebsco.com/plink/ab979955-3a09-3f4c-bc2c-3472d9dcff89","","2008","2026-02-05 01:30:33","2026-02-05 02:12:45","","null-null","","3","9","","JCRT","","","","","","Whitestone Foundation","","","","","","","","","","","","","","","","","","","","","","","","","","","","","","","","","","","","","","","","","","","","","","","","","","","","","","","","","","","",""
"YP7GD2L4","journalArticle","2008","Seitz, Jonathan A","Secularisms","Journal for Cultural & Religious Theory","","1530-5228","","https://research.ebsco.com/plink/fb5d29e8-2055-3232-adcd-193e3412d69a","","2008","2026-02-05 01:30:33","2026-02-05 02:12:45","","null-null","","3","9","","JCRT","","","","","","Whitestone Foundation","","","","","","","","","","","","","","","","","","","","","","","","","","","","","","","","","","","","","","","","","","","","","","","","","","","","","","","","","","","",""
"YXZF9V8G","journalArticle","2008","Lewis, A Davis","Holy superheroes!: exploring the sacred in comics, graphic novels, and film","Journal for Cultural & Religious Theory","","1530-5228","","https://research.ebsco.com/plink/6b517a2c-1471-36c2-bf09-069e259a231e","","2008","2026-02-05 01:30:33","2026-02-05 02:12:45","","null-null","","3","9","","JCRT","","","","","","Whitestone Foundation","","","","","","","","","","","","","","","","","","","","","","","","","","","","","","","","","","","","","","","","","","","","","","","","","","","","","","","","","","","",""
"DD53N4AW","journalArticle","2008","Martin, Craig (Craig Edward)","Discourse on civility and barbarity: a critical history of religion and related categories","Journal for Cultural & Religious Theory","","1530-5228","","https://research.ebsco.com/plink/a9b69d6f-f702-3863-bd20-eb15309dcf62","","2008","2026-02-05 01:30:33","2026-02-05 02:12:45","","null-null","","3","9","","JCRT","","","","","","Whitestone Foundation","","","","","","","","","","","","","","","","","","","","","","","","","","","","","","","","","","","","","","","","","","","","","","","","","","","","","","","","","","","",""
"49WJGHHF","journalArticle","2008","Morehouse, Nathaniel J","Thumpin' it: the use and abuse of the Bible in today's presidential politics","Journal for Cultural & Religious Theory","","1530-5228","","https://research.ebsco.com/plink/7743b347-0f39-37ad-b249-525d15a1e634","","2008","2026-02-05 01:30:33","2026-02-05 02:12:45","","null-null","","3","9","","JCRT","","","","","","Whitestone Foundation","","","","","","","","","","","","","","","","","","","","","","","","","","","","","","","","","","","","","","","","","","","","","","","","","","","","","","","","","","","",""
"5A2YGQJT","journalArticle","2008","McCullough, Lissa","Living the death of God: a theological memoir","Journal for Cultural & Religious Theory","","1530-5228","","https://research.ebsco.com/plink/4c819345-4be3-3123-a21b-8f574c30a94f","","2008","2026-02-05 01:30:33","2026-02-05 02:12:45","","null-null","","3","9","","JCRT","","","","","","Whitestone Foundation","","","","","","","","","","","","","","","","","","","","","","","","","","","","","","","","","","","","","","","","","","","","","","","","","","","","","","","","","","","",""
"34KNBDKD","journalArticle","2008","Klink, Aaron","The sleeping giant has awoken: the new politics of religion in the United States","Journal for Cultural & Religious Theory","","1530-5228","","https://research.ebsco.com/plink/225e34b6-f157-35bd-8fa0-794c74938e90","","2008","2026-02-05 01:30:33","2026-02-05 02:12:45","","null-null","","3","9","","JCRT","","","","","","Whitestone Foundation","","","","","","","","","","","","","","","","","","","","","","","","","","","","","","","","","","","","","","","","","","","","","","","","","","","","","","","","","","","",""
"W2TBITZG","journalArticle","2008","Shoemaker, Stephen P","The fire spreads: holiness and Pentecostalism in the American South","Journal for Cultural & Religious Theory","","1530-5228","","https://research.ebsco.com/plink/6b27e9c9-8f96-35e2-b765-53d043823ed1","","2008","2026-02-05 01:30:33","2026-02-05 02:12:45","","null-null","","3","9","","JCRT","","","","","","Whitestone Foundation","","","","","","","","","","","","","","","","","","","","","","","","","","","","","","","","","","","","","","","","","","","","","","","","","","","","","","","","","","","",""
"J8B6FJSM","journalArticle","2008","Bain-Selbo, Eric","Ethics and politics: selected essays Vol 2","Journal for Cultural & Religious Theory","","1530-5228","","https://research.ebsco.com/plink/d497987d-8815-39d7-96a3-056fb7372330","","2008","2026-02-05 01:30:33","2026-02-05 02:12:45","","null-null","","3","9","","JCRT","","","","","","Whitestone Foundation","","","","","","","","","","","","","","","","","","","","","","","","","","","","","","","","","","","","","","","","","","","","","","","","","","","","","","","","","","","",""
"JHB8G8QW","journalArticle","2008","Raschke, Carl A","The new orientalists: representations of Islam from Foucault to Baudrillard","Journal for Cultural & Religious Theory","","1530-5228","","https://research.ebsco.com/plink/5e251d78-f0f2-36f4-b595-4f4531cf1727","","2008","2026-02-05 01:30:33","2026-02-05 02:12:45","","null-null","","3","9","","JCRT","","","","","","Whitestone Foundation","","","","","","","","","","","","","","","","","","","","","","","","","","","","","","","","","","","","","","","","","","","","","","","","","","","","","","","","","","","",""
"L43AESW8","journalArticle","2008","McCullough, Lissa","After the death of God","Journal for Cultural & Religious Theory","","1530-5228","","https://research.ebsco.com/plink/f68615a7-89dd-3ac3-89e5-4c16a1a92e76","","2008","2026-02-05 01:30:33","2026-02-05 02:12:45","","null-null","","3","9","","JCRT","","","","","","Whitestone Foundation","","","","","","","","","","","","","","","","","","","","","","","","","","","","","","","","","","","","","","","","","","","","","","","","","","","","","","","","","","","",""
"IML49D68","journalArticle","2008","Hinshaw, John","Evolution for everyone: how Darwin's theory can change the way we think about our lives","Journal for Cultural & Religious Theory","","1530-5228","","https://research.ebsco.com/plink/3c4b0941-0c46-368f-b289-b5d8c38d5999","","2008","2026-02-05 01:30:33","2026-02-05 02:12:45","","null-null","","3","9","","JCRT","","","","","","Whitestone Foundation","","","","","","","","","","","","","","","","","","","","","","","","","","","","","","","","","","","","","","","","","","","","","","","","","","","","","","","","","","","",""
"UBSYBZF7","journalArticle","2008","Hilberg, Nathan S","Infinitely demanding: ethics of commitment, politics of resistance","Journal for Cultural & Religious Theory","","1530-5228","","https://research.ebsco.com/plink/b46b0796-6e5d-3699-bea1-68af1fdb74b9","","2008","2026-02-05 01:30:33","2026-02-05 02:12:45","","null-null","","3","9","","JCRT","","","","","","Whitestone Foundation","","","","","","","","","","","","","","","","","","","","","","","","","","","","","","","","","","","","","","","","","","","","","","","","","","","","","","","","","","","",""
"QDMWKCY9","journalArticle","2004","Taylor, Victor E","Divisible Derridas","Journal for Cultural & Religious Theory","","1530-5228","","https://research.ebsco.com/plink/0b03dcd0-6847-3908-8e55-cbca524f48d3","","2004","2026-02-05 01:30:33","2026-02-05 02:12:45","","null-null","","1","6","","JCRT","","","","","","Whitestone Foundation","","","","","","","","","","","","","Deconstruction (Criticism); Postmodernism; Philosophy and theology; Jacques; 1930-2004; Derrida","","","","","","","","","","","","","","","","","","","","","","","","","","","","","","","","","","","","","","","","","","","","","","",""
"M35S7C4J","journalArticle","2004","Caputo, John D","Derrida, Jacques, 1930-2004","Journal for Cultural & Religious Theory","","1530-5228","","https://research.ebsco.com/plink/14009bbc-fcea-3ccc-beff-4bd462dcca49","","2004","2026-02-05 01:30:33","2026-02-05 02:12:45","","null-null","","1","6","","JCRT","","","","","","Whitestone Foundation","","","","","","","","","","","","","Jacques; 1930-2004; Derrida; Obituaries","","","","","","","","","","","","","","","","","","","","","","","","","","","","","","","","","","","","","","","","","","","","","","",""
"XI2DPPU6","journalArticle","2004","Hoelzl, Michael","Recognizing the sacrificial victim: the problem of solidarity for critical social theory","Journal for Cultural & Religious Theory","","1530-5228","","https://research.ebsco.com/plink/63c30051-2132-3dc5-b0a2-4335c4261a3b","","2004","2026-02-05 01:30:33","2026-02-05 02:12:45","","null-null","","1","6","","JCRT","","","","","","Whitestone Foundation","","","","","","","","","","","","","Solidarity; Critical theory; Intersubjectivity; 1949-; Thomas; 1929-; Habermas; Jürgen; Violence and religion; Secularization (Religion); Axel; Brunkhorst; Fiegle; Hauke; Honneth","","","","","","","","","","","","","","","","","","","","","","","","","","","","","","","","","","","","","","","","","","","","","","",""
"MXNVHYG7","journalArticle","2004","Blanton, Ward","Apocalyptic materiality: return(s) of early Christian motifs in Slavoj Žižek's depiction of the materialist subject","Journal for Cultural & Religious Theory","","1530-5228","","https://research.ebsco.com/plink/cb1711f2-c17a-3f7f-bcf3-f71f248b1a3b","","2004","2026-02-05 01:30:33","2026-02-05 02:12:45","","null-null","","1","6","","JCRT","","","","","","Whitestone Foundation","","","","","","","","","","","","","Materialism; 0030-600; Self (Philosophy); 1844-1900; Friedrich Wilhelm; Nietzsche; 1949-; Slavoj; Žižek; Paul; the Apostle; Saint – Theology – Anthropology; Franz; Events (Philosophy); 1837-1905; Overbeck; Theological anthropology (Christianity) – History of doctrines","","","","","","","","","","","","","","","","","","","","","","","","","","","","","","","","","","","","","","","","","","","","","","",""
"EFRELDBT","journalArticle","2004","Brogan, Michael J","Judaism and alterity in Blanchot and Levinas","Journal for Cultural & Religious Theory","","1530-5228","","https://research.ebsco.com/plink/3bbc7fc7-50c2-37f7-b4c3-ea3b66615258","","2004","2026-02-05 01:30:33","2026-02-05 02:12:45","","null-null","","1","6","","JCRT","","","","","","Whitestone Foundation","","","","","","","","","","","","","Other (Philosophy); 1906-1995; Emmanuel; Lévinas; Theology – Methodology; Maurice; 1907-2003; Blanchot; Judaism (Study and teaching); Judaism and philosophy; Religious ethics","","","","","","","","","","","","","","","","","","","","","","","","","","","","","","","","","","","","","","","","","","","","","","",""
"ZQ8Q9XSU","journalArticle","2004","Johnson, Bradley A","Playing poker with Pascal: theology in the American casino","Journal for Cultural & Religious Theory","","1530-5228","","https://research.ebsco.com/plink/e2e4fdb3-882b-3eb5-a12a-ae4243186f08","","2004","2026-02-05 01:30:33","2026-02-05 02:12:45","","null-null","","1","6","","JCRT","","","","","","Whitestone Foundation","","","","","","","","","","","","","Death; Postmodernism; Fall of man; Religious Aspects; Pascal; Secret (Philosophy); 1623-1662; Blaise; Deserts; Gambling; God – Hiddenness; Las Vegas (Nev)","","","","","","","","","","","","","","","","","","","","","","","","","","","","","","","","","","","","","","","","","","","","","","",""
"8TGARS23","journalArticle","2004","Jones, Andrea Sun-Mee","What the doing does: religious practice & the problem of meaning","Journal for Cultural & Religious Theory","","1530-5228","","https://research.ebsco.com/plink/c8bcdef7-858b-36b8-96fd-c492de6a8185","","2004","2026-02-05 01:30:33","2026-02-05 02:12:45","","null-null","","1","6","","JCRT","","","","","","Whitestone Foundation","","","","","","","","","","","","","Reductionism; Secularization (Theology); Participation (Philosophy); Foucault; Karl; 1844-1900; Friedrich Wilhelm; Nietzsche; Religion – Philosophy; 1926-1984; Michel; Georges; Religious life; Paul; 1913-2005; Ricoeur; 1856-1939; Freud; Sigmund; Religion – Essence; 1818-1883; 1897-1962; Bataille; Marx","","","","","","","","","","","","","","","","","","","","","","","","","","","","","","","","","","","","","","","","","","","","","","",""
"KD8592NA","journalArticle","2004","Clingerman, Forrest","The Ark of speech","Journal for Cultural & Religious Theory","","1530-5228","","https://research.ebsco.com/plink/c19c9116-90e3-36a0-87c9-b6c5c815587f","","2004","2026-02-05 01:30:33","2026-02-05 02:12:45","","null-null","","1","6","","JCRT","","","","","","Whitestone Foundation","","","","","","","","","","","","","","","","","","","","","","","","","","","","","","","","","","","","","","","","","","","","","","","","","","","","","","","","","","","",""
"YQ98EE4B","journalArticle","2004","Woodard, Jared","Multitude: war and democracy in the age of empire","Journal for Cultural & Religious Theory","","1530-5228","","https://research.ebsco.com/plink/87d43702-e839-33fa-ad2d-8778e84949b5","","2004","2026-02-05 01:30:33","2026-02-05 02:12:45","","null-null","","1","6","","JCRT","","","","","","Whitestone Foundation","","","","","","","","","","","","","","","","","","","","","","","","","","","","","","","","","","","","","","","","","","","","","","","","","","","","","","","","","","","",""
"WSYV5YTI","journalArticle","2004","Michaud, Derek","A theology of engagement","Journal for Cultural & Religious Theory","","1530-5228","","https://research.ebsco.com/plink/e9f7d0f0-8d3b-3c8a-8ada-d0f621384ae8","","2004","2026-02-05 01:30:33","2026-02-05 02:12:45","","null-null","","1","6","","JCRT","","","","","","Whitestone Foundation","","","","","","","","","","","","","","","","","","","","","","","","","","","","","","","","","","","","","","","","","","","","","","","","","","","","","","","","","","","",""
"DRAXDKCI","journalArticle","2004","Grieve-Carlson, Gary","The seduction of unreason: the intellectual romance with fascism from Nietzsche to postmodernism","Journal for Cultural & Religious Theory","","1530-5228","","https://research.ebsco.com/plink/a417fa38-4e87-3fac-8477-6b293f5e46bb","","2004","2026-02-05 01:30:33","2026-02-05 02:12:45","","null-null","","1","6","","JCRT","","","","","","Whitestone Foundation","","","","","","","","","","","","","","","","","","","","","","","","","","","","","","","","","","","","","","","","","","","","","","","","","","","","","","","","","","","",""
"6I7N2S79","journalArticle","2004","Clingerman, Forrest","Hand to hand: listening to the work of art","Journal for Cultural & Religious Theory","","1530-5228","","https://research.ebsco.com/plink/c1f86625-8158-3960-9c91-6e515ad85700","","2004","2026-02-05 01:30:33","2026-02-05 02:12:45","","null-null","","1","6","","JCRT","","","","","","Whitestone Foundation","","","","","","","","","","","","","","","","","","","","","","","","","","","","","","","","","","","","","","","","","","","","","","","","","","","","","","","","","","","",""
"B8UF8I3S","journalArticle","2004","Vahanian, Gabriel","The passion of the Christ","Journal for Cultural & Religious Theory","","1530-5228","","https://research.ebsco.com/plink/c38f69c7-b08f-367d-a3ed-3f52a1cc9f4c","","2004","2026-02-05 01:30:33","2026-02-05 02:12:45","","null-null","","1","6","","JCRT","","","","","","Whitestone Foundation","","","","","","","","","","","","","","","","","","","","","","","","","","","","","","","","","","","","","","","","","","","","","","","","","","","","","","","","","","","",""
"IDPIP6MH","journalArticle","2004","Whiting, Jenifer","The American spiritual culture and the invention of jazz, football, and the movies","Journal for Cultural & Religious Theory","","1530-5228","","https://research.ebsco.com/plink/bdc3b524-f95f-3102-b9d8-983f95047db1","","2004","2026-02-05 01:30:34","2026-02-05 02:12:45","","null-null","","1","6","","JCRT","","","","","","Whitestone Foundation","","","","","","","","","","","","","","","","","","","","","","","","","","","","","","","","","","","","","","","","","","","","","","","","","","","","","","","","","","","",""
"2BFA9BQI","journalArticle","2005","Taylor, Victor E; Kearney, Richard","A conversation with Richard Kearney","Journal for Cultural & Religious Theory","","1530-5228","","https://research.ebsco.com/plink/65444479-3414-337e-8eb0-7495f8083e80","","2005","2026-02-05 01:30:34","2026-02-05 02:12:45","","null-null","","2","6","","JCRT","","","","","","Whitestone Foundation","","","","","","","","","","","","","Dialogue; Difference (Philosophy); Other (Philosophy); Jacques; Imagination; Continental philosophy; 1930-2004; Derrida; Philosophy – Methodology","","","","","","","","","","","","","","","","","","","","","","","","","","","","","","","","","","","","","","","","","","","","","","",""
"VM6XIDMT","journalArticle","2005","Neven, Gerrit W","Doing theology without God?: about the reality of faith in the 21st century","Journal for Cultural & Religious Theory","","1530-5228","","https://research.ebsco.com/plink/d28c4a6a-8c90-3d7c-9164-f0540dd8d99a","","2005","2026-02-05 01:30:35","2026-02-05 02:12:45","","null-null","","3","6","","JCRT","","","","","","Whitestone Foundation","","","","","","","","","","","","","Bibliographies; Christian life; Language and religion; Faith; Philosophy and theology; Secularization (Theology); Paul; Badiou; the Apostle; Saint – Theology; 1924- – Bibliography; Alain – Bibliography; H M. (H Martinus); Kuitert; Theology – Terminology","","","","","","","","","","","","","","","","","","","","","","","","","","","","","","","","","","","","","","","","","","","","","","",""
"HFNXJJ44","journalArticle","2005","Fischer, Karsten","In the beginning was the murder: destruction of nature and interhuman violence in Adorno's critique of culture","Journal for Cultural & Religious Theory","","1530-5228","","https://research.ebsco.com/plink/500fe8b4-57da-3b3c-8d85-93e5ce679ece","","2005","2026-02-05 01:30:35","2026-02-05 02:12:45","","null-null","","2","6","","JCRT","","","","","","Whitestone Foundation","","","","","","","","","","","","","Social critique; Violence; Culture – Philosophy; Human beings – Relation to nature; 1903-1969; Adorno; Theodor W","","","","","","","","","","","","","","","","","","","","","","","","","","","","","","","","","","","","","","","","","","","","","","",""
"K89FW8MZ","journalArticle","2005","Geroux, Robert","Pain and the problems of the body: 'ontological frailty' and a political reconsideration of the corporeal turn in theology","Journal for Cultural & Religious Theory","","1530-5228","","https://research.ebsco.com/plink/c0f9a2b0-1d85-3235-b5d0-e5a8e024602d","","2005","2026-02-05 01:30:35","2026-02-05 02:12:45","","null-null","","1","7","","JCRT","","","","","","Whitestone Foundation","","","","","","","","","","","","","Ontology; Postmodernism; Plato; Pain; Religion and politics; Body; Human (Philosophy); Human body in religion; 1906-1975; Arendt; Hannah; Aristotle; 1951-; 1712-1778; Anthony J; Bryan S; Godzieba; Jean-Jacques; Rousseau; Turner","","","","","","","","","","","","","","","","","","","","","","","","","","","","","","","","","","","","","","","","","","","","","","",""
"V9GTLJ5P","journalArticle","2005","Taylor, Victor E","Theorizing religion II","Journal for Cultural & Religious Theory","","1530-5228","","https://research.ebsco.com/plink/64b5ee38-12a1-32f5-92f2-9813711db8bc","","2005","2026-02-05 01:30:35","2026-02-05 02:12:45","","null-null","","3","6","","JCRT","","","","","","Whitestone Foundation","","","","","","","","","","","","","Language and religion; Semiotics; Postmodernism; Language and languages – Philosophy; Raschke; Theology – Methodology; Carl A; Journal for Cultural and Religious Theory; Theory (Philosophy)","","","","","","","","","","","","","","","","","","","","","","","","","","","","","","","","","","","","","","","","","","","","","","",""
"SHBIVDGS","journalArticle","2006","Dahlgren, Paul","Reflections on a small island: Hannah Arendt, Shakespeare's The tempest, and the politics of childhood","Journal for Cultural & Religious Theory","","1530-5228","","https://research.ebsco.com/plink/3bfce78f-d5b3-3ec3-9098-7989fb9aac90","","2006","2026-02-05 01:30:36","2026-02-05 02:12:45","","null-null","","2","7","","JCRT","","","","","","Whitestone Foundation","","","","","","","","","","","","","Children; Life; Shakespeare; William; Political science – Philosophy; 1906-1975; Arendt; Hannah; 1564-1616 – Plays; Philosophy – History","","","","","","","","","","","","","","","","","","","","","","","","","","","","","","","","","","","","","","","","","","","","","","",""
"F9PM6YFH","journalArticle","2005","Crockett, Clayton","St. Paul and the event","Journal for Cultural & Religious Theory","","1530-5228","","https://research.ebsco.com/plink/89403cc2-0310-375c-8f98-b3b31b54c2c9","","2005","2026-02-05 01:30:36","2026-02-05 02:12:45","","null-null","","2","6","","JCRT","","","","","","Whitestone Foundation","","","","","","","","","","","","","Philosophy and theology; Philosophy; 1949-; Slavoj; Žižek; Paul; 1937-; Alain; Badiou; Boyarin; Daniel; 1946-; the Apostle; Saint – Theology – Anthropology; Events (Philosophy); Congresses and conventions","","","","","","","","","","","","","","","","","","","","","","","","","","","","","","","","","","","","","","","","","","","","","","",""
"W8ANJ9EG","journalArticle","2006","Nichols, Joshua","The man behind the iron mask: Marx and St. John on repetition, revelation and revolution","Journal for Cultural & Religious Theory","","1530-5228","","https://research.ebsco.com/plink/b6644f09-8b73-3d66-9ad2-fdaa8dafdd82","","2006","2026-02-05 01:30:36","2026-02-05 02:12:45","","null-null","","1","8","","JCRT","","","","","","Whitestone Foundation","","","","","","","","","","","","","Antichrist; Resurrection; Shakespeare; William; Bible. Revelation – Theology; Karl; History – Philosophy; 1564-1616 – Plays; Repetition; 1818-1883; Marx; Dead in religion; Spirits","","","","","","","","","","","","","","","","","","","","","","","","","","","","","","","","","","","","","","","","","","","","","","",""
"UYIZW3KC","journalArticle","2007","Horowitz, Arthur","Shylock after Auschwitz: The merchant of Venice on the post-Holocaust stage – subversion, confrontation, and provocation","Journal for Cultural & Religious Theory","","1530-5228","","https://research.ebsco.com/plink/6a5b969b-3a1c-3006-8e5f-401790c19449","","2007","2026-02-05 01:30:36","2026-02-05 02:12:45","","null-null","","3","8","","JCRT","","","","","","Whitestone Foundation","","","","","","","","","","","","","Antisemitism; Shakespeare; William; Arnold; Holocaust; Jewish (1939-1945); Religion and drama; 1564-1616 – Characters – Shylock; 1932-2016; Theater; Theater and society; Wesker; Yiddish","","","","","","","","","","","","","","","","","","","","","","","","","","","","","","","","","","","","","","","","","","","","","","",""
"DXRASA8U","journalArticle","2005","Segev, Alon","Thought and belief: the attempt at speculative seeing in Hegel","Journal for Cultural & Religious Theory","","1530-5228","","https://research.ebsco.com/plink/b0ddca28-e3a9-3164-a774-fd1fdb5852f3","","2005","2026-02-05 01:30:36","2026-02-05 02:12:45","","null-null","","1","7","","JCRT","","","","","","Whitestone Foundation","","","","","","","","","","","","","Philosophical theology; Philosophy and theology; Idealism; Difference (Philosophy); 1770-1831; Absolute; Georg Wilhelm Friedrich; Hegel; The; 1724-1804; Immanuel; Kant","","","","","","","","","","","","","","","","","","","","","","","","","","","","","","","","","","","","","","","","","","","","","","",""
"9C9WI6MY","journalArticle","2005","Grimshaw, Mike","Did God die in The Christian Century?","Journal for Cultural & Religious Theory","","1530-5228","","https://research.ebsco.com/plink/fc82d28d-f37c-3443-8147-cbae9d47cb25","","2005","2026-02-05 01:30:36","2026-02-05 02:12:45","","null-null","","3","6","","JCRT","","","","","","Whitestone Foundation","","","","","","","","","","","","","Theology; Death of God theology; Secularization (Theology); William; 1929-; 1927-2018; Altizer; Lewis; Theology – Historiography; Thomas J J; 1927-2012; Gabriel; Vahanian; 1919-1983; 1919-2004; 1924-1998; 1924-2012; 1950; Bishop; Christian Century (Periodical); Cox; Gilkey; H G; Hamilton; Harvey; James M; John A T (John Arthur Thomas); Langdon; Paul Matthews; Robinson; Van Buren; Wall","","","","","","","","","","","","","","","","","","","","","","","","","","","","","","","","","","","","","","","","","","","","","","",""
"T4EDX8MF","journalArticle","2007","Bivins, Jason","The religion of fear: conservative evangelicals, identity, and antiliberal pop","Journal for Cultural & Religious Theory","","1530-5228","","https://research.ebsco.com/plink/d954229d-26b4-39be-8126-a394718bf119","","2007","2026-02-05 01:30:36","2026-02-05 02:12:45","","null-null","","2","8","","JCRT","","","","","","Whitestone Foundation","","","","","","","","","","","","","United States; Rhetoric; Religion and culture; Religious; 1924-2016; Chick; Christianity and politics – Evangelicalism; Conservatism; Evangelicalism – History; Fear; Jack T; Propaganda","","","","","","","","","","","","","","","","","","","","","","","","","","","","","","","","","","","","","","","","","","","","","","",""
"JNUAZ29L","journalArticle","2006","Miller, Nichole E","The sexual politics of pain: Hannah Arendt meets Shakespeare's shrew","Journal for Cultural & Religious Theory","","1530-5228","","https://research.ebsco.com/plink/ba2512f6-9704-3ee4-879e-6594495fe8a1","","2006","2026-02-05 01:30:36","2026-02-05 02:12:45","","null-null","","2","7","","JCRT","","","","","","Whitestone Foundation","","","","","","","","","","","","","Gender; Pain; Shakespeare; William; Political science – Philosophy; Refugees; 1906-1975; Arendt; Hannah; 1942-; Agamben; Giorgio; 1564-1616 – Characters; Aristotle – Ethics","","","","","","","","","","","","","","","","","","","","","","","","","","","","","","","","","","","","","","","","","","","","","","",""
"H3IDCKDQ","journalArticle","2005","Stanley, Timothy (Timothy W)","Redeeming the icons","Journal for Cultural & Religious Theory","","1530-5228","","https://research.ebsco.com/plink/5029971b-bdef-3474-bcfa-133397e779d9","","2005","2026-02-05 01:30:36","2026-02-05 02:12:45","","null-null","","2","6","","JCRT","","","","","","Whitestone Foundation","","","","","","","","","","","","","Interpersonal relations; Intimacy (Psychology); Culture – Philosophy; 1946-; Jean-Luc; Marion; Infinite; 1930-2002; Bourdieu; Cyberspace; Icons; Idols and images; Mediation; Pierre","","","","","","","","","","","","","","","","","","","","","","","","","","","","","","","","","","","","","","","","","","","","","","",""
"JJV2HV57","journalArticle","2006","Mejido, Manuel Jesús","A reconstruction of the theologies of liberation: the lacanian correction to the ellacurian synthesis","Journal for Cultural & Religious Theory","","1530-5228","","https://research.ebsco.com/plink/0b205f18-7c55-38d0-b622-a6429dcd0622","","2006","2026-02-05 01:30:36","2026-02-05 02:12:45","","null-null","","1","8","","JCRT","","","","","","Whitestone Foundation","","","","","","","","","","","","","Liberation theology; Postmodernism; Marxism; 1901-1981; Jacques; Lacan; Psychoanalysis and religion; Frankfurt school of sociology; 1930-1989; Ellacuría; History – Religious aspects – Christianity; History in religion; Ignacio","","","","","","","","","","","","","","","","","","","","","","","","","","","","","","","","","","","","","","","","","","","","","","",""
"CJ5LB2VZ","journalArticle","2007","Planinc, Zdravko","Reading The merchant of Venice through Adorno","Journal for Cultural & Religious Theory","","1530-5228","","https://research.ebsco.com/plink/1526cfb3-e394-32ce-8ba4-f33c406483a9","","2007","2026-02-05 01:30:36","2026-02-05 02:12:45","","null-null","","3","8","","JCRT","","","","","","Whitestone Foundation","","","","","","","","","","","","","Modernity; Antisemitism; Shakespeare; William; 1903-1969; Adorno; Holocaust; Jewish (1939-1945); 1564-1616 – Plays; Comedy; Religion and drama; Theodor W; Theater and society; Horror; Tragedy","","","","","","","","","","","","","","","","","","","","","","","","","","","","","","","","","","","","","","","","","","","","","","",""
"WLYY268M","journalArticle","2005","Magee, Neal","Stare decisis: (forever) lost in translation","Journal for Cultural & Religious Theory","","1530-5228","","https://research.ebsco.com/plink/82c499ed-8728-3217-b9c7-3e82e07c9559","","2005","2026-02-05 01:30:36","2026-02-05 02:12:45","","null-null","","1","7","","JCRT","","","","","","Whitestone Foundation","","","","","","","","","","","","","Law; United States; Truthfulness and falsehood; Consciousness; Politics and government; 1949-; Jacques; Slavoj; Žižek; 1930-2004; Derrida; 1905-1980; Jean-Paul; Sartre; Progress; Supreme Court.","","","","","","","","","","","","","","","","","","","","","","","","","","","","","","","","","","","","","","","","","","","","","","",""
"NAWX4DFY","journalArticle","2005","Harpham, Geoffrey Galt","Derrida, Said, and infinity","Journal for Cultural & Religious Theory","","1530-5228","","https://research.ebsco.com/plink/aed53f42-a46d-351a-a2a1-ab5991bd07b7","","2005","2026-02-05 01:30:36","2026-02-05 02:12:45","","null-null","","3","6","","JCRT","","","","","","Whitestone Foundation","","","","","","","","","","","","","Criticism; Colonialism and neocolonialism; Political science – Philosophy; Jacques; The; 1930-2004; Derrida; Language and languages – Philosophy; Finite; 1935-2003; Edward W; Said","","","","","","","","","","","","","","","","","","","","","","","","","","","","","","","","","","","","","","","","","","","","","","",""
"99CB3829","journalArticle","2007","Bell, Daniel M Jr","The politics of fear and the gospel of life","Journal for Cultural & Religious Theory","","1530-5228","","https://research.ebsco.com/plink/f2a95652-855a-34b9-9fdf-b4cb631af8ab","","2007","2026-02-05 01:30:36","2026-02-05 02:12:45","","null-null","","2","8","","JCRT","","","","","","Whitestone Foundation","","","","","","","","","","","","","Postmodernism; Liberalism; Political science – Philosophy; Saint; Paul; 1937-; Alain; Badiou; the Apostle; Saint – Theology; Love in religion; Augustine; of Hippo; Fear; 354-430 – Political and social views; Civil society; Jesus Christ – Resurrection","","","","","","","","","","","","","","","","","","","","","","","","","","","","","","","","","","","","","","","","","","","","","","",""
"UZ47EK4K","journalArticle","2006","Kolarov, Viola","Gems for creatures: care and natality between Hannah Arendt and Shakespeare","Journal for Cultural & Religious Theory","","1530-5228","","https://research.ebsco.com/plink/a3fefbe0-5ead-34e4-b790-af89768cfa3d","","2006","2026-02-05 01:30:36","2026-02-05 02:12:45","","null-null","","2","7","","JCRT","","","","","","Whitestone Foundation","","","","","","","","","","","","","Allegory; Shakespeare; William; Body; Human body in religion; Benjamin; 1889-1976; Heidegger; Martin; Psychoanalysis; 1906-1975; Arendt; Hannah; Human; 1564-1616 – Plays; 1856-1939; Freud; Sigmund; Fathers in literature; Gems; in literature; Life in literature; Mothers in literature; Walter W","","","","","","","","","","","","","","","","","","","","","","","","","","","","","","","","","","","","","","","","","","","","","","",""
"GJLUJLSJ","journalArticle","2005","Raschke, Carl A","Derrida and the return of religion: religious theory after postmodernism","Journal for Cultural & Religious Theory","","1530-5228","","https://research.ebsco.com/plink/a3e06b18-1095-388a-88f1-05f8e54ea061","","2005","2026-02-05 01:30:36","2026-02-05 02:12:45","","null-null","","2","6","","JCRT","","","","","","Whitestone Foundation","","","","","","","","","","","","","Faith and reason; Exchange theory (Sociology); Postmodernism; Economics and religion; 1949-; Jacques; Psychoanalysis and religion; Religion – Philosophy; Slavoj; Žižek; 1930-2004; Derrida; Poststructuralism","","","","","","","","","","","","","","","","","","","","","","","","","","","","","","","","","","","","","","","","","","","","","","",""
"PWJPAI9R","journalArticle","2006","Schmidt, Jochen","Neither/nor: the mutual negation of S øren Kierkegaard's early pseudonymous voices","Journal for Cultural & Religious Theory","","1530-5228","","https://research.ebsco.com/plink/00f8a46b-9415-37bb-94ec-705bb10109a5","","2006","2026-02-05 01:30:36","2026-02-05 02:12:45","","null-null","","1","8","","JCRT","","","","","","Whitestone Foundation","","","","","","","","","","","","","Language and religion; Christianity; 1813-1855; Kierkegaard; Søren; Literary; Style; Theology – Methodology; Time in religion; Repetition; Tragedy; Anonyms and pseudonyms; Negation (Logic)","","","","","","","","","","","","","","","","","","","","","","","","","","","","","","","","","","","","","","","","","","","","","","",""
"XGXDZV7B","journalArticle","2007","Ajzenstat, Oona","Heart's blood: Derrida and Portia on translation","Journal for Cultural & Religious Theory","","1530-5228","","https://research.ebsco.com/plink/dfb1c8e5-2bf4-30b1-8132-63939701738b","","2007","2026-02-05 01:30:36","2026-02-05 02:12:45","","null-null","","3","8","","JCRT","","","","","","Whitestone Foundation","","","","","","","","","","","","","Christianity and Judaism; Transmission of texts; Antisemitism; Shakespeare; William; Jacques; 1930-2004; Derrida; Caputo; Translations; 1940-; 1564-1616 – Plays; John D; 1564-1616 – Characters – Shylock; 1564-1616 – Characters","","","","","","","","","","","","","","","","","","","","","","","","","","","","","","","","","","","","","","","","","","","","","","",""
"CW4MFU3I","journalArticle","2005","Singh, Bhrigupati","Another investigation of postcolonial failure","Journal for Cultural & Religious Theory","","1530-5228","","https://research.ebsco.com/plink/2c483cb0-d3f9-33e4-abd5-c2235b992606","","2005","2026-02-05 01:30:36","2026-02-05 02:12:45","","null-null","","1","7","","JCRT","","","","","","Whitestone Foundation","","","","","","","","","","","","","Postcolonialism; Historiography; Civilization; Culture – Philosophy; The; Finite; 1926-2018; Cavell; Stanley; Ludwig; Community and religion; 1947-; Western; 1889-1951; Chakrabarty; Chatterjee; Dipesh; Hinduism; Partha; Wittgenstein","","","","","","","","","","","","","","","","","","","","","","","","","","","","","","","","","","","","","","","","","","","","","","",""
"DFFDMGTP","journalArticle","2005","Hart, Kevin","Encyclopedias and other things: some recent theology","Journal for Cultural & Religious Theory","","1530-5228","","https://research.ebsco.com/plink/67459115-a2ce-3848-922e-f58b3b0089bb","","2005","2026-02-05 01:30:36","2026-02-05 02:12:45","","null-null","","3","6","","JCRT","","","","","","Whitestone Foundation","","","","","","","","","","","","","Theology; Bibliographies; Theology (Study and teaching); Doctrinal – Methodology; Encyclopedias and dictionaries","","","","","","","","","","","","","","","","","","","","","","","","","","","","","","","","","","","","","","","","","","","","","","",""
"CUIHVMYT","journalArticle","2007","Vahabzadeh, Peyman","Measure and democracy in the age of politics of fright","Journal for Cultural & Religious Theory","","1530-5228","","https://research.ebsco.com/plink/1876fbf0-77b5-3543-a1d3-73e493861e39","","2007","2026-02-05 01:30:36","2026-02-05 02:12:45","","null-null","","2","8","","JCRT","","","","","","Whitestone Foundation","","","","","","","","","","","","","Secularization (Sociology); New Right (Christianity); Christianity and politics; Globalization; East and West; Political science – Philosophy; 2001-2009; War on Terrorism; Fundamentalism – Islam; Social conflict","","","","","","","","","","","","","","","","","","","","","","","","","","","","","","","","","","","","","","","","","","","","","","",""
"I7X9U67I","journalArticle","2006","Lupton, Julia Reinhard","Hannah Arendt's Renaissance: remarks on natality","Journal for Cultural & Religious Theory","","1530-5228","","https://research.ebsco.com/plink/1d63070a-39fb-3f94-9771-e90786f40c6b","","2006","2026-02-05 01:30:36","2026-02-05 02:12:45","","null-null","","2","7","","JCRT","","","","","","Whitestone Foundation","","","","","","","","","","","","","Life; Sex; Philosophy; Shakespeare; William; Political science – Philosophy; Psychoanalysis; 1906-1975; Arendt; Hannah; 1564-1616 – Plays; 1416?-1492; della Francesca; Piero; Renaissance","","","","","","","","","","","","","","","","","","","","","","","","","","","","","","","","","","","","","","","","","","","","","","",""
"LMWSHX9D","journalArticle","2005","Robbins, Jeffrey W","The politics of Paul","Journal for Cultural & Religious Theory","","1530-5228","","https://research.ebsco.com/plink/c282bd9a-1451-3f40-ac74-7e8e14502691","","2005","2026-02-05 01:30:36","2026-02-05 02:12:45","","null-null","","2","6","","JCRT","","","","","","Whitestone Foundation","","","","","","","","","","","","","Philosophy and theology; Christianity and politics; 1844-1900; Friedrich Wilhelm; Nietzsche; Paul; 1937-; Alain; Badiou; the Apostle; Saint – Theology","","","","","","","","","","","","","","","","","","","","","","","","","","","","","","","","","","","","","","","","","","","","","","",""
"SMCJV8K6","journalArticle","2006","Simmons, J Aaron","Above all earthly pow'rs, David F. Wells","Journal for Cultural & Religious Theory","","1530-5228","","https://research.ebsco.com/plink/9bc852d7-8941-331d-8b91-f64646649795","","2006","2026-02-05 01:30:36","2026-02-05 02:12:45","","null-null","","1","8","","JCRT","","","","","","Whitestone Foundation","","","","","","","","","","","","","Theology; Christianity and culture; Postmodernism; Spiritual life; 2000; Christianity; Doctrinal; Wells; Truth (Religion); David F; Jesus Christ – History of doctrines","","","","","","","","","","","","","","","","","","","","","","","","","","","","","","","","","","","","","","","","","","","","","","",""
"KKER49YV","journalArticle","2007","Lupton, Julia Reinhard","Shylock between exception and emancipation: Shakespeare, Schmitt, Arendt","Journal for Cultural & Religious Theory","","1530-5228","","https://research.ebsco.com/plink/1a795661-3bd0-3fc6-84ec-546fff8eaff6","","2007","2026-02-05 01:30:36","2026-02-05 02:12:45","","null-null","","3","8","","JCRT","","","","","","Whitestone Foundation","","","","","","","","","","","","","Philosophical anthropology; Antisemitism; Shakespeare; William; laws; 1906-1975; Arendt; Hannah; Carl; Holocaust; Jewish (1939-1945); 1564-1616 – Characters – Shylock; Theater and society; 1500; 1888-1985; Jews – History; Jews – Legal status; Schmitt","","","","","","","","","","","","","","","","","","","","","","","","","","","","","","","","","","","","","","","","","","","","","","",""
"7V29FACG","journalArticle","2005","Miller, Adam S","Philosophy & scripture in book VII of Augustine's Confessions","Journal for Cultural & Religious Theory","","1530-5228","","https://research.ebsco.com/plink/8e292ba8-cdad-30ee-9469-a891eb62d8c3","","2005","2026-02-05 01:30:36","2026-02-05 02:12:45","","null-null","","1","7","","JCRT","","","","","","Whitestone Foundation","","","","","","","","","","","","","Bible; Evil; Criticism; Philosophy and theology; etc.; interpretation; Saint; Augustine; of Hippo; 354-430 – Philosophy; Senses and sensation; 354-430 – Biblical interpretation; Concepts","","","","","","","","","","","","","","","","","","","","","","","","","","","","","","","","","","","","","","","","","","","","","","",""
"6C2ZKZBV","journalArticle","2005","Lorentzen, Oz","William James and the science of religions: reexperiencing The varieties of religious experience","Journal for Cultural & Religious Theory","","1530-5228","","https://research.ebsco.com/plink/28ba5797-fe60-3c2f-af82-e5174457a655","","2005","2026-02-05 01:30:36","2026-02-05 02:12:45","","null-null","","3","6","","JCRT","","","","","","Whitestone Foundation","","","","","","","","","","","","","","","","","","","","","","","","","","","","","","","","","","","","","","","","","","","","","","","","","","","","","","","","","","","",""
"94BB4YWE","journalArticle","2007","Costa, Mario","'A love as strong as death': reconstructing a politics of Christian love","Journal for Cultural & Religious Theory","","1530-5228","","https://research.ebsco.com/plink/d4e5e9ed-8457-37b2-b844-e3d9ca879b96","","2007","2026-02-05 01:30:37","2026-02-05 02:12:45","","null-null","","2","8","","JCRT","","","","","","Whitestone Foundation","","","","","","","","","","","","","Postmodernism; Christianity and politics; Political science – Philosophy; Antonio; 1886-1965; Paul; Tillich; 1933-2023; 1960-; Hardt; Michael; Negri; Love in religion; Power (Philosophy)","","","","","","","","","","","","","","","","","","","","","","","","","","","","","","","","","","","","","","","","","","","","","","",""
"NDCBUBH5","journalArticle","2006","Siebers, Tobin","Disability aesthetics","Journal for Cultural & Religious Theory","","1530-5228","","https://research.ebsco.com/plink/fc39c634-5675-3cb7-a5bd-6494656c70ca","","2006","2026-02-05 01:30:37","2026-02-05 02:12:45","","null-null","","2","7","","JCRT","","","","","","Whitestone Foundation","","","","","","","","","","","","","Art – Philosophy; Paul; Judith; Human figure in art; 1943-2005; McCarthy; People with disabilities and the arts; Scott","","","","","","","","","","","","","","","","","","","","","","","","","","","","","","","","","","","","","","","","","","","","","","",""
"G5C7HPFU","journalArticle","2005","Waggoner, Matthew","Giving up the good: Adorno, Kierkegaard and the critique of political culture","Journal for Cultural & Religious Theory","","1530-5228","","https://research.ebsco.com/plink/7ac0ccfe-5899-340c-9652-c03be39c5fd9","","2005","2026-02-05 01:30:37","2026-02-05 02:12:45","","null-null","","2","6","","JCRT","","","","","","Whitestone Foundation","","","","","","","","","","","","","Political science – Philosophy; Art – Philosophy; Religion – Philosophy; 1770-1831; Georg Wilhelm Friedrich; Hegel; The; Act (Philosophy); 1813-1855; Kierkegaard; Søren; 1724-1804; Immanuel; Kant; 1903-1969; Adorno; Theodor W; Good","","","","","","","","","","","","","","","","","","","","","","","","","","","","","","","","","","","","","","","","","","","","","","",""
"58AYWVAX","journalArticle","2006","Raschke, Carl A","The weakness of God...and of theological thought for that matter: Acta est fabula plaudite","Journal for Cultural & Religious Theory","","1530-5228","","https://research.ebsco.com/plink/f5e2d793-5787-3513-a4a8-a221fce39537","","2006","2026-02-05 01:30:37","2026-02-05 02:12:45","","null-null","","1","8","","JCRT","","","","","","Whitestone Foundation","","","","","","","","","","","","","Death of God theology; God (Philosophy); Postmodernism; Nihilism; 1844-1900; Friedrich Wilhelm; Nietzsche; Paul; Caputo; the Apostle; 1940-; Theology – Methodology; John D; Theology – Terminology; Saint – Theology – God","","","","","","","","","","","","","","","","","","","","","","","","","","","","","","","","","","","","","","","","","","","","","","",""
"EJ6G7LDX","journalArticle","2007","Keller, Catherine","The dare of democracy: fear, faith and freedom","Journal for Cultural & Religious Theory","","1530-5228","","https://research.ebsco.com/plink/37665cf8-135e-38df-95b7-a8b944554cbb","","2007","2026-02-05 01:30:37","2026-02-05 02:12:45","","null-null","","3","8","","JCRT","","","","","","Whitestone Foundation","","","","","","","","","","","","","Authoritarianism; Power (Social sciences); New Right (Christianity); Christianity and politics; Democracy; Civilization; Western; 1953-; Cornel; Democracy and religion; West","","","","","","","","","","","","","","","","","","","","","","","","","","","","","","","","","","","","","","","","","","","","","","",""
"NK5BLXR3","journalArticle","2005","Taylor, Victor E; Žižek, Slavoj","A conversation with Slavoj Žižek","Journal for Cultural & Religious Theory","","","","https://research.ebsco.com/plink/2f8d97e8-ff71-3eaa-b25f-3bd73a5ea453","","2005","2026-02-05 01:30:37","2026-02-05 02:12:45","","","","1","7","","JCRT","","","","","","Whitestone Foundation","","","","","","","","","","","","","Postmodernism; Culture – Philosophy; 1901-1981; Jacques; Lacan; Psychoanalysis and religion; Religion – Philosophy","","","","","","","","","","","","","","","","","","","","","","","","","","","","","","","","","","","","","","","","","","","","","","",""
"9WIFDKVE","journalArticle","2005","Linck, Matthew S","Truth and genesis: philosophy as differential ontology","Journal for Cultural & Religious Theory","","1530-5228","","https://research.ebsco.com/plink/35439369-94de-3e7f-b190-0b4a5f7182b0","","2005","2026-02-05 01:30:37","2026-02-05 02:12:45","","null-null","","3","6","","JCRT","","","","","","Whitestone Foundation","","","","","","","","","","","","","","","","","","","","","","","","","","","","","","","","","","","","","","","","","","","","","","","","","","","","","","","","","","","",""
"TP7I3RPC","journalArticle","2007","Hardt, Michael; Davis, Creston; Haley, Christopher W; Craig, Jason","A conversation with Michael Hardt","Journal for Cultural & Religious Theory","","1530-5228","","https://research.ebsco.com/plink/5782f435-2c9d-38c9-8d1d-0610d0c49212","","2007","2026-02-05 01:30:37","2026-02-05 02:12:45","","null-null","","2","8","","JCRT","","","","","","Whitestone Foundation","","","","","","","","","","","","","Postmodernism; Historiography; Marxism; Antonio; Religion – Philosophy; Imagination; 1933-2023; Negri; Love in religion; Power (Philosophy); 1934-2024; Fredric; Jameson","","","","","","","","","","","","","","","","","","","","","","","","","","","","","","","","","","","","","","","","","","","","","","",""
"FJSQBFFP","journalArticle","2006","Robbins, Jeffrey W","Beginning to think","Journal for Cultural & Religious Theory","","1530-5228","","https://research.ebsco.com/plink/af26a94a-7f0d-35c3-9a93-7f69dacf56a3","","2006","2026-02-05 01:30:37","2026-02-05 02:12:45","","null-null","","2","7","","JCRT","","","","","","Whitestone Foundation","","","","","","","","","","","","","Social problems; Future; The; Critical thinking; Baccalaureate addresses","","","","","","","","","","","","","","","","","","","","","","","","","","","","","","","","","","","","","","","","","","","","","","",""
"DFZG7AHM","journalArticle","2005","Vahabzadeh, Peyman","The lesser evil: political ethics in the age of terror","Journal for Cultural & Religious Theory","","1530-5228","","https://research.ebsco.com/plink/cd9847ac-41bf-34e2-b38f-6bc155233acd","","2005","2026-02-05 01:30:37","2026-02-05 02:12:45","","null-null","","2","6","","JCRT","","","","","","Whitestone Foundation","","","","","","","","","","","","","","","","","","","","","","","","","","","","","","","","","","","","","","","","","","","","","","","","","","","","","","","","","","","",""
"A5UA9DYF","journalArticle","2006","Buckingham, Will","Walter Benjamin, religion, and aesthetics: rethinking religion through the arts","Journal for Cultural & Religious Theory","","1530-5228","","https://research.ebsco.com/plink/a5eacdd9-91a1-3e27-8790-ff486ae9a104","","2006","2026-02-05 01:30:37","2026-02-05 02:12:45","","null-null","","1","8","","JCRT","","","","","","Whitestone Foundation","","","","","","","","","","","","","","","","","","","","","","","","","","","","","","","","","","","","","","","","","","","","","","","","","","","","","","","","","","","",""
"R4SJABQ8","journalArticle","2007","Jackson, Kenneth S","Shylock: the knight of faith?","Journal for Cultural & Religious Theory","","1530-5228","","https://research.ebsco.com/plink/2ff815ce-4c62-31b0-9c67-922a2e99dc4b","","2007","2026-02-05 01:30:37","2026-02-05 02:12:45","","null-null","","3","8","","JCRT","","","","","","Whitestone Foundation","","","","","","","","","","","","","Exchange theory (Sociology); Bible. Genesis 12-25; Messianism; Shakespeare; William; Other (Philosophy); Jacques; 1930-2004; Derrida; 1813-1855; Kierkegaard; Søren; (Biblical patriarch); Abraham; Religion and drama; 1564-1616 – Characters – Shylock; Converts from Judaism","","","","","","","","","","","","","","","","","","","","","","","","","","","","","","","","","","","","","","","","","","","","","","",""
"CBIJAHMQ","journalArticle","2005","Bell, Daniel M Jr","Holiness, speech and silence: reflections on the questions of God","Journal for Cultural & Religious Theory","","1530-5228","","https://research.ebsco.com/plink/9b75e59e-dcb0-3a89-b793-bc49f597cc86","","2005","2026-02-05 01:30:37","2026-02-05 02:12:45","","null-null","","1","7","","JCRT","","","","","","Whitestone Foundation","","","","","","","","","","","","","","","","","","","","","","","","","","","","","","","","","","","","","","","","","","","","","","","","","","","","","","","","","","","",""
"ZZGNPNW2","journalArticle","2005","Benko, Stephen","Televised morality: the case of Buffy the Vampire Slayer","Journal for Cultural & Religious Theory","","1530-5228","","https://research.ebsco.com/plink/4e1b5776-c194-3a12-8802-e64d390d3e85","","2005","2026-02-05 01:30:37","2026-02-05 02:12:45","","null-null","","3","6","","JCRT","","","","","","Whitestone Foundation","","","","","","","","","","","","","","","","","","","","","","","","","","","","","","","","","","","","","","","","","","","","","","","","","","","","","","","","","","","",""
"5H685LXD","journalArticle","2007","Robbins, Jeffrey W","Religion, democracy and the politics of fright: editorial introduction","Journal for Cultural & Religious Theory","","1530-5228","","https://research.ebsco.com/plink/16de6872-5842-3f77-96b5-ac1c3ccd3136","","2007","2026-02-05 01:30:37","2026-02-05 02:12:45","","null-null","","2","8","","JCRT","","","","","","Whitestone Foundation","","","","","","","","","","","","","United States; Civil rights; Politics and government; Religion and politics; War on Terrorism; Propaganda; 2001; 2001-2009 – Prisoners and prisons; September 11 Terrorist Attacks","","","","","","","","","","","","","","","","","","","","","","","","","","","","","","","","","","","","","","","","","","","","","","",""
"XXUENXSG","journalArticle","2008","Robbins, Jeffrey W","Liberal theology: a radical vision","Journal for Cultural & Religious Theory","","1530-5228","","https://research.ebsco.com/plink/ea3347ad-15e8-3c63-9d1f-f17783725faa","","2008","2026-02-05 01:30:37","2026-02-05 02:12:45","","null-null","","3","9","","JCRT","","","","","","Whitestone Foundation","","","","","","","","","","","","","","","","","","","","","","","","","","","","","","","","","","","","","","","","","","","","","","","","","","","","","","","","","","","",""
"LYFNUVH3","journalArticle","2006","Taylor, Victor E; Marion, Jean-Luc","A conversation with Jean-Luc Marion","Journal for Cultural & Religious Theory","","","","https://research.ebsco.com/plink/10da23e9-ad19-3f91-abb1-f1a16e603e97","","2006","2026-02-05 01:30:37","2026-02-05 02:12:45","","","","2","7","","JCRT","","","","","","Whitestone Foundation","","","","","","","","","","","","","Theology; Philosophy and Christianity; Jacques; Religion – Philosophy; 1930-2004; Derrida; Phenomenology; Catholic","","","","","","","","","","","","","","","","","","","","","","","","","","","","","","","","","","","","","","","","","","","","","","",""
"GBQFSSVW","journalArticle","2005","Emmerson-Reid, Colbey","Pornography, the theory: what utilitarianism did to action","Journal for Cultural & Religious Theory","","1530-5228","","https://research.ebsco.com/plink/97281127-789b-379a-8dfe-a980fc1badb2","","2005","2026-02-05 01:30:37","2026-02-05 02:12:45","","null-null","","2","6","","JCRT","","","","","","Whitestone Foundation","","","","","","","","","","","","","","","","","","","","","","","","","","","","","","","","","","","","","","","","","","","","","","","","","","","","","","","","","","","",""
"HVSGPEXH","journalArticle","2006","Nayar, Pramod K","Transmitting culture","Journal for Cultural & Religious Theory","","1530-5228","","https://research.ebsco.com/plink/6cb7169c-ff6b-3540-ab8d-838382d70ad1","","2006","2026-02-05 01:30:37","2026-02-05 02:12:45","","null-null","","1","8","","JCRT","","","","","","Whitestone Foundation","","","","","","","","","","","","","","","","","","","","","","","","","","","","","","","","","","","","","","","","","","","","","","","","","","","","","","","","","","","",""
"FB5IHIUV","journalArticle","2007","Kottman, Paul A","Avoiding tragedy in The merchant of Venice","Journal for Cultural & Religious Theory","","1530-5228","","https://research.ebsco.com/plink/9a25a70c-aa10-3fe8-8c74-4379d6f8c4a6","","2007","2026-02-05 01:30:37","2026-02-05 02:12:45","","null-null","","3","8","","JCRT","","","","","","Whitestone Foundation","","","","","","","","","","","","","Antisemitism; Shakespeare; William; 1770-1831; Georg Wilhelm Friedrich; Hegel; History – Philosophy; 1564-1616 – Plays; 1564-1616 – Characters – Shylock; Theater and society; Tragedy; Jews – Civil rights","","","","","","","","","","","","","","","","","","","","","","","","","","","","","","","","","","","","","","","","","","","","","","",""
"95HSYE4Q","journalArticle","2005","Gilgen, Peter","Minimal theologies: critiques of secular reason in Adorno and Levinas","Journal for Cultural & Religious Theory","","1530-5228","","https://research.ebsco.com/plink/0550812b-7a3d-3af4-bdb1-e5207127bde7","","2005","2026-02-05 01:30:37","2026-02-05 02:12:45","","null-null","","1","7","","JCRT","","","","","","Whitestone Foundation","","","","","","","","","","","","","","","","","","","","","","","","","","","","","","","","","","","","","","","","","","","","","","","","","","","","","","","","","","","",""
"MH2VWN97","journalArticle","2005","Shelton, Anthony","Evolution and ethics: human morality in biological and religious perspective","Journal for Cultural & Religious Theory","","1530-5228","","https://research.ebsco.com/plink/4a6bd50a-a9bf-3f8a-a8c7-efeba6ac0a2a","","2005","2026-02-05 01:30:37","2026-02-05 02:12:45","","null-null","","3","6","","JCRT","","","","","","Whitestone Foundation","","","","","","","","","","","","","","","","","","","","","","","","","","","","","","","","","","","","","","","","","","","","","","","","","","","","","","","","","","","",""
"BRCIATHJ","journalArticle","2007","Abrahams, Matthew","Confronting the politics of evasion in an age of fright: democracy, religious enthusiasm, and the state","Journal for Cultural & Religious Theory","","1530-5228","","https://research.ebsco.com/plink/003e6f39-b4bd-3e5c-92ec-6b8c9ff05ce8","","2007","2026-02-05 01:30:37","2026-02-05 02:12:45","","null-null","","2","8","","JCRT","","","","","","Whitestone Foundation","","","","","","","","","","","","","United States; Social change; Intellectual life; Globalization and religion; Politics and government; Religion and politics; Orientalism; 2001-2009; War on Terrorism; Social conflict; 2001; September 11 Terrorist Attacks; 1928-; Chomsky; Noam (Noam Avram)","","","","","","","","","","","","","","","","","","","","","","","","","","","","","","","","","","","","","","","","","","","","","","",""
"CSXW4Z4M","journalArticle","2008","Smith, Anthony Paul","The theatre of production: philosophy and individuation between Kant and Deleuze","Journal for Cultural & Religious Theory","","1530-5228","","https://research.ebsco.com/plink/0ac8fb74-c200-352a-a340-6138fea5777f","","2008","2026-02-05 01:30:37","2026-02-05 02:12:45","","null-null","","3","9","","JCRT","","","","","","Whitestone Foundation","","","","","","","","","","","","","","","","","","","","","","","","","","","","","","","","","","","","","","","","","","","","","","","","","","","","","","","","","","","",""
"BUN25JBQ","journalArticle","2006","Saldino, Andrew","Wittgenstein and Judaism: a triumph of concealment","Journal for Cultural & Religious Theory","","1530-5228","","https://research.ebsco.com/plink/eb8c57fd-9775-38a5-ac10-d6145e2552b1","","2006","2026-02-05 01:30:37","2026-02-05 02:12:45","","null-null","","2","7","","JCRT","","","","","","Whitestone Foundation","","","","","","","","","","","","","","","","","","","","","","","","","","","","","","","","","","","","","","","","","","","","","","","","","","","","","","","","","","","",""
"5I6VA5IU","journalArticle","2005","Igrek, Apple Zefelius","Godhead and the Nothing","Journal for Cultural & Religious Theory","","1530-5228","","https://research.ebsco.com/plink/fcfbd0c9-e3b2-3f7e-b8df-c91e2e5e32e2","","2005","2026-02-05 01:30:37","2026-02-05 02:12:45","","null-null","","2","6","","JCRT","","","","","","Whitestone Foundation","","","","","","","","","","","","","","","","","","","","","","","","","","","","","","","","","","","","","","","","","","","","","","","","","","","","","","","","","","","",""
"IHNCWCUP","journalArticle","2006","Burton, Aaron V","Born again bodies: flesh and spirit in American Christianity","Journal for Cultural & Religious Theory","","1530-5228","","https://research.ebsco.com/plink/c7c4495a-5199-3222-8940-b8f64e0f27f7","","2006","2026-02-05 01:30:37","2026-02-05 02:12:45","","null-null","","1","8","","JCRT","","","","","","Whitestone Foundation","","","","","","","","","","","","","","","","","","","","","","","","","","","","","","","","","","","","","","","","","","","","","","","","","","","","","","","","","","","",""
"Y7WPE37V","journalArticle","2007","Kunin, Aaron","Unfinished business: a response to the symposium 'The merchant of Venice and contemporary theory'","Journal for Cultural & Religious Theory","","1530-5228","","https://research.ebsco.com/plink/edc15b52-d7de-3a89-ac46-7e02ea3c6bf7","","2007","2026-02-05 01:30:37","2026-02-05 02:12:45","","null-null","","3","8","","JCRT","","","","","","Whitestone Foundation","","","","","","","","","","","","","Postmodernism; Antisemitism; Humanism; Shakespeare; William; Arthur; Continental philosophy; Holocaust; Jewish (1939-1945); 1564-1616 – Plays; Theater and society; 1963-; 1965-; Ajzenstat; Drama criticism; Horowitz; Jackson; Jalal; Julia Reinhard; Kenneth S; Kottman; Lupton; Oona; Paul A; Planinc; Toufic; Zdravko","","","","","","","","","","","","","","","","","","","","","","","","","","","","","","","","","","","","","","","","","","","","","","",""
"UHBR9ZQI","journalArticle","2005","Gilgen, Peter","Religion and violence: philosophical perspectives from Kant to Derrida","Journal for Cultural & Religious Theory","","1530-5228","","https://research.ebsco.com/plink/8eb7ee8d-2be1-3be4-9005-454f7b1786bd","","2005","2026-02-05 01:30:37","2026-02-05 02:12:45","","null-null","","1","7","","JCRT","","","","","","Whitestone Foundation","","","","","","","","","","","","","","","","","","","","","","","","","","","","","","","","","","","","","","","","","","","","","","","","","","","","","","","","","","","",""
"6CIBB6QL","journalArticle","2005","Nayar, Pramod K","The Western construction of religion: myths, knowledge, and ideology","Journal for Cultural & Religious Theory","","1530-5228","","https://research.ebsco.com/plink/a9862801-4383-3ba9-ad6d-ea6a04ac932c","","2005","2026-02-05 01:30:37","2026-02-05 02:12:45","","null-null","","3","6","","JCRT","","","","","","Whitestone Foundation","","","","","","","","","","","","","","","","","","","","","","","","","","","","","","","","","","","","","","","","","","","","","","","","","","","","","","","","","","","",""
"HLFLQAB5","journalArticle","2007","Vattimo, Gianni; Taylor, Charles; Rorty, Richard","A roundtable on globalization","Journal for Cultural & Religious Theory","","1530-5228","","https://research.ebsco.com/plink/274b0530-4d8d-3818-ab06-8474eec8ef9f","","2007","2026-02-05 01:30:37","2026-02-05 02:12:45","","null-null","","2","8","","JCRT","","","","","","Whitestone Foundation","","","","","","","","","","","","","United States; Globalization and religion; Politics and government; Political science – Philosophy; Globalization and ethics; Non-governmental organizations; Right and left (Political science)","","","","","","","","","","","","","","","","","","","","","","","","","","","","","","","","","","","","","","","","","","","","","","",""
"EU4NRZK3","journalArticle","2006","Simmons, J Aaron","Giving an account of oneself","Journal for Cultural & Religious Theory","","1530-5228","","https://research.ebsco.com/plink/874ccd63-2b7f-34b0-87b2-c0a5b3d875f2","","2006","2026-02-05 01:30:37","2026-02-05 02:12:45","","null-null","","2","7","","JCRT","","","","","","Whitestone Foundation","","","","","","","","","","","","","","","","","","","","","","","","","","","","","","","","","","","","","","","","","","","","","","","","","","","","","","","","","","","",""
"CS93E348","journalArticle","2005","Larrey, Philip","The future of religion","Journal for Cultural & Religious Theory","","1530-5228","","https://research.ebsco.com/plink/722bbbab-d79f-3009-913a-e275d25bc95d","","2005","2026-02-05 01:30:37","2026-02-05 02:12:45","","null-null","","2","6","","JCRT","","","","","","Whitestone Foundation","","","","","","","","","","","","","","","","","","","","","","","","","","","","","","","","","","","","","","","","","","","","","","","","","","","","","","","","","","","",""
"4BRRZJ4H","journalArticle","2006","Dillard-Wright, David B","Does human rights need God?","Journal for Cultural & Religious Theory","","1530-5228","","https://research.ebsco.com/plink/4fff01c8-3e3b-33cc-88d3-f90fd831b0d9","","2006","2026-02-05 01:30:37","2026-02-05 02:12:45","","null-null","","1","8","","JCRT","","","","","","Whitestone Foundation","","","","","","","","","","","","","","","","","","","","","","","","","","","","","","","","","","","","","","","","","","","","","","","","","","","","","","","","","","","",""
"2KRRKJUM","journalArticle","2007","Ables, Travis E (Travis Evan)","Creation set free: the Spirit as liberator of nature","Journal for Cultural & Religious Theory","","1530-5228","","https://research.ebsco.com/plink/830d0b0f-dc3f-35ad-868b-7c20516546a6","","2007","2026-02-05 01:30:37","2026-02-05 02:12:45","","null-null","","3","8","","JCRT","","","","","","Whitestone Foundation","","","","","","","","","","","","","","","","","","","","","","","","","","","","","","","","","","","","","","","","","","","","","","","","","","","","","","","","","","","",""
"HMD6XRKY","journalArticle","2005","Lokensgard, Kenneth H","Who owns native culture?","Journal for Cultural & Religious Theory","","1530-5228","","https://research.ebsco.com/plink/b8599073-bc49-38c1-b38a-1c17ed32583f","","2005","2026-02-05 01:30:37","2026-02-05 02:12:45","","null-null","","1","7","","JCRT","","","","","","Whitestone Foundation","","","","","","","","","","","","","","","","","","","","","","","","","","","","","","","","","","","","","","","","","","","","","","","","","","","","","","","","","","","",""
"8WRILQS6","journalArticle","2005","Kotsko, Adam","Déconstruction du christianisme 1 La déclosion","Journal for Cultural & Religious Theory","","1530-5228","","https://research.ebsco.com/plink/eeba044b-9dd8-32d0-b0a0-183ed3e7f89c","","2005","2026-02-05 01:30:37","2026-02-05 02:12:45","","null-null","","3","6","","JCRT","","","","","","Whitestone Foundation","","","","","","","","","","","","","","","","","","","","","","","","","","","","","","","","","","","","","","","","","","","","","","","","","","","","","","","","","","","",""
"LZDTBK7H","journalArticle","2007","Little, William","The return of the sacred man: politics, fundamentalism and fright","Journal for Cultural & Religious Theory","","1530-5228","","https://research.ebsco.com/plink/8805b3e9-ec7e-3b33-89ff-eeccbabbdf06","","2007","2026-02-05 01:30:37","2026-02-05 02:12:45","","null-null","","2","8","","JCRT","","","","","","Whitestone Foundation","","","","","","","","","","","","","Fundamentalism; Life; Globalization and religion; Religion and politics; Political science – Philosophy; 1813-1855; Kierkegaard; Søren; 1942-; Agamben; Giorgio; Fear; 1963-2005; Schiavo; Terri","","","","","","","","","","","","","","","","","","","","","","","","","","","","","","","","","","","","","","","","","","","","","","",""
"K3XLUAIS","journalArticle","2006","Bain-Selbo, Eric","Authentic fakes: religion and American popular culture","Journal for Cultural & Religious Theory","","1530-5228","","https://research.ebsco.com/plink/387a73e6-98ac-3be3-bf6f-afe2e599be3b","","2006","2026-02-05 01:30:37","2026-02-05 02:12:45","","null-null","","2","7","","JCRT","","","","","","Whitestone Foundation","","","","","","","","","","","","","","","","","","","","","","","","","","","","","","","","","","","","","","","","","","","","","","","","","","","","","","","","","","","",""
"KEVG9DES","journalArticle","2005","Waggoner, Matthew","Death of a discipline","Journal for Cultural & Religious Theory","","1530-5228","","https://research.ebsco.com/plink/940501b3-b9cb-34fb-b789-2db783b813fa","","2005","2026-02-05 01:30:37","2026-02-05 02:12:45","","null-null","","2","6","","JCRT","","","","","","Whitestone Foundation","","","","","","","","","","","","","","","","","","","","","","","","","","","","","","","","","","","","","","","","","","","","","","","","","","","","","","","","","","","",""
"HFEYAGDE","journalArticle","2006","Turrell, Ford","The end of words: the language of reconciliation in a culture of violence","Journal for Cultural & Religious Theory","","1530-5228","","https://research.ebsco.com/plink/83b9ce07-1b72-36a4-a29b-d127d58e0835","","2006","2026-02-05 01:30:37","2026-02-05 02:12:45","","null-null","","1","8","","JCRT","","","","","","Whitestone Foundation","","","","","","","","","","","","","","","","","","","","","","","","","","","","","","","","","","","","","","","","","","","","","","","","","","","","","","","","","","","",""
"93FVER52","journalArticle","2007","Delpech-Ramey, Joshua","Out of this world: Deleuze and the philosophy of creation","Journal for Cultural & Religious Theory","","1530-5228","","https://research.ebsco.com/plink/7e4a005e-45c0-3d82-9cba-575d4518cf63","","2007","2026-02-05 01:30:38","2026-02-05 02:12:45","","null-null","","3","8","","JCRT","","","","","","Whitestone Foundation","","","","","","","","","","","","","","","","","","","","","","","","","","","","","","","","","","","","","","","","","","","","","","","","","","","","","","","","","","","",""
"B7RHWP4W","journalArticle","2005","Knowlton, B C","History, theory, text: historians and the linguistic turn","Journal for Cultural & Religious Theory","","1530-5228","","https://research.ebsco.com/plink/52ab2b55-765c-3667-8848-868609f4aa49","","2005","2026-02-05 01:30:38","2026-02-05 02:12:45","","null-null","","1","7","","JCRT","","","","","","Whitestone Foundation","","","","","","","","","","","","","","","","","","","","","","","","","","","","","","","","","","","","","","","","","","","","","","","","","","","","","","","","","","","",""
"7R9JYDKS","journalArticle","2005","Cauchi, Mark","Counterpath: travelling with Jacques Derrida","Journal for Cultural & Religious Theory","","1530-5228","","https://research.ebsco.com/plink/c0a247c7-af90-3995-9d5b-fd422406e401","","2005","2026-02-05 01:30:38","2026-02-05 02:12:45","","null-null","","3","6","","JCRT","","","","","","Whitestone Foundation","","","","","","","","","","","","","","","","","","","","","","","","","","","","","","","","","","","","","","","","","","","","","","","","","","","","","","","","","","","",""
"33BDQHS7","journalArticle","2007","Phelps, Hollis","Religion, politics, and the Christian right: post-9/11 powers and American empire","Journal for Cultural & Religious Theory","","1530-5228","","https://research.ebsco.com/plink/45558fe2-d9f3-37b7-96f3-11b963e9fdab","","2007","2026-02-05 01:30:38","2026-02-05 02:12:45","","null-null","","2","8","","JCRT","","","","","","Whitestone Foundation","","","","","","","","","","","","","","","","","","","","","","","","","","","","","","","","","","","","","","","","","","","","","","","","","","","","","","","","","","","",""
"6TWTBZL4","journalArticle","2006","Turner, Donald L","Derrida's Bible: reading a page of scripture with a little help from Derrida","Journal for Cultural & Religious Theory","","1530-5228","","https://research.ebsco.com/plink/d052c81e-7021-3331-9d08-3add35e51e96","","2006","2026-02-05 01:30:38","2026-02-05 02:12:45","","null-null","","2","7","","JCRT","","","","","","Whitestone Foundation","","","","","","","","","","","","","","","","","","","","","","","","","","","","","","","","","","","","","","","","","","","","","","","","","","","","","","","","","","","",""
"MD7SMFYD","journalArticle","2005","Bain-Selbo, Eric","Double exposure: cutting across Buddhist and western discourses","Journal for Cultural & Religious Theory","","1530-5228","","https://research.ebsco.com/plink/909f2288-7a0e-372c-a848-9cf85329daba","","2005","2026-02-05 01:30:38","2026-02-05 02:12:45","","null-null","","2","6","","JCRT","","","","","","Whitestone Foundation","","","","","","","","","","","","","","","","","","","","","","","","","","","","","","","","","","","","","","","","","","","","","","","","","","","","","","","","","","","",""
"A4L2VBFI","journalArticle","2006","Bowman, Donna","Three philosophical filmmakers: Hitchcock, Welles, Renoir","Journal for Cultural & Religious Theory","","1530-5228","","https://research.ebsco.com/plink/1c130fb6-5594-3624-b3d4-14f0254da5bb","","2006","2026-02-05 01:30:38","2026-02-05 02:12:45","","null-null","","1","8","","JCRT","","","","","","Whitestone Foundation","","","","","","","","","","","","","","","","","","","","","","","","","","","","","","","","","","","","","","","","","","","","","","","","","","","","","","","","","","","",""
"UA97U79Y","journalArticle","2007","Simmons, J Aaron","God, truth, and witness: engaging Stanley Hauerwas","Journal for Cultural & Religious Theory","","1530-5228","","https://research.ebsco.com/plink/1badf539-5b60-353b-bcca-5f0d914c6f3e","","2007","2026-02-05 01:30:38","2026-02-05 02:12:45","","null-null","","3","8","","JCRT","","","","","","Whitestone Foundation","","","","","","","","","","","","","","","","","","","","","","","","","","","","","","","","","","","","","","","","","","","","","","","","","","","","","","","","","","","",""
"AJKXEQZN","journalArticle","2005","Holliday, Lisa R","What is gnosticism?","Journal for Cultural & Religious Theory","","1530-5228","","https://research.ebsco.com/plink/742851de-f7ca-330c-bd5f-01a82aeb03e8","","2005","2026-02-05 01:30:38","2026-02-05 02:12:45","","null-null","","1","7","","JCRT","","","","","","Whitestone Foundation","","","","","","","","","","","","","","","","","","","","","","","","","","","","","","","","","","","","","","","","","","","","","","","","","","","","","","","","","","","",""
"WN475MQD","journalArticle","2005","Bowring, Jacky","Prosthetic gods","Journal for Cultural & Religious Theory","","1530-5228","","https://research.ebsco.com/plink/90d31a53-6853-3881-8de6-d0f4461ccbcc","","2005","2026-02-05 01:30:38","2026-02-05 02:12:45","","null-null","","3","6","","JCRT","","","","","","Whitestone Foundation","","","","","","","","","","","","","","","","","","","","","","","","","","","","","","","","","","","","","","","","","","","","","","","","","","","","","","","","","","","",""
"MMP32NRK","journalArticle","2007","Grieve-Carlson, Gary","Glimmer of a new leviathan: total war in the realism of Niebuhr, Morgenthau, and Waltz","Journal for Cultural & Religious Theory","","1530-5228","","https://research.ebsco.com/plink/09f9ce67-7af9-319c-843a-97d9d35d4870","","2007","2026-02-05 01:30:38","2026-02-05 02:12:45","","null-null","","2","8","","JCRT","","","","","","Whitestone Foundation","","","","","","","","","","","","","","","","","","","","","","","","","","","","","","","","","","","","","","","","","","","","","","","","","","","","","","","","","","","",""
"2RXEAH5N","journalArticle","2006","Heltzel, Peter","The weakness of God: a theology of the event","Journal for Cultural & Religious Theory","","1530-5228","","https://research.ebsco.com/plink/43ec1633-b437-35b0-94c9-5f374b2de252","","2006","2026-02-05 01:30:38","2026-02-05 02:12:45","","null-null","","2","7","","JCRT","","","","","","Whitestone Foundation","","","","","","","","","","","","","","","","","","","","","","","","","","","","","","","","","","","","","","","","","","","","","","","","","","","","","","","","","","","",""
"UFBFFWES","journalArticle","2006","Kotsko, Adam","The parallax view","Journal for Cultural & Religious Theory","","1530-5228","","https://research.ebsco.com/plink/b98b702a-abc9-3b72-b299-a86880e0da3e","","2006","2026-02-05 01:30:38","2026-02-05 02:12:45","","null-null","","1","8","","JCRT","","","","","","Whitestone Foundation","","","","","","","","","","","","","","","","","","","","","","","","","","","","","","","","","","","","","","","","","","","","","","","","","","","","","","","","","","","",""
"YFSE2W6W","journalArticle","2007","Cake, A D C","The shadow of the Anti-Christ: Nietzsche's critique of Christianity","Journal for Cultural & Religious Theory","","1530-5228","","https://research.ebsco.com/plink/63d5fcd5-e14a-32ea-b42d-3d2307d8fa77","","2007","2026-02-05 01:30:38","2026-02-05 02:12:45","","null-null","","3","8","","JCRT","","","","","","Whitestone Foundation","","","","","","","","","","","","","","","","","","","","","","","","","","","","","","","","","","","","","","","","","","","","","","","","","","","","","","","","","","","",""
"NR88WMBF","journalArticle","2005","Buchanan, Brian","Deleuze and geophilosophy: a guide and glossary","Journal for Cultural & Religious Theory","","1530-5228","","https://research.ebsco.com/plink/3a4c5f8b-6a98-3ff3-abde-cba2abeea8c2","","2005","2026-02-05 01:30:38","2026-02-05 02:12:45","","null-null","","1","7","","JCRT","","","","","","Whitestone Foundation","","","","","","","","","","","","","","","","","","","","","","","","","","","","","","","","","","","","","","","","","","","","","","","","","","","","","","","","","","","",""
"BKHCB9QS","journalArticle","2005","Rodkey, Christopher Demuth","Thinking through the Death of God: A Critical Companion to Thomas J. J. Altizer","Journal for Cultural & Religious Theory","","1530-5228","","https://research.ebsco.com/plink/3f48b55c-6e6a-3eb6-8851-5aac55b396e3","","2005","2026-02-05 01:30:38","2026-02-05 02:12:45","","null-null","","3","6","","JCRT","","","","","","Whitestone Foundation","","","","","","","","","","","","","","","","","","","","","","","","","","","","","","","","","","","","","","","","","","","","","","","","","","","","","","","","","","","",""
"3NWBMUD8","journalArticle","2007","DaPonte, Paul J","September 11: religious perspectives on the causes and consequences","Journal for Cultural & Religious Theory","","1530-5228","","https://research.ebsco.com/plink/d9890170-7672-35c6-86ba-8da286e799e4","","2007","2026-02-05 01:30:38","2026-02-05 02:12:45","","null-null","","2","8","","JCRT","","","","","","Whitestone Foundation","","","","","","","","","","","","","","","","","","","","","","","","","","","","","","","","","","","","","","","","","","","","","","","","","","","","","","","","","","","",""
"LLUFRYDD","journalArticle","2008","Powell, Matthew T","Religion: beyond a concept","Journal for Cultural & Religious Theory","","1530-5228","","https://research.ebsco.com/plink/18e91206-d7ce-3789-88c6-8e4890ab39c2","","2008","2026-02-05 01:30:38","2026-02-05 02:12:45","","null-null","","3","9","","JCRT","","","","","","Whitestone Foundation","","","","","","","","","","","","","","","","","","","","","","","","","","","","","","","","","","","","","","","","","","","","","","","","","","","","","","","","","","","",""
"ZNJHNGYQ","journalArticle","2006","Miller, Adam S","Being and event","Journal for Cultural & Religious Theory","","1530-5228","","https://research.ebsco.com/plink/5a3bac37-968b-3ff4-a92a-f3bd03ef4c5d","","2006","2026-02-05 01:30:38","2026-02-05 02:12:45","","null-null","","1","8","","JCRT","","","","","","Whitestone Foundation","","","","","","","","","","","","","","","","","","","","","","","","","","","","","","","","","","","","","","","","","","","","","","","","","","","","","","","","","","","",""
"GZVWNLUD","journalArticle","2007","Hyman, Gavin","Nihilism, and emancipation: ethics, politics, law","Journal for Cultural & Religious Theory","","1530-5228","","https://research.ebsco.com/plink/c534395f-0671-3c64-8912-1aba2f379b22","","2007","2026-02-05 01:30:38","2026-02-05 02:12:45","","null-null","","3","8","","JCRT","","","","","","Whitestone Foundation","","","","","","","","","","","","","","","","","","","","","","","","","","","","","","","","","","","","","","","","","","","","","","","","","","","","","","","","","","","",""
"6RRZYDAB","journalArticle","2005","Lerner, Berel Dov","On bullshit","Journal for Cultural & Religious Theory","","1530-5228","","https://research.ebsco.com/plink/8fdc1cfe-0e55-35b1-b188-85d9202815ec","","2005","2026-02-05 01:30:38","2026-02-05 02:12:45","","null-null","","1","7","","JCRT","","","","","","Whitestone Foundation","","","","","","","","","","","","","","","","","","","","","","","","","","","","","","","","","","","","","","","","","","","","","","","","","","","","","","","","","","","",""
"S8T6YLGM","journalArticle","2005","Smith, James K A","Formations of the secular: Christianity, Islam, modernity","Journal for Cultural & Religious Theory","","1530-5228","","https://research.ebsco.com/plink/036d8f80-03cf-3a22-b7dc-6e6c8aaca8a4","","2005","2026-02-05 01:30:38","2026-02-05 02:12:45","","null-null","","3","6","","JCRT","","","","","","Whitestone Foundation","","","","","","","","","","","","","","","","","","","","","","","","","","","","","","","","","","","","","","","","","","","","","","","","","","","","","","","","","","","",""
"VS3SI9XE","journalArticle","2007","Johnson, Diane E","Globalization and its enemies","Journal for Cultural & Religious Theory","","1530-5228","","https://research.ebsco.com/plink/7f4b2ce9-cb65-3d34-8b75-3bea5ccb47cc","","2007","2026-02-05 01:30:38","2026-02-05 02:12:45","","null-null","","2","8","","JCRT","","","","","","Whitestone Foundation","","","","","","","","","","","","","","","","","","","","","","","","","","","","","","","","","","","","","","","","","","","","","","","","","","","","","","","","","","","",""
"SKQNUEBP","journalArticle","2006","Ritchie, Jeff","Digital nation: toward an inclusive information society","Journal for Cultural & Religious Theory","","1530-5228","","https://research.ebsco.com/plink/5eb3ad3b-f900-3ffa-984a-1083017acd5e","","2006","2026-02-05 01:30:38","2026-02-05 02:12:45","","null-null","","1","8","","JCRT","","","","","","Whitestone Foundation","","","","","","","","","","","","","","","","","","","","","","","","","","","","","","","","","","","","","","","","","","","","","","","","","","","","","","","","","","","",""
"KBBR2SR8","journalArticle","2005","Van de Weg, R M","Confidence games: money and markets in a world without redemption","Journal for Cultural & Religious Theory","","1530-5228","","https://research.ebsco.com/plink/872ef3ed-ae07-3cfc-be36-796ccde95a08","","2005","2026-02-05 01:30:38","2026-02-05 02:12:45","","null-null","","1","7","","JCRT","","","","","","Whitestone Foundation","","","","","","","","","","","","","","","","","","","","","","","","","","","","","","","","","","","","","","","","","","","","","","","","","","","","","","","","","","","",""
"WY8BLAJH","journalArticle","2005","Klink, Aaron","The value of solitude: the ethics and spirituality of aloneness in autobiography","Journal for Cultural & Religious Theory","","1530-5228","","https://research.ebsco.com/plink/b2f3cee3-37a4-3b73-acc5-09ca20c7c6f2","","2005","2026-02-05 01:30:38","2026-02-05 02:12:45","","null-null","","3","6","","JCRT","","","","","","Whitestone Foundation","","","","","","","","","","","","","","","","","","","","","","","","","","","","","","","","","","","","","","","","","","","","","","","","","","","","","","","","","","","",""
"BKJCVRPW","journalArticle","2007","Smith, Anthony Paul","Theology and the political: the new debate","Journal for Cultural & Religious Theory","","1530-5228","","https://research.ebsco.com/plink/819b911a-9a0e-3e34-a281-3aeb22bdbebc","","2007","2026-02-05 01:30:38","2026-02-05 02:12:45","","null-null","","2","8","","JCRT","","","","","","Whitestone Foundation","","","","","","","","","","","","","","","","","","","","","","","","","","","","","","","","","","","","","","","","","","","","","","","","","","","","","","","","","","","",""
"RXIAHKT3","journalArticle","2008","Seitz, Jonathan A","Secularisms","Journal for Cultural & Religious Theory","","1530-5228","","https://research.ebsco.com/plink/fb5d29e8-2055-3232-adcd-193e3412d69a","","2008","2026-02-05 01:30:38","2026-02-05 02:12:45","","null-null","","3","9","","JCRT","","","","","","Whitestone Foundation","","","","","","","","","","","","","","","","","","","","","","","","","","","","","","","","","","","","","","","","","","","","","","","","","","","","","","","","","","","",""
"VNLJD82J","journalArticle","2006","Alvis, Robert E","America and the challenges of religious diversity","Journal for Cultural & Religious Theory","","1530-5228","","https://research.ebsco.com/plink/4a22b774-78cb-3cf8-a292-9feab97106cd","","2006","2026-02-05 01:30:38","2026-02-05 02:12:45","","null-null","","1","8","","JCRT","","","","","","Whitestone Foundation","","","","","","","","","","","","","","","","","","","","","","","","","","","","","","","","","","","","","","","","","","","","","","","","","","","","","","","","","","","",""
"P3EM8YKE","journalArticle","2005","Janz, Bruce","Bodies: the exhibition","Journal for Cultural & Religious Theory","","1530-5228","","https://research.ebsco.com/plink/dd24d273-981a-3b16-9707-1da0fb948de1","","2005","2026-02-05 01:30:38","2026-02-05 02:12:45","","null-null","","1","7","","JCRT","","","","","","Whitestone Foundation","","","","","","","","","","","","","","","","","","","","","","","","","","","","","","","","","","","","","","","","","","","","","","","","","","","","","","","","","","","",""
"HNFW3BYB","journalArticle","2005","Bain-Selbo, Eric","True to life: why truth matters","Journal for Cultural & Religious Theory","","1530-5228","","https://research.ebsco.com/plink/71d0048a-2a0e-32a0-86e6-57bff5edcc6d","","2005","2026-02-05 01:30:38","2026-02-05 02:12:45","","null-null","","3","6","","JCRT","","","","","","Whitestone Foundation","","","","","","","","","","","","","","","","","","","","","","","","","","","","","","","","","","","","","","","","","","","","","","","","","","","","","","","","","","","",""
"TMP7TPHS","journalArticle","2007","Stahlberg, Ben","Democracy and tradition","Journal for Cultural & Religious Theory","","1530-5228","","https://research.ebsco.com/plink/d243d58e-8a17-303e-80c8-922b8ca4b61c","","2007","2026-02-05 01:30:38","2026-02-05 02:12:45","","null-null","","2","8","","JCRT","","","","","","Whitestone Foundation","","","","","","","","","","","","","","","","","","","","","","","","","","","","","","","","","","","","","","","","","","","","","","","","","","","","","","","","","","","",""
"3ZUPPXYR","journalArticle","2006","Vahanian, Nöelle","Théorie-rébellion: un ultimatum","Journal for Cultural & Religious Theory","","1530-5228","","https://research.ebsco.com/plink/13c839da-938c-3f35-98f6-bf8876c884b4","","2006","2026-02-05 01:30:38","2026-02-05 02:12:45","","null-null","","1","8","","JCRT","","","","","","Whitestone Foundation","","","","","","","","","","","","","","","","","","","","","","","","","","","","","","","","","","","","","","","","","","","","","","","","","","","","","","","","","","","",""
"WJPVRYUF","journalArticle","2006","Waggoner, Matthew","The Frankfurt School on religion: key writings by the major thinkers","Journal for Cultural & Religious Theory","","1530-5228","","https://research.ebsco.com/plink/92e82a10-d658-38b8-9cc5-a50c1226d587","","2006","2026-02-05 01:30:39","2026-02-05 02:12:45","","null-null","","1","8","","JCRT","","","","","","Whitestone Foundation","","","","","","","","","","","","","","","","","","","","","","","","","","","","","","","","","","","","","","","","","","","","","","","","","","","","","","","","","","","",""
"G7CJGHBK","journalArticle","2008","Morehouse, Nathaniel J","Thumpin' it: the use and abuse of the Bible in today's presidential politics","Journal for Cultural & Religious Theory","","1530-5228","","https://research.ebsco.com/plink/7743b347-0f39-37ad-b249-525d15a1e634","","2008","2026-02-05 01:30:39","2026-02-05 02:12:45","","null-null","","3","9","","JCRT","","","","","","Whitestone Foundation","","","","","","","","","","","","","","","","","","","","","","","","","","","","","","","","","","","","","","","","","","","","","","","","","","","","","","","","","","","",""
"VDK893VX","journalArticle","2006","Oventile, Robert Savino","The task of the critic: poetics, philosophy, religion","Journal for Cultural & Religious Theory","","1530-5228","","https://research.ebsco.com/plink/6be5fb56-5f4b-316c-86d5-2a0cd0a176c5","","2006","2026-02-05 01:30:39","2026-02-05 02:12:45","","null-null","","1","8","","JCRT","","","","","","Whitestone Foundation","","","","","","","","","","","","","","","","","","","","","","","","","","","","","","","","","","","","","","","","","","","","","","","","","","","","","","","","","","","",""
"8HLP733W","journalArticle","2006","Kroesbergen, Hermen","The problem of evil and the problem of God","Journal for Cultural & Religious Theory","","1530-5228","","https://research.ebsco.com/plink/e3792fe7-5969-3217-877b-6968e7bc6585","","2006","2026-02-05 01:30:39","2026-02-05 02:12:45","","null-null","","1","8","","JCRT","","","","","","Whitestone Foundation","","","","","","","","","","","","","","","","","","","","","","","","","","","","","","","","","","","","","","","","","","","","","","","","","","","","","","","","","","","",""
"GD3ZK3T8","journalArticle","2008","Shoemaker, Stephen P","The fire spreads: holiness and Pentecostalism in the American South","Journal for Cultural & Religious Theory","","1530-5228","","https://research.ebsco.com/plink/6b27e9c9-8f96-35e2-b765-53d043823ed1","","2008","2026-02-05 01:30:39","2026-02-05 02:12:45","","null-null","","3","9","","JCRT","","","","","","Whitestone Foundation","","","","","","","","","","","","","","","","","","","","","","","","","","","","","","","","","","","","","","","","","","","","","","","","","","","","","","","","","","","",""
"JDCPKAYG","journalArticle","2008","Raschke, Carl A","The new orientalists: representations of Islam from Foucault to Baudrillard","Journal for Cultural & Religious Theory","","1530-5228","","https://research.ebsco.com/plink/5e251d78-f0f2-36f4-b595-4f4531cf1727","","2008","2026-02-05 01:30:39","2026-02-05 02:12:45","","null-null","","3","9","","JCRT","","","","","","Whitestone Foundation","","","","","","","","","","","","","","","","","","","","","","","","","","","","","","","","","","","","","","","","","","","","","","","","","","","","","","","","","","","",""
"D4EKG7VL","journalArticle","2008","Kotsko, Adam","Politics and perversion: situating Žižek's Paul","Journal for Cultural & Religious Theory","","1530-5228","","https://research.ebsco.com/plink/b8bd2c8d-c5e5-3110-a44d-5f36d26f7d01","","2008","2026-02-05 01:39:50","2026-02-05 02:12:45","","null-null","","2","9","","JCRT","","","","","","Whitestone Foundation","","","","","","","","","","","","","Criticism; Philosophy and theology; Bible. Romans; Bible. Job; Universalism; etc.; interpretation; Jesus Christ – Crucifixion; 1901-1981; 1949-; Jacques; Lacan; Slavoj; Žižek; Psychoanalysis; Paul; 1937-; Alain; Badiou; 1942-; Agamben; Giorgio; the Apostle; Saint – Theology – Law and gospel; Love in religion","","","","","","","","","","","","","","","","","","","","","","","","","","","","","","","","","","","","","","","","","","","","","","",""
"63EBALYU","journalArticle","2008","Boer, Roland","An extrinsic Eagleton?","Journal for Cultural & Religious Theory","","1530-5228","","https://research.ebsco.com/plink/fc796558-33cd-3b59-972b-06de31c793c2","","2008","2026-02-05 01:39:50","2026-02-05 02:12:45","","null-null","","2","9","","JCRT","","","","","","Whitestone Foundation","","","","","","","","","","","","","Art and religion; Philosophical theology; Marxism; Psychoanalysis and religion; Communism; 1943-; Eagleton; Good and evil; Radicalism; Terry","","","","","","","","","","","","","","","","","","","","","","","","","","","","","","","","","","","","","","","","","","","","","","",""
"DCRV4K2I","journalArticle","2008","Fox, Chris","From representation to constituent power: religion, or something like it, in Hardt and Negri's Empire","Journal for Cultural & Religious Theory","","1530-5228","","https://research.ebsco.com/plink/4c28dae1-5448-32d0-9167-ad186554308d","","2008","2026-02-05 01:39:50","2026-02-05 02:12:45","","null-null","","2","9","","JCRT","","","","","","Whitestone Foundation","","","","","","","","","","","","","Ontology; Power (Social sciences); Marxism; Sovereignty; Globalization and religion; Political science – Philosophy; Antonio; Subject (Philosophy); 1933-2023; 1960-; Hardt; Michael; Negri","","","","","","","","","","","","","","","","","","","","","","","","","","","","","","","","","","","","","","","","","","","","","","",""
"M94DABTL","journalArticle","2008","D'Amato, Mario","Buddhism, apophasis, truth","Journal for Cultural & Religious Theory","","1530-5228","","https://research.ebsco.com/plink/4d349fc8-90a5-37f7-8b58-3dc9725a3a07","","2008","2026-02-05 01:39:50","2026-02-05 02:12:45","","null-null","","2","9","","JCRT","","","","","","Whitestone Foundation","","","","","","","","","","","","","Transcendence; Language and religion; Semiotics; Postmodernism; Religion – Philosophy; Buddhism and philosophy; Dharma (Buddhism); Ineffability; Mahāyāna Buddhism; Maitreyanātha; Nirvana; Religions – Comparative studies; Tipiṭaka","","","","","","","","","","","","","","","","","","","","","","","","","","","","","","","","","","","","","","","","","","","","","","",""
"77NJ2WDL","journalArticle","2008","Crockett, Clayton","The sublime and the messianic: a reply to Agata Bielek-Robson","Journal for Cultural & Religious Theory","","1530-5228","","https://research.ebsco.com/plink/58561008-8d5e-3229-b0df-08d8d2785d61","","2008","2026-02-05 01:39:50","2026-02-05 02:12:45","","null-null","","2","9","","JCRT","","","","","","Whitestone Foundation","","","","","","","","","","","","","Modernity; Postmodernism; Messianism; The; 1966-; Agata; Bielik-Robson; Psychoanalysis; 1724-1804; Immanuel; Kant; Radical Orthodoxy (Movement); Sublime","","","","","","","","","","","","","","","","","","","","","","","","","","","","","","","","","","","","","","","","","","","","","","",""
"ZINFQ87L","journalArticle","2008","Bielik-Robson, Agata","The traps of the sublime","Journal for Cultural & Religious Theory","","1530-5228","","https://research.ebsco.com/plink/23f7e579-2759-3d5e-93ae-1006a9bdcc00","","2008","2026-02-05 01:39:50","2026-02-05 02:12:45","","null-null","","2","9","","JCRT","","","","","","Whitestone Foundation","","","","","","","","","","","","","Philosophical theology; God (Philosophy); 1901-1981; Jacques; Lacan; Psychoanalysis and religion; The; Continental philosophy; Clayton; Crockett; 1856-1939; Freud; Sigmund; Sublime; 1969-","","","","","","","","","","","","","","","","","","","","","","","","","","","","","","","","","","","","","","","","","","","","","","",""
"SYAAXTAW","journalArticle","2008","Leo, Russ","Enlightenment contested: philosophy, modernity, and the emancipation of man 1670-1752","Journal for Cultural & Religious Theory","","1530-5228","","https://research.ebsco.com/plink/0c1ca4c3-3ad4-3435-bfb8-1e27e862f3fd","","2008","2026-02-05 01:39:50","2026-02-05 02:12:45","","null-null","","2","9","","JCRT","","","","","","Whitestone Foundation","","","","","","","","","","","","","","","","","","","","","","","","","","","","","","","","","","","","","","","","","","","","","","","","","","","","","","","","","","","",""
"8T3MP7HR","journalArticle","2008","Rodkey, Christopher D","Chosen","Journal for Cultural & Religious Theory","","1530-5228","","https://research.ebsco.com/plink/e26cdce8-aaa1-3de7-91a1-bc2a54e03923","","2008","2026-02-05 01:39:50","2026-02-05 02:12:45","","null-null","","2","9","","JCRT","","","","","","Whitestone Foundation","","","","","","","","","","","","","","","","","","","","","","","","","","","","","","","","","","","","","","","","","","","","","","","","","","","","","","","","","","","",""
"TLPGG87F","journalArticle","2008","Leo, Russ","Radical enlightenment: philosophy and the making of modernity 1650-1750","Journal for Cultural & Religious Theory","","1530-5228","","https://research.ebsco.com/plink/6bcf2605-48c2-35d9-9caa-1e84a63c1468","","2008","2026-02-05 01:39:50","2026-02-05 02:12:45","","null-null","","2","9","","JCRT","","","","","","Whitestone Foundation","","","","","","","","","","","","","","","","","","","","","","","","","","","","","","","","","","","","","","","","","","","","","","","","","","","","","","","","","","","",""
"GDLV5BFC","journalArticle","2004","Robbins, Jeffrey W","A post-national theology of empire","Journal for Cultural & Religious Theory","","1530-5228","","https://research.ebsco.com/plink/9cf1a605-89a7-38f6-945a-8feb6aecabaf","","2004","2026-02-05 01:57:59","2026-02-05 02:12:45","","null-null","","3","5","","JCRT","","","","","","Whitestone Foundation","","","","","","","","","","","","","United States; Christianity and politics; Imperialism; International relations; Civil religion; Antonio; 1946-; 1933-2023; 1960-; Hardt; Michael; Negri; 1927-2013; Ali; Bellah; Bush; George W (George Walker); Jim; Military policy; Robert N (Robert Neelly); Tariq; Wallis","","","","","","","","","","","","","","","","","","","","","","","","","","","","","","","","","","","","","","","","","","","","","","",""
"QURJS6EP","journalArticle","2004","Biles, Jeremy","I, insect; or, Bataille and the crush freaks","Journal for Cultural & Religious Theory","","1530-5228","","https://research.ebsco.com/plink/293ce933-3904-3c78-8918-c97485898c11","","2004","2026-02-05 01:57:59","2026-02-05 02:12:45","","null-null","","3","5","","JCRT","","","","","","Whitestone Foundation","","","","","","","","","","","","","Death; Mysticism; Sacrifice; Sex; Deviant behavior; Georges; Jeff; Technology and society; 1961-; 1897-1962; Bataille; Fetishism; Insects; Vilencia","","","","","","","","","","","","","","","","","","","","","","","","","","","","","","","","","","","","","","","","","","","","","","",""
"QIFZN6J3","journalArticle","2004","McPherson, Ian","Nihilism on a rollercoaster?","Journal for Cultural & Religious Theory","","1530-5228","","https://research.ebsco.com/plink/f53f5b94-6f4d-3808-84df-806b1e4cb59b","","2004","2026-02-05 01:57:59","2026-02-05 02:12:45","","null-null","","3","5","","JCRT","","","","","","Whitestone Foundation","","","","","","","","","","","","","Theology; Philosophy and Christianity; Postmodernism; 1844-1900; Friedrich Wilhelm; Nietzsche; Radical Orthodoxy (Movement); 1972-; Doctrinal – Methodology; Conor; Cunningham; Meaninglessness (Philosophy); Philosophy – Historiography","","","","","","","","","","","","","","","","","","","","","","","","","","","","","","","","","","","","","","","","","","","","","","",""
"XQP4RGN7","journalArticle","2004","Urbanczyk, Aaron","Body and soul: a sympathetic history of American spiritualism","Journal for Cultural & Religious Theory","","1530-5228","","https://research.ebsco.com/plink/e71616ca-c134-355a-9fd3-b474749d97b2","","2004","2026-02-05 01:57:59","2026-02-05 02:12:45","","null-null","","3","5","","JCRT","","","","","","Whitestone Foundation","","","","","","","","","","","","","","","","","","","","","","","","","","","","","","","","","","","","","","","","","","","","","","","","","","","","","","","","","","","",""
"4KCE2D6H","journalArticle","2004","Igrek, Apple Zefelius","Impossible God: Derrida's theology","Journal for Cultural & Religious Theory","","1530-5228","","https://research.ebsco.com/plink/7eda059e-61b5-34b6-8857-e7d09dcecf44","","2004","2026-02-05 01:57:59","2026-02-05 02:12:45","","null-null","","3","5","","JCRT","","","","","","Whitestone Foundation","","","","","","","","","","","","","","","","","","","","","","","","","","","","","","","","","","","","","","","","","","","","","","","","","","","","","","","","","","","",""
"M8SEWMKX","journalArticle","2004","Gilmour, Michael J","Knocking on heaven's door: American religion in the age of counterculture","Journal for Cultural & Religious Theory","","1530-5228","","https://research.ebsco.com/plink/3d2fce71-8072-3444-b455-1e570b3307cc","","2004","2026-02-05 01:57:59","2026-02-05 02:12:45","","null-null","","3","5","","JCRT","","","","","","Whitestone Foundation","","","","","","","","","","","","","","","","","","","","","","","","","","","","","","","","","","","","","","","","","","","","","","","","","","","","","","","","","","","",""
"B4A9TMRE","journalArticle","2004","Duke, James O","The making of American liberal theology 2 Idealism, realism, and modernity 1900-1950","Journal for Cultural & Religious Theory","","1530-5228","","https://research.ebsco.com/plink/5ec025e7-13ad-32bf-b442-d30a15bd7bca","","2004","2026-02-05 01:57:59","2026-02-05 02:12:45","","null-null","","3","5","","JCRT","","","","","","Whitestone Foundation","","","","","","","","","","","","","","","","","","","","","","","","","","","","","","","","","","","","","","","","","","","","","","","","","","","","","","","","","","","",""
"2PDHYNSC","journalArticle","2004","Biondo, Vincent F","Freedom and orthodoxy: Islam and difference in the post-Andalusian age","Journal for Cultural & Religious Theory","","1530-5228","","https://research.ebsco.com/plink/92414ea8-8153-342d-8c20-1c07e4be8648","","2004","2026-02-05 01:57:59","2026-02-05 02:12:45","","null-null","","3","5","","JCRT","","","","","","Whitestone Foundation","","","","","","","","","","","","","","","","","","","","","","","","","","","","","","","","","","","","","","","","","","","","","","","","","","","","","","","","","","","",""
"6PT5YK6M","journalArticle","2004","Vahanian, Nöelle","Aristotle's children: how Christians, Muslims, and Jews rediscovered ancient wisdom and illuminated the Dark Ages","Journal for Cultural & Religious Theory","","1530-5228","","https://research.ebsco.com/plink/54457442-49c8-31e8-aab7-0aa67bba7baf","","2004","2026-02-05 01:57:59","2026-02-05 02:12:45","","null-null","","3","5","","JCRT","","","","","","Whitestone Foundation","","","","","","","","","","","","","","","","","","","","","","","","","","","","","","","","","","","","","","","","","","","","","","","","","","","","","","","","","","","",""
"D5NUQZC6","journalArticle","2004","Reinhart, David","Philosophy in a time of terror: dialogues with Jürgen Habermas and Jacques Derrida","Journal for Cultural & Religious Theory","","1530-5228","","https://research.ebsco.com/plink/5db3fa16-16ff-3097-831a-e37e01a38f1b","","2004","2026-02-05 01:57:59","2026-02-05 02:12:45","","null-null","","3","5","","JCRT","","","","","","Whitestone Foundation","","","","","","","","","","","","","","","","","","","","","","","","","","","","","","","","","","","","","","","","","","","","","","","","","","","","","","","","","","","",""
"HJSV3EVL","journalArticle","2004","Purcell, Michael","On escape","Journal for Cultural & Religious Theory","","1530-5228","","https://research.ebsco.com/plink/b893696f-6e90-3a89-95ad-032e63ddf065","","2004","2026-02-05 01:57:59","2026-02-05 02:12:45","","null-null","","3","5","","JCRT","","","","","","Whitestone Foundation","","","","","","","","","","","","","","","","","","","","","","","","","","","","","","","","","","","","","","","","","","","","","","","","","","","","","","","","","","","",""
"5V4FHPTY","journalArticle","2004","Rodkey, Christopher D","Approaches to Auschwitz: the holocaust and its legacy","Journal for Cultural & Religious Theory","","1530-5228","","https://research.ebsco.com/plink/5d5f6a73-a744-363f-9b91-42d1d21c0e45","","2004","2026-02-05 01:57:59","2026-02-05 02:12:45","","null-null","","3","5","","JCRT","","","","","","Whitestone Foundation","","","","","","","","","","","","","","","","","","","","","","","","","","","","","","","","","","","","","","","","","","","","","","","","","","","","","","","","","","","",""
"7ERQ9IFW","journalArticle","2004","Flato, Jason","On translation","Journal for Cultural & Religious Theory","","1530-5228","","https://research.ebsco.com/plink/b7775830-d64e-3d70-ae20-c1aa47a806c0","","2004","2026-02-05 01:57:59","2026-02-05 02:12:45","","null-null","","3","5","","JCRT","","","","","","Whitestone Foundation","","","","","","","","","","","","","","","","","","","","","","","","","","","","","","","","","","","","","","","","","","","","","","","","","","","","","","","","","","","",""
"RNQNYWE7","journalArticle","2004","Smith, James K A","The Cambridge companion to postmodern theology","Journal for Cultural & Religious Theory","","1530-5228","","https://research.ebsco.com/plink/019942b7-d06b-3436-a34c-1a559ac3c6a4","","2004","2026-02-05 01:57:59","2026-02-05 02:12:45","","null-null","","3","5","","JCRT","","","","","","Whitestone Foundation","","","","","","","","","","","","","","","","","","","","","","","","","","","","","","","","","","","","","","","","","","","","","","","","","","","","","","","","","","","",""
"MVFRLQM5","journalArticle","2004","Keen, Daniel E Rossi","Predicting religion: Christian, secular and alternative futures","Journal for Cultural & Religious Theory","","1530-5228","","https://research.ebsco.com/plink/86144413-a2d1-3baa-8542-d4f790f171a4","","2004","2026-02-05 01:57:59","2026-02-05 02:12:45","","null-null","","3","5","","JCRT","","","","","","Whitestone Foundation","","","","","","","","","","","","","","","","","","","","","","","","","","","","","","","","","","","","","","","","","","","","","","","","","","","","","","","","","","","",""
"PY2T5VS5","journalArticle","2004","Vahabzadeh, Peyman","Broken hegemonies","Journal for Cultural & Religious Theory","","1530-5228","","https://research.ebsco.com/plink/58017fea-23c7-38c1-9cdc-7b1756327609","","2004","2026-02-05 01:57:59","2026-02-05 02:12:45","","null-null","","3","5","","JCRT","","","","","","Whitestone Foundation","","","","","","","","","","","","","","","","","","","","","","","","","","","","","","","","","","","","","","","","","","","","","","","","","","","","","","","","","","","",""
"ZS966AXW","journalArticle","2004","Nayar, Pramod K","Me++: the cyborg self and the networked city","Journal for Cultural & Religious Theory","","1530-5228","","https://research.ebsco.com/plink/2c902e8f-d647-398c-8628-3ece18d15474","","2004","2026-02-05 01:57:59","2026-02-05 02:12:45","","null-null","","3","5","","JCRT","","","","","","Whitestone Foundation","","","","","","","","","","","","","","","","","","","","","","","","","","","","","","","","","","","","","","","","","","","","","","","","","","","","","","","","","","","",""
"8NI8HJCC","journalArticle","2004","Fodor, Luke","Religious experience and the end of metaphysics","Journal for Cultural & Religious Theory","","1530-5228","","https://research.ebsco.com/plink/b4d018ef-ef19-3e7c-85c1-1e9728be24db","","2004","2026-02-05 01:57:59","2026-02-05 02:12:45","","null-null","","3","5","","JCRT","","","","","","Whitestone Foundation","","","","","","","","","","","","","","","","","","","","","","","","","","","","","","","","","","","","","","","","","","","","","","","","","","","","","","","","","","","",""
"CDNUTTGF","journalArticle","1999","Reinhard, Kenneth; Lupton, Julia Reinhard","Jewish studies and the secular university: religion between culture and philosophy","Journal for Cultural & Religious Theory","","1530-5228","","https://research.ebsco.com/plink/f44e9e96-265b-3745-89ea-fad506ee5553","","1999","2026-02-05 01:58:00","2026-02-05 02:12:45","","null-null","","1","1","","JCRT","","","","","","Whitestone Foundation","","","","","","","","","","","","","Secularization (Religion); Universities and colleges – Curricula; Judaism (Study and teaching); Judaism and philosophy; Judaism and culture; Secular institutes","","","","","","","","","","","","","","","","","","","","","","","","","","","","","","","","","","","","","","","","","","","","","","",""
"2N3T2H4A","journalArticle","1999","Vahanian, Gabriel; Clarnette, Warren","The otherness of time: secularisation as worlding of the word and the hallowing of time","Journal for Cultural & Religious Theory","","1530-5228","","https://research.ebsco.com/plink/589e0c18-6e42-3840-882a-2e151e8cf5cb","","1999","2026-02-05 01:58:00","2026-02-05 02:12:45","","null-null","","1","1","","JCRT","","","","","","Whitestone Foundation","","","","","","","","","","","","","Memory; Time in the Bible; Saint; Knowledge; Theory of (Religion); Augustine; of Hippo; 354-430 – Philosophy; Time in religion; History – Religious aspects – Christianity; History in religion","","","","","","","","","","","","","","","","","","","","","","","","","","","","","","","","","","","","","","","","","","","","","","",""
"AXQA52S9","journalArticle","1999","Crockett, Clayton","Anxiety and the s(ub)lime body of God","Journal for Cultural & Religious Theory","","1530-5228","","https://research.ebsco.com/plink/dfb8fcc0-c65e-3b82-bef0-00dc284b9fd3","","1999","2026-02-05 01:58:00","2026-02-05 02:12:45","","null-null","","1","1","","JCRT","","","","","","Whitestone Foundation","","","","","","","","","","","","","Science fiction; Desire and religion; Other (Philosophy); Human body in religion; 1901-1981; 1949-; Jacques; Lacan; Psychoanalysis and religion; Slavoj; Žižek; The; Feminist theory; Subject (Philosophy); 1856-1939; Freud; Sigmund; Sublime; Bergeron; Danielle","","","","","","","","","","","","","","","","","","","","","","","","","","","","","","","","","","","","","","","","","","","","","","",""
"HESHVQQT","journalArticle","1999","Winquist, Charles E","The ambiguous gift of desire","Journal for Cultural & Religious Theory","","1530-5228","","https://research.ebsco.com/plink/1c6646c6-6272-39a0-9a64-4b0c25a47a49","","1999","2026-02-05 01:58:00","2026-02-05 02:12:45","","null-null","","1","1","","JCRT","","","","","","Whitestone Foundation","","","","","","","","","","","","","Ontology; Knowledge; 1925-1995; Deleuze; Gilles; Theory of (Religion); Immanence (Philosophy); Desire – Comparative studies","","","","","","","","","","","","","","","","","","","","","","","","","","","","","","","","","","","","","","","","","","","","","","",""
"RXGW8XYX","journalArticle","1999","Lambert, Gregg; Sicre, Jorge","The work of art in the age of alien reproduction","Journal for Cultural & Religious Theory","","1530-5228","","https://research.ebsco.com/plink/7dd4ed8a-8406-3ec4-b552-869a33db871d","","1999","2026-02-05 01:58:00","2026-02-05 02:12:45","","null-null","","1","1","","JCRT","","","","","","Whitestone Foundation","","","","","","","","","","","","","Theological anthropology; Mind and body; 1724-1804; Immanuel; Kant; Art criticism; Extraterrestrial beings; Primitivism","","","","","","","","","","","","","","","","","","","","","","","","","","","","","","","","","","","","","","","","","","","","","","",""
"RC3Y4P2A","journalArticle","1999","Raschke, Carl A","Theorizing religion at the turn of the millennium: from the sacred to the semiotic","Journal for Cultural & Religious Theory","","1530-5228","","https://research.ebsco.com/plink/c733eb74-929b-30a8-99bf-e4e8c129471c","","1999","2026-02-05 01:58:00","2026-02-05 02:12:45","","null-null","","1","1","","JCRT","","","","","","Whitestone Foundation","","","","","","","","","","","","","Semiotics; Postmodernism; Methodology; Jacques; Religion – Philosophy; 1930-2004; Derrida; Religion (Study and teaching)","","","","","","","","","","","","","","","","","","","","","","","","","","","","","","","","","","","","","","","","","","","","","","",""
"4SXHPLRZ","journalArticle","1999","Lee, Jonathan Scott","Deconstructing the great chain of being","Journal for Cultural & Religious Theory","","1530-5228","","https://research.ebsco.com/plink/fab0608f-4b74-36d5-a62e-594e986c1fd6","","1999","2026-02-05 01:58:00","2026-02-05 02:12:45","","null-null","","1","1","","JCRT","","","","","","Whitestone Foundation","","","","","","","","","","","","","Apophatic theology; Jacques; 1930-2004; Derrida; Language and languages – Philosophy; Theology – Methodology; 205-270; Chain of being (Philosophy); Mysticism – Comparative studies; Plotinus","","","","","","","","","","","","","","","","","","","","","","","","","","","","","","","","","","","","","","","","","","","","","","",""
"KFPRDVKC","journalArticle","1999","Kavka, Martin","The prayers and tears of Jacques Derrida: religion without religion","Journal for Cultural & Religious Theory","","1530-5228","","https://research.ebsco.com/plink/14f2268c-bd8d-367e-ad38-e995ea6f79c7","","1999","2026-02-05 01:58:00","2026-02-05 02:12:45","","null-null","","1","1","","JCRT","","","","","","Whitestone Foundation","","","","","","","","","","","","","","","","","","","","","","","","","","","","","","","","","","","","","","","","","","","","","","","","","","","","","","","","","","","",""
"YFKXRYQP","journalArticle","1999","Young, William W","Politics of friendship","Journal for Cultural & Religious Theory","","1530-5228","","https://research.ebsco.com/plink/355fbdea-915a-30e7-818f-9707b8b277fd","","1999","2026-02-05 01:58:00","2026-02-05 02:12:45","","null-null","","1","1","","JCRT","","","","","","Whitestone Foundation","","","","","","","","","","","","","","","","","","","","","","","","","","","","","","","","","","","","","","","","","","","","","","","","","","","","","","","","","","","",""
"REX6PPPY","journalArticle","2000","Long, Charles H","Mircea Eliade and the imagination of matter","Journal for Cultural & Religious Theory","","1530-5228","","https://research.ebsco.com/plink/868a73a2-55e3-3112-9e8b-8319b96ea2f2","","2000","2026-02-05 01:58:01","2026-02-05 02:12:45","","null-null","","2","1","","JCRT","","","","","","Whitestone Foundation","","","","","","","","","","","","","Theological anthropology; Knowledge; 1907-1986; Éliade; Mircéa; Theory of (Religion); Religions – Comparative studies; Work and religion","","","","","","","","","","","","","","","","","","","","","","","","","","","","","","","","","","","","","","","","","","","","","","",""
"AP2PRCLN","journalArticle","2000","Taylor, Victor E","The division of religion with signs following","Journal for Cultural & Religious Theory","","1530-5228","","https://research.ebsco.com/plink/1408c253-e1e9-342a-b194-b849a827dfcc","","2000","2026-02-05 01:58:01","2026-02-05 02:12:45","","null-null","","2","1","","JCRT","","","","","","Whitestone Foundation","","","","","","","","","","","","","Postmodernism; Philosophy and religion; Methodology; Religions (Study and teaching); Modern; Art; Universities and colleges – Curricula","","","","","","","","","","","","","","","","","","","","","","","","","","","","","","","","","","","","","","","","","","","","","","",""
"QKGXYPZC","journalArticle","2000","Canning, Peter","Jesus Christ holocaust: fabulation of the Jews in Christian and Nazi nistory","Journal for Cultural & Religious Theory","","1530-5228","","https://research.ebsco.com/plink/d810344e-9768-3581-b622-70ef5a7c2656","","2000","2026-02-05 01:58:01","2026-02-05 02:12:45","","null-null","","2","1","","JCRT","","","","","","Whitestone Foundation","","","","","","","","","","","","","Christianity and Judaism; Scapegoat; Antisemitism; 1901-1981; Jacques; Lacan; Psychoanalysis; National socialism; Holocaust; 1856-1939; Freud; Sigmund; 1627-1704; Blood accusation; Bossuet; Bp; Germany; Jacques Bénigne; Jewish (1939-1945) – Historiography","","","","","","","","","","","","","","","","","","","","","","","","","","","","","","","","","","","","","","","","","","","","","","",""
"4AL8BTWB","journalArticle","2000","Wyschogrod, Edith; Raschke, Carl A","Heterological history: a conversation","Journal for Cultural & Religious Theory","","1530-5228","","https://research.ebsco.com/plink/d8c5cde3-ae0a-3551-b554-a81eaf84db3d","","2000","2026-02-05 01:58:01","2026-02-05 02:12:45","","null-null","","2","1","","JCRT","","","","","","Whitestone Foundation","","","","","","","","","","","","","Postmodernism; Historiography; Other (Philosophy); John; Milbank; Poststructuralism; Ethics – Methodology; History – Religious aspects – Christianity; History in religion","","","","","","","","","","","","","","","","","","","","","","","","","","","","","","","","","","","","","","","","","","","","","","",""
"DTS9QA3L","journalArticle","2000","Adcock, David A","Xena Warrior Princess and the texture of the religious: re-imagining the role of popular culture in academic discourse","Journal for Cultural & Religious Theory","","1530-5228","","https://research.ebsco.com/plink/3272c9a1-47f2-3d78-a104-8de7bc4fa2a0","","2000","2026-02-05 01:58:01","2026-02-05 02:12:09","","null-null","","2","1","","JCRT","","","","","","Whitestone Foundation","Denver","","","","","","","","","","","","United States; Language and religion; Postmodernism; Religion and culture; Language and languages – Philosophy; Popular culture; warrior princess (Television program); Xena","","","","","","","","","","","","","","","","","","","","","","","","","","","","","","","","","","","","","","","","","","","","","","",""
"4UZHCXQ8","journalArticle","2000","Vahanian, Nöelle","Rebellious no","Journal for Cultural & Religious Theory","","1530-5228","","https://research.ebsco.com/plink/a9ed174e-9c0c-3566-ab02-fde79df41cc7","","2000","2026-02-05 01:58:01","2026-02-05 02:12:45","","null-null","","2","1","","JCRT","","","","","","Whitestone Foundation","","","","","","","","","","","","","Language and religion; Cosmology; Emotions; The; Language and languages – Philosophy; Finite; 1861-1947; Alfred North; Whitehead","","","","","","","","","","","","","","","","","","","","","","","","","","","","","","","","","","","","","","","","","","","","","","",""
"HDGRVJYU","journalArticle","2000","Ruf, Frederick J","The ride of passage: the pursuit of danger, trance, and failure in Mark Twain, Paul Bowles, and us","Journal for Cultural & Religious Theory","","1530-5228","","https://research.ebsco.com/plink/4745cdea-c5f2-3f4a-a553-1459c74db5b2","","2000","2026-02-05 01:58:01","2026-02-05 02:12:45","","null-null","","2","1","","JCRT","","","","","","Whitestone Foundation","","","","","","","","","","","","","Diaries; Death in literature; Paul; Mark; Study and teaching; 1835-1910; Bowles; Literature – Themes; Religion and literature; Travel; Twain","","","","","","","","","","","","","","","","","","","","","","","","","","","","","","","","","","","","","","","","","","","","","","",""
"IY4PW7M8","journalArticle","2000","Smith, Steven G","An ethics of remembering: history, heterology, and the nameless others","Journal for Cultural & Religious Theory","","1530-5228","","https://research.ebsco.com/plink/915e2da2-549f-38ef-8766-64542fe5354f","","2000","2026-02-05 01:58:01","2026-02-05 02:12:45","","null-null","","2","1","","JCRT","","","","","","Whitestone Foundation","","","","","","","","","","","","","","","","","","","","","","","","","","","","","","","","","","","","","","","","","","","","","","","","","","","","","","","","","","","",""
"QNS3QSD4","journalArticle","2000","Lorentzen, Oz","Difference and repetition","Journal for Cultural & Religious Theory","","1530-5228","","https://research.ebsco.com/plink/597a19d3-fc3d-396a-a3ed-6e658814a5e3","","2000","2026-02-05 01:58:01","2026-02-05 02:12:45","","null-null","","2","1","","JCRT","","","","","","Whitestone Foundation","","","","","","","","","","","","","","","","","","","","","","","","","","","","","","","","","","","","","","","","","","","","","","","","","","","","","","","","","","","",""
"P5WPBPKJ","journalArticle","2000","DiCenso, James J","Splitting religion: heteronomy, autonomy, and reflection","Journal for Cultural & Religious Theory","","1530-5228","","https://research.ebsco.com/plink/977adc30-6960-35f0-bfd8-f4214a9782fe","","2000","2026-02-05 01:58:02","2026-02-05 02:12:45","","null-null","","3","1","","JCRT","","","","","","Whitestone Foundation","","","","","","","","","","","","","Individual and society; Religions (Study and teaching); Other (Philosophy); Imagination; Psychoanalysis; 1946-; 1922-1997; Autonomy (Psychology); Castoriadis; Cornelius; Gauchet; Marcel","","","","","","","","","","","","","","","","","","","","","","","","","","","","","","","","","","","","","","","","","","","","","","",""
"6X3MYJCS","journalArticle","2000","Crockett, Clayton","Economies of studying religion","Journal for Cultural & Religious Theory","","1530-5228","","https://research.ebsco.com/plink/b0f60d06-29d8-3571-8b53-8e380ee1ef85","","2000","2026-02-05 01:58:02","2026-02-05 02:12:45","","null-null","","3","1","","JCRT","","","","","","Whitestone Foundation","","","","","","","","","","","","","Religions (Study and teaching); Psychoanalysis and religion; Capitalism and religion; Poststructuralism","","","","","","","","","","","","","","","","","","","","","","","","","","","","","","","","","","","","","","","","","","","","","","",""
"WMDNYGDQ","journalArticle","2000","Kosky, Jeffrey L","Contemporary encounters with apophatic theology: the case of Emmanuel Levinas","Journal for Cultural & Religious Theory","","1530-5228","","https://research.ebsco.com/plink/799d4439-2f92-3172-8b7e-7120ff33890b","","2000","2026-02-05 01:58:02","2026-02-05 02:12:45","","null-null","","3","1","","JCRT","","","","","","Whitestone Foundation","","","","","","","","","","","","","Apophatic theology; Metaphysics; Ontology; Jacques; 1906-1995; Emmanuel; Lévinas; 1930-2004; Derrida; Phenomenology; Theology – Methodology; God – Knowableness; Pseudo-Dionysius; the Areopagite","","","","","","","","","","","","","","","","","","","","","","","","","","","","","","","","","","","","","","","","","","","","","","",""
"4JXDRQ8D","journalArticle","2000","Game, Ann","Falling","Journal for Cultural & Religious Theory","","1530-5228","","https://research.ebsco.com/plink/9d919eb5-850c-35c9-9f70-4bc00b57e5d3","","2000","2026-02-05 01:58:02","2026-02-05 02:12:45","","null-null","","3","1","","JCRT","","","","","","Whitestone Foundation","","","","","","","","","","","","","Experience (Religion); Knowledge; Michel; Paul; the Apostle; Theory of (Religion); Epilepsy; Falls (Accidents); Saint – Conversion; Tournier","","","","","","","","","","","","","","","","","","","","","","","","","","","","","","","","","","","","","","","","","","","","","","",""
"LCB29SXI","journalArticle","2000","Caputo, John D","For love of the things themselves: Derrida's hyper-realism","Journal for Cultural & Religious Theory","","1530-5228","","https://research.ebsco.com/plink/82a91886-e86e-3739-b8d3-cfe7db864f41","","2000","2026-02-05 01:58:02","2026-02-05 02:12:45","","null-null","","3","1","","JCRT","","","","","","Whitestone Foundation","","","","","","","","","","","","","Deconstruction (Criticism); Realism; Difference (Philosophy); Other (Philosophy); Jacques; 1930-2004; Derrida; Phenomenology; Love in religion","","","","","","","","","","","","","","","","","","","","","","","","","","","","","","","","","","","","","","","","","","","","","","",""
"QPJWWAIR","journalArticle","2000","Richard, Alan J","Aristotle and religious theory","Journal for Cultural & Religious Theory","","1530-5228","","https://research.ebsco.com/plink/7233b0d3-d0ad-3c53-ba6a-a585ba7a80fe","","2000","2026-02-05 01:58:02","2026-02-05 02:12:45","","null-null","","3","1","","JCRT","","","","","","Whitestone Foundation","","","","","","","","","","","","","Relation (Theology); Semiotics; Ontology; Philosophy and theology; Plato; Methodology; Religions (Study and teaching); Knowledge; Aristotle; Theory of (Religion)","","","","","","","","","","","","","","","","","","","","","","","","","","","","","","","","","","","","","","","","","","","","","","",""
"HP5C4TW8","journalArticle","2000","Metcalfe, Andrew W","Wonder, creativity and knowledge","Journal for Cultural & Religious Theory","","1530-5228","","https://research.ebsco.com/plink/f8541f87-ceff-3b86-994a-6e0dc2afc2a7","","2000","2026-02-05 01:58:02","2026-02-05 02:12:45","","null-null","","3","1","","JCRT","","","","","","Whitestone Foundation","","","","","","","","","","","","","Gratitude; Wonder; Knowledge; Theory of (Religion); Creative ability","","","","","","","","","","","","","","","","","","","","","","","","","","","","","","","","","","","","","","","","","","","","","","",""
"8DGU9LA7","journalArticle","2000","Bennett-Carpenter, Benjamin","The religious art of Andy Warhol","Journal for Cultural & Religious Theory","","1530-5228","","https://research.ebsco.com/plink/8ee143a5-4212-363a-a7ea-ffd1b7785674","","2000","2026-02-05 01:58:02","2026-02-05 02:12:09","","null-null","","3","1","","JCRT","","","","","","Whitestone Foundation","","","","","","","","","","","","","","","","","","","","","","","","","","","","","","","","","","","","","","","","","","","","","","","","","","","","","","","","","","","",""
"3YR2W4B5","journalArticle","2000","Weiss, Dennis M","How we became posthuman: virtual bodies in cybernetics, literature, and informatics","Journal for Cultural & Religious Theory","","1530-5228","","https://research.ebsco.com/plink/416765f4-2125-34ad-8c88-9f19e7bb6903","","2000","2026-02-05 01:58:02","2026-02-05 02:12:45","","null-null","","3","1","","JCRT","","","","","","Whitestone Foundation","","","","","","","","","","","","","","","","","","","","","","","","","","","","","","","","","","","","","","","","","","","","","","","","","","","","","","","","","","","",""
"AZMQ2WJL","journalArticle","2000","Strysick, Michael","One nation under God?: Religion and American culture","Journal for Cultural & Religious Theory","","1530-5228","","https://research.ebsco.com/plink/956132f0-2391-335f-a0b3-99f84644cc1a","","2000","2026-02-05 01:58:02","2026-02-05 02:12:45","","null-null","","3","1","","JCRT","","","","","","Whitestone Foundation","","","","","","","","","","","","","","","","","","","","","","","","","","","","","","","","","","","","","","","","","","","","","","","","","","","","","","","","","","","",""
"F9LEGMH8","journalArticle","2000","Strysick, Michael","Para/inquiry: postmodern religion and culture","Journal for Cultural & Religious Theory","","1530-5228","","https://research.ebsco.com/plink/3f4f50db-03bf-346d-98ee-54f04ff68efd","","2000","2026-02-05 01:58:02","2026-02-05 02:12:45","","null-null","","3","1","","JCRT","","","","","","Whitestone Foundation","","","","","","","","","","","","","","","","","","","","","","","","","","","","","","","","","","","","","","","","","","","","","","","","","","","","","","","","","","","",""
"YUQ9LLRC","journalArticle","2000","Reinhard, Kenneth; Lupton, Julia Reinhard","Revelation: Lacan and the Ten Commandments","Journal for Cultural & Religious Theory","","1530-5228","","https://research.ebsco.com/plink/1c77b26a-74a1-371c-b7a2-cf4a29557344","","2000","2026-02-05 01:58:02","2026-02-05 02:12:45","","null-null","","1","2","","JCRT","","","","","","Whitestone Foundation","","","","","","","","","","","","","Law; United States; Ten commandments; 1901-1981; Jacques; Lacan; Psychoanalysis and religion; Revelation on Sinai","","","","","","","","","","","","","","","","","","","","","","","","","","","","","","","","","","","","","","","","","","","","","","",""
"E45GFVDP","journalArticle","2000","Lupton, Julia Reinhard","Religion and psychoanalysis: three fundamental concepts","Journal for Cultural & Religious Theory","","1530-5228","","https://research.ebsco.com/plink/d50f8891-7f35-3e91-8506-4502725937a7","","2000","2026-02-05 01:58:02","2026-02-05 02:12:45","","null-null","","1","2","","JCRT","","","","","","Whitestone Foundation","","","","","","","","","","","","","God and human beings; 1901-1981; Jacques; Lacan; Psychoanalysis and religion; Franz; Creation – History of doctrines; 1856-1939; Freud; Sigmund; 1886-1929; Rosenzweig; Revelation on Sinai; Redemption – Comparative studies","","","","","","","","","","","","","","","","","","","","","","","","","","","","","","","","","","","","","","","","","","","","","","",""
"7WFDLWCU","journalArticle","2000","Raschke, Carl A","Para/theology: the study of religion and the science of the negative","Journal for Cultural & Religious Theory","","1530-5228","","https://research.ebsco.com/plink/866dde86-28c7-3dd9-baf4-7f708c99d49e","","2000","2026-02-05 01:58:02","2026-02-05 02:12:45","","null-null","","1","2","","JCRT","","","","","","Whitestone Foundation","","","","","","","","","","","","","Apophatic theology; Language and religion; Postmodernism; Methodology; Taylor; Religions (Study and teaching); Other (Philosophy); Jacques; 1930-2004; Derrida; 1945-; Mark C","","","","","","","","","","","","","","","","","","","","","","","","","","","","","","","","","","","","","","","","","","","","","","",""
"ZV9F5HCC","journalArticle","2000","Taylor, Christopher M; Taylor, Christopher M","Artist's statement","Journal for Cultural & Religious Theory","","1530-5228","","https://research.ebsco.com/plink/72a27ac5-7377-38a1-84c5-847b35e7303f","","2000","2026-02-05 01:58:02","2026-02-05 02:12:45","","null-null","","1","2","","JCRT","","","","","","Whitestone Foundation","","","","","","","","","","","","","Art – Philosophy; Exhibitions; Slides","","","","","","","","","","","","","","","","","","","","","","","","","","","","","","","","","","","","","","","","","","","","","","",""
"7TDIAG8M","journalArticle","2000","Lambert, Gregg","Redemption: Lacan avec Marx","Journal for Cultural & Religious Theory","","1530-5228","","https://research.ebsco.com/plink/1e182e32-b4b2-38d7-a478-77bf4d2a903f","","2000","2026-02-05 01:58:02","2026-02-05 02:12:45","","null-null","","1","2","","JCRT","","","","","","Whitestone Foundation","","","","","","","","","","","","","Ethics; Redemption; 1957-; Karl; 1901-1981; Jacques; Lacan; Time – Philosophy; 1818-1883; Marx; 1963-; Julia Reinhard; Lupton; Capital; Kenneth; Reinhard; Sabbath","","","","","","","","","","","","","","","","","","","","","","","","","","","","","","","","","","","","","","","","","","","","","","",""
"SE4AJWY3","journalArticle","2000","Halpern, Richard","Creation: Lacan in Kansas","Journal for Cultural & Religious Theory","","1530-5228","","https://research.ebsco.com/plink/ff9ae0ac-b4be-3b55-847d-463ca98b4ff7","","2000","2026-02-05 01:58:02","2026-02-05 02:12:45","","null-null","","1","2","","JCRT","","","","","","Whitestone Foundation","","","","","","","","","","","","","Religion; Creationism; Creation; 1901-1981; Jacques; Lacan; Psychoanalysis and religion; Kansas","","","","","","","","","","","","","","","","","","","","","","","","","","","","","","","","","","","","","","","","","","","","","","",""
"4755X4LT","journalArticle","2000","Sugimoto, Michael Tadashi","The scandal of the evangelical mind","Journal for Cultural & Religious Theory","","1530-5228","","https://research.ebsco.com/plink/f246865f-0c5d-35e9-840f-15d1f8a8cceb","","2000","2026-02-05 01:58:02","2026-02-05 02:12:45","","null-null","","1","2","","JCRT","","","","","","Whitestone Foundation","","","","","","","","","","","","","","","","","","","","","","","","","","","","","","","","","","","","","","","","","","","","","","","","","","","","","","","","","","","",""
"5AZTJZQ6","journalArticle","2000","Ochs, Peter","Idolatry and representation: the philosophy of Franz Rosenzweig reconsidered","Journal for Cultural & Religious Theory","","1530-5228","","https://research.ebsco.com/plink/4d15d5dc-d662-36ab-931b-b6d8fab61c37","","2000","2026-02-05 01:58:02","2026-02-05 02:12:45","","null-null","","1","2","","JCRT","","","","","","Whitestone Foundation","","","","","","","","","","","","","","","","","","","","","","","","","","","","","","","","","","","","","","","","","","","","","","","","","","","","","","","","","","","",""
"44WZ4V9C","journalArticle","2000","Reinhard, Kenneth; Lupton, Julia Reinhard","Revelation: Lacan and the Ten Commandments","Journal for Cultural & Religious Theory","","1530-5228","","https://research.ebsco.com/plink/1c77b26a-74a1-371c-b7a2-cf4a29557344","","2000","2026-02-05 01:58:03","2026-02-05 02:12:45","","null-null","","1","2","","JCRT","","","","","","Whitestone Foundation","","","","","","","","","","","","","Law; United States; Ten commandments; 1901-1981; Jacques; Lacan; Psychoanalysis and religion; Revelation on Sinai","","","","","","","","","","","","","","","","","","","","","","","","","","","","","","","","","","","","","","","","","","","","","","",""
"P7JPAPLM","journalArticle","2001","Tatusko, Andrew","The theological challenge of cyberspace and the logic of simulation","Journal for Cultural & Religious Theory","","1530-5228","","https://research.ebsco.com/plink/fa4342d4-eaf0-304d-b572-6fe65561ea4e","","2001","2026-02-05 01:58:03","2026-02-05 02:12:45","","null-null","","2","2","","JCRT","","","","","","Whitestone Foundation","","","","","","","","","","","","","Postmodernism; Self (Philosophy); Technology and civilization; Community and religion; 1931-1994; Debord; Guy; Virtual reality; 1929-2007; Baudrillard; Jean; Representation (Philosophy); Sherry; Technology and religion; Turkle; VirtualChurch.org","","","","","","","","","","","","","","","","","","","","","","","","","","","","","","","","","","","","","","","","","","","","","","",""
"PMX7SSSY","journalArticle","2000","Lupton, Julia Reinhard","Religion and psychoanalysis: three fundamental concepts","Journal for Cultural & Religious Theory","","1530-5228","","https://research.ebsco.com/plink/d50f8891-7f35-3e91-8506-4502725937a7","","2000","2026-02-05 01:58:03","2026-02-05 02:12:45","","null-null","","1","2","","JCRT","","","","","","Whitestone Foundation","","","","","","","","","","","","","God and human beings; 1901-1981; Jacques; Lacan; Psychoanalysis and religion; Franz; Creation – History of doctrines; 1856-1939; Freud; Sigmund; 1886-1929; Rosenzweig; Revelation on Sinai; Redemption – Comparative studies","","","","","","","","","","","","","","","","","","","","","","","","","","","","","","","","","","","","","","","","","","","","","","",""
"9ZBL9IDF","journalArticle","2001","Magee, Neal","Heidegger, religion, and the transience of digital memory","Journal for Cultural & Religious Theory","","1530-5228","","https://research.ebsco.com/plink/bc62badf-b77f-3549-a8a6-9aa61db30bee","","2001","2026-02-05 01:58:03","2026-02-05 02:12:45","","null-null","","3","2","","JCRT","","","","","","Whitestone Foundation","","","","","","","","","","","","","Philosophical theology; Memory; Knowledge; Theory of; 1889-1976; Heidegger; Martin; God – Hiddenness; Information networks","","","","","","","","","","","","","","","","","","","","","","","","","","","","","","","","","","","","","","","","","","","","","","",""
"262F4TNN","journalArticle","2001","Taylor, Mark C; Raschke, Carl A","About About religion: a conversation with Mark C. Taylor","Journal for Cultural & Religious Theory","","1530-5228","","https://research.ebsco.com/plink/27b46958-f5e9-311e-bb38-36ff8360c1c5","","2001","2026-02-05 01:58:04","2026-02-05 02:12:45","","null-null","","2","2","","JCRT","","","","","","Whitestone Foundation","","","","","","","","","","","","","Language and religion; Semiotics; Ontology; Postmodernism; The; Holy; Theory (Philosophy)","","","","","","","","","","","","","","","","","","","","","","","","","","","","","","","","","","","","","","","","","","","","","","",""
"BXNV65SG","journalArticle","2001","Gooch, Todd A","The epistemic status of value-cognition in Max Scheler's philosophy of religion","Journal for Cultural & Religious Theory","","1530-5228","","https://research.ebsco.com/plink/66c1e160-d5db-3064-816b-b0947f4101cd","","2001","2026-02-05 01:58:04","2026-02-05 02:12:45","","null-null","","1","3","","JCRT","","","","","","Whitestone Foundation","","","","","","","","","","","","","Ethics; Emotions; Consciousness; Religion – Philosophy; Knowledge; Act (Philosophy); 1874-1928; Max; Phenomenology; Scheler; Theory of (Religion)","","","","","","","","","","","","","","","","","","","","","","","","","","","","","","","","","","","","","","","","","","","","","","",""
"8SQ6MF95","journalArticle","2000","Raschke, Carl A","Para/theology: the study of religion and the science of the negative","Journal for Cultural & Religious Theory","","1530-5228","","https://research.ebsco.com/plink/866dde86-28c7-3dd9-baf4-7f708c99d49e","","2000","2026-02-05 01:58:04","2026-02-05 02:12:45","","null-null","","1","2","","JCRT","","","","","","Whitestone Foundation","","","","","","","","","","","","","Apophatic theology; Language and religion; Postmodernism; Methodology; Taylor; Religions (Study and teaching); Other (Philosophy); Jacques; 1930-2004; Derrida; 1945-; Mark C","","","","","","","","","","","","","","","","","","","","","","","","","","","","","","","","","","","","","","","","","","","","","","",""
"2AB8E6SU","journalArticle","2002","Caputo, John D; Raschke, Carl A","Loosening philosophy's tongue: a conversation with Jack Caputo","Journal for Cultural & Religious Theory","","1530-5228","","https://research.ebsco.com/plink/377144b7-7f26-34ed-b02b-4125b148b833","","2002","2026-02-05 01:58:04","2026-02-05 02:12:45","","null-null","","2","3","","JCRT","","","","","","Whitestone Foundation","","","","","","","","","","","","","Deconstruction (Criticism); Kingdom of God; Postmodernism; Taylor; Jacques; Religion – Philosophy; 1930-2004; Derrida; 1889-1976; Heidegger; Martin; 1813-1855; Kierkegaard; Søren; Phenomenology; Theology – Methodology; 1945-; Mark C","","","","","","","","","","","","","","","","","","","","","","","","","","","","","","","","","","","","","","","","","","","","","","",""
"N6YB3DPW","journalArticle","2001","McCullough, Lissa","Jean Baudrillard and the death of God","Journal for Cultural & Religious Theory","","1530-5228","","https://research.ebsco.com/plink/cfc2e44a-8e84-3d27-aafb-e9fb7547c349","","2001","2026-02-05 01:58:05","2026-02-05 02:12:45","","null-null","","3","2","","JCRT","","","","","","Whitestone Foundation","","","","","","","","","","","","","Death of God (Philosophy); Image of God; Christianity; Knowledge; Theory of; Time in religion; 1929-2007; Baudrillard; Jean; Representation (Theology)","","","","","","","","","","","","","","","","","","","","","","","","","","","","","","","","","","","","","","","","","","","","","","",""
"6VH59VU4","journalArticle","2002","Iyer, Lars","The city and the stars: politics and alterity in Heidegger, Levinas and Blanchot","Journal for Cultural & Religious Theory","","1530-5228","","https://research.ebsco.com/plink/a754fc9d-5ee5-31c2-987f-73c662e0751d","","2002","2026-02-05 01:58:05","2026-02-05 02:12:45","","null-null","","3","3","","JCRT","","","","","","Whitestone Foundation","","","","","","","","","","","","","Authority; Philosophy; Other (Philosophy); Greek; 1906-1995; Emmanuel; Lévinas; 1889-1976; Heidegger; Martin; Friedrich; Maurice; 1907-2003; Blanchot; 1770-1843; Hölderlin; Political science","","","","","","","","","","","","","","","","","","","","","","","","","","","","","","","","","","","","","","","","","","","","","","",""
"KZHAGAXI","journalArticle","2001","Majer, Gerald","On contagions: Leviticus and the fascination of the abomination","Journal for Cultural & Religious Theory","","1530-5228","","https://research.ebsco.com/plink/e6b1f2a4-4452-314e-9089-0ee4801b50ae","","2001","2026-02-05 01:58:05","2026-02-05 02:12:45","","null-null","","2","2","","JCRT","","","","","","Whitestone Foundation","","","","","","","","","","","","","Criticism; Bible. Leviticus; etc.; interpretation; Paul; Jean-Luc; 1913-2005; Ricoeur; 1921-2007; 1940-2021; Communication – Theory; Douglas; Mary; Nancy; Purity; Ritual – Biblical teaching; Sacrifice – Biblical teaching","","","","","","","","","","","","","","","","","","","","","","","","","","","","","","","","","","","","","","","","","","","","","","",""
"5ZWZ2D7Q","journalArticle","2002","Egginton, William","The christianization of deconstruction","Journal for Cultural & Religious Theory","","1530-5228","","https://research.ebsco.com/plink/0b7ab79b-73c5-30a0-9363-1746033dd021","","2002","2026-02-05 01:58:05","2026-02-05 02:12:45","","null-null","","1","4","","JCRT","","","","","","Whitestone Foundation","","","","","","","","","","","","","Criticism; Deconstruction (Criticism); Philosophy and Christianity; Christianity; Desire and religion; etc.; interpretation; 1813-1855; Kierkegaard; Søren; Bible. Genesis; Ethics – Methodology; Sacrifice – Biblical teaching; Christianity – Essence; Sin – Biblical teaching","","","","","","","","","","","","","","","","","","","","","","","","","","","","","","","","","","","","","","","","","","","","","","",""
"PU24EI27","journalArticle","2001","Stone, Lora","'Misrecognition of the Limits': Bourdieu's religious capital and social transformation","Journal for Cultural & Religious Theory","","1530-5228","","https://research.ebsco.com/plink/5ae0a9b2-8c8c-321a-81bc-8c40041ed079","","2001","2026-02-05 01:58:05","2026-02-05 02:12:45","","null-null","","1","3","","JCRT","","","","","","Whitestone Foundation","","","","","","","","","","","","","Religion and sociology; Institutionalism (Religion); Ordination of women; Social change; Religion and politics; Social movements; 1930-2002; Bourdieu; Pierre","","","","","","","","","","","","","","","","","","","","","","","","","","","","","","","","","","","","","","","","","","","","","","",""
"NQKJIBNN","journalArticle","2003","Saper, Craig J","Of spectacularization: writing new media theory","Journal for Cultural & Religious Theory","","1530-5228","","https://research.ebsco.com/plink/0bdfea47-b66c-3838-a910-a268d4c64c6c","","2003","2026-02-05 01:58:05","2026-02-05 02:12:45","","null-null","","2","4","","JCRT","","","","","","Whitestone Foundation","","","","","","","","","","","","","Postmodernism; Critical theory; The; Spectacular; Communication – Theory; Film criticism; Social control; Theory","","","","","","","","","","","","","","","","","","","","","","","","","","","","","","","","","","","","","","","","","","","","","","",""
"LF8IGIA2","journalArticle","2000","Taylor, Christopher M; Taylor, Christopher M","Artist's statement","Journal for Cultural & Religious Theory","","1530-5228","","https://research.ebsco.com/plink/72a27ac5-7377-38a1-84c5-847b35e7303f","","2000","2026-02-05 01:58:05","2026-02-05 02:12:45","","null-null","","1","2","","JCRT","","","","","","Whitestone Foundation","","","","","","","","","","","","","Art – Philosophy; Exhibitions; Slides","","","","","","","","","","","","","","","","","","","","","","","","","","","","","","","","","","","","","","","","","","","","","","",""
"K2P9LHWJ","journalArticle","2003","Azari, Nina P","Georges Bataille: a theoretical resource for scientific investigation of religious experience","Journal for Cultural & Religious Theory","","1530-5228","","https://research.ebsco.com/plink/a9f4bdf4-4837-36b4-8f29-45a0be93f702","","2003","2026-02-05 01:58:05","2026-02-05 02:12:45","","null-null","","3","4","","JCRT","","","","","","Whitestone Foundation","","","","","","","","","","","","","Experience (Religion); Postmodernism; Methodology; Religions (Study and teaching); Self (Philosophy); Georges; Neurosciences; 1897-1962; Bataille","","","","","","","","","","","","","","","","","","","","","","","","","","","","","","","","","","","","","","","","","","","","","","",""
"MWKDYS7P","journalArticle","2002","","Winquist, Charles E, 1944-2002","Journal for Cultural & Religious Theory","","1530-5228","","https://research.ebsco.com/plink/8a0ca831-f6fd-37fe-8e0b-3416732e9685","","2002","2026-02-05 01:58:05","2026-02-05 02:12:45","","null-null","","2","3","","JCRT","","","","","","Whitestone Foundation","","","","","","","","","","","","","1944-2002; Charles E; Death notices; Winquist","","","","","","","","","","","","","","","","","","","","","","","","","","","","","","","","","","","","","","","","","","","","","","",""
"KKWEWYXC","journalArticle","2001","Cha, John Y","Language, conceptualization and awakening: on the paradox of discourse in classical Indian Yogacara","Journal for Cultural & Religious Theory","","1530-5228","","https://research.ebsco.com/plink/751a301e-5222-3fe7-a1e5-cd054f56c730","","2001","2026-02-05 01:58:05","2026-02-05 02:12:45","","null-null","","3","2","","JCRT","","","","","","Whitestone Foundation","","","","","","","","","","","","","Language and religion; Ontology; Knowledge; Theory of (Religion); Ineffability; Buddhism – Doctrine; Buddhism – Sacred books; Yogācāra (Buddhist school)","","","","","","","","","","","","","","","","","","","","","","","","","","","","","","","","","","","","","","","","","","","","","","",""
"TCRQY28S","journalArticle","2002","Rashkover, Randi","The semiotics of embodiment: Radical Orthodoxy and Jewish-Christian relations","Journal for Cultural & Religious Theory","","1530-5228","","https://research.ebsco.com/plink/05e7f90b-511e-3a97-86d9-6225654bcf30","","2002","2026-02-05 01:58:05","2026-02-05 02:12:45","","null-null","","3","3","","JCRT","","","","","","Whitestone Foundation","","","","","","","","","","","","","Semiotics; Christians; Christianity; Jews; Judaism; Human body in religion; 1955-; Torah – Commentaries; Narrative theology; Community and religion; Radical Orthodoxy (Movement); Desire – Religious aspects – Comparative studies; Graham; Interreligious relations; Jesus Christ – Incarnation; Ward","","","","","","","","","","","","","","","","","","","","","","","","","","","","","","","","","","","","","","","","","","","","","","",""
"PTUDP8RK","journalArticle","2001","Arnold, Philip P","Diversity in the history of religions","Journal for Cultural & Religious Theory","","1530-5228","","https://research.ebsco.com/plink/3df5c63d-a081-31a7-ae76-d53853529168","","2001","2026-02-05 01:58:05","2026-02-05 02:12:45","","null-null","","2","2","","JCRT","","","","","","Whitestone Foundation","","","","","","","","","","","","","Language and religion; Religious pluralism; Indigenous peoples of North America; 1907-1986; Éliade; Mircéa; Aztecs – Religion; Elling; Kurt; Onondaga (North American people); Religionsgeschichtliche Schule","","","","","","","","","","","","","","","","","","","","","","","","","","","","","","","","","","","","","","","","","","","","","","",""
"KQ9AYCH2","journalArticle","2002","Kosky, Jeffrey L","Iconic revisions of the modern world picture","Journal for Cultural & Religious Theory","","1530-5228","","https://research.ebsco.com/plink/ae1f2186-f486-33c4-ad2c-3fdd8f563da9","","2002","2026-02-05 01:58:05","2026-02-05 02:12:45","","null-null","","1","4","","JCRT","","","","","","Whitestone Foundation","","","","","","","","","","","","","Philosophical anthropology; Self (Philosophy); Technology and civilization; Art – Philosophy; 1892-1940; Benjamin; Walter; 1889-1976; Heidegger; Martin; Idols and images; Representation (Theology); 1401-1464; Cardinal; Nicholas; of Cusa","","","","","","","","","","","","","","","","","","","","","","","","","","","","","","","","","","","","","","","","","","","","","","",""
"P2EYMVM8","journalArticle","2001","Keuss, Jeffrey F","Différance that comes as one unknown: christology after Derrida's 'Structure, sign, and play in the discourse of the human sciences'","Journal for Cultural & Religious Theory","","1530-5228","","https://research.ebsco.com/plink/84c7c023-6153-3cdc-a44d-36d9f57a524d","","2001","2026-02-05 01:58:06","2026-02-05 02:12:45","","null-null","","1","3","","JCRT","","","","","","Whitestone Foundation","","","","","","","","","","","","","Theology; Bible. Gospels; Criticism; Deconstruction (Criticism); Poetics; 2000; etc.; interpretation; Difference (Philosophy); Jacques; 1930-2004; Derrida; Doctrinal – Methodology; Jesus Christ – History of doctrines; Structuralism","","","","","","","","","","","","","","","","","","","","","","","","","","","","","","","","","","","","","","","","","","","","","","",""
"J8PQTTYT","journalArticle","2003","Nichols, Stephen G","Laughter as gesture: hilarity and the anti-sublime","Journal for Cultural & Religious Theory","","1530-5228","","https://research.ebsco.com/plink/e9f5f3f5-2c54-3348-bec0-60b2b2ce7fad","","2003","2026-02-05 01:58:06","2026-02-05 02:12:45","","null-null","","2","4","","JCRT","","","","","","Whitestone Foundation","","","","","","","","","","","","","Self (Philosophy); Body; Human (Philosophy); Language and languages – Philosophy; Max; 1902-1944; Gesture; Kommerell; Laughter; Wit and humor","","","","","","","","","","","","","","","","","","","","","","","","","","","","","","","","","","","","","","","","","","","","","","",""
"2HBNGPIM","journalArticle","2000","Lambert, Gregg","Redemption: Lacan avec Marx","Journal for Cultural & Religious Theory","","1530-5228","","https://research.ebsco.com/plink/1e182e32-b4b2-38d7-a478-77bf4d2a903f","","2000","2026-02-05 01:58:06","2026-02-05 02:12:45","","null-null","","1","2","","JCRT","","","","","","Whitestone Foundation","","","","","","","","","","","","","Ethics; Redemption; 1957-; Karl; 1901-1981; Jacques; Lacan; Time – Philosophy; 1818-1883; Marx; 1963-; Julia Reinhard; Lupton; Capital; Kenneth; Reinhard; Sabbath","","","","","","","","","","","","","","","","","","","","","","","","","","","","","","","","","","","","","","","","","","","","","","",""
"JHEC8MQR","journalArticle","2003","York, Jonathan David","Flesh and consciousness: Georges Bataille and the Dionysian","Journal for Cultural & Religious Theory","","1530-5228","","https://research.ebsco.com/plink/6dddfccb-5480-370e-9f28-3ec07c0539c3","","2003","2026-02-05 01:58:06","2026-02-05 02:12:45","","null-null","","3","4","","JCRT","","","","","","Whitestone Foundation","","","","","","","","","","","","","Experience (Religion); Materialism; Gnosticism; Spirit; Consciousness; Human body in religion; 1844-1900; Friedrich Wilhelm; Nietzsche; 1770-1831; Georg Wilhelm Friedrich; Hegel; Georges; 1897-1962; Bataille","","","","","","","","","","","","","","","","","","","","","","","","","","","","","","","","","","","","","","","","","","","","","","",""
"7R5BDBFU","journalArticle","2002","Katz, Adam","Left traumatized: Zizek's Lenin and politics after 9/11","Journal for Cultural & Religious Theory","","1530-5228","","https://research.ebsco.com/plink/9863f1ce-85f7-3ccf-817a-db5445c996c8","","2002","2026-02-05 01:58:06","2026-02-05 02:12:45","","null-null","","2","3","","JCRT","","","","","","Whitestone Foundation","","","","","","","","","","","","","Postmodernism; Universalism; Self (Philosophy); 1949-; Slavoj; Žižek; Abraham; 2001; September 11 Terrorist Attacks; Right and left (Political science); 1809-1865; 1870-1924; Lenin; Lincoln; Vladimir Ilʼich","","","","","","","","","","","","","","","","","","","","","","","","","","","","","","","","","","","","","","","","","","","","","","",""
"Q6H67H77","journalArticle","2001","Ronan, Marian","Blessed are they who mourn: Roman Catholic sex/gender ideology after Vatican II","Journal for Cultural & Religious Theory","","1530-5228","","https://research.ebsco.com/plink/d17d59a1-4feb-3e62-9845-ad9e0bfbeb74","","2001","2026-02-05 01:58:06","2026-02-05 02:12:45","","null-null","","3","2","","JCRT","","","","","","Whitestone Foundation","","","","","","","","","","","","","1900-1999; Freedom of religion; Vatican Council (2nd : 1962-1965); History; Christianity; Catholic Church; Psychoanalysis and religion; Sex and religion; Pope; 1955-; Eric L; Santner; Mary; 1792-1878; Blessed; Blessed Virgin; Catholics – Identity; Constitutio pastoralis de ecclesia in mundo huius temporis (Vatican Council); IX; Modernism – Catholic Church; Mourning; Pius; Pope (1963-1978 : Paul VI). – Humanae vitae; Saint – History of doctrines","","","","","","","","","","","","","","","","","","","","","","","","","","","","","","","","","","","","","","","","","","","","","","",""
"U9SUMBFI","journalArticle","2002","Crockett, Clayton","Taking shape: on the current constellation of (religious) thought","Journal for Cultural & Religious Theory","","1530-5228","","https://research.ebsco.com/plink/69b24031-30f6-30df-813f-755a287b6ca5","","2002","2026-02-05 01:58:06","2026-02-05 02:12:45","","null-null","","3","3","","JCRT","","","","","","Whitestone Foundation","","","","","","","","","","","","","Institutionalism (Religion); Philosophical theology; Ethics; Postmodernism; Culture – Philosophy; Jacques; 1906-1995; Emmanuel; Lévinas; Knowledge; 1930-2004; Derrida; 1724-1804; Immanuel; Kant; Theory of (Religion)","","","","","","","","","","","","","","","","","","","","","","","","","","","","","","","","","","","","","","","","","","","","","","",""
"CVH2LWT2","journalArticle","2003","Hale, David","Writing: the transgression of religion","Journal for Cultural & Religious Theory","","1530-5228","","https://research.ebsco.com/plink/8fcde0e6-74be-32bc-98fa-1a2970b2fbe7","","2003","2026-02-05 01:58:06","2026-02-05 02:12:45","","null-null","","1","5","","JCRT","","","","","","Whitestone Foundation","","","","","","","","","","","","","Death of God (Philosophy); Writing; Philosophy and religion; Metaphor; Methodology; Difference (Philosophy); Religions (Study and teaching); 1844-1900; Friedrich Wilhelm; Nietzsche; Jacques; 1930-2004; Derrida; Language and languages – Philosophy; 1813-1855; Kierkegaard; Søren; 1925-1995; Deleuze; Gilles; 1724-1804; Immanuel; Kant; Immanence (Philosophy); Representation (Philosophy); Christianity – Essence; Religion – Definition","","","","","","","","","","","","","","","","","","","","","","","","","","","","","","","","","","","","","","","","","","","","","","",""
"UKRG8PDB","journalArticle","2001","Taylor, Victor E","The metaphysics of indeterminacy: postmodern religious theory and the ruin of referentiality","Journal for Cultural & Religious Theory","","1530-5228","","https://research.ebsco.com/plink/c05dd00a-c251-3f6b-9f90-6aa7bf2e9ffd","","2001","2026-02-05 01:58:06","2026-02-05 02:12:45","","null-null","","2","2","","JCRT","","","","","","Whitestone Foundation","","","","","","","","","","","","","Ontology; Difference (Philosophy); Knowledge; Thomas; 1925-1995; Deleuze; Gilles; Paul; Theory of (Religion); 1605-1682; 1879-1940; Browne; Klee; Sir","","","","","","","","","","","","","","","","","","","","","","","","","","","","","","","","","","","","","","","","","","","","","","",""
"6HKYLH99","journalArticle","2004","Robbins, Jeffrey W","Weak theology","Journal for Cultural & Religious Theory","","1530-5228","","https://research.ebsco.com/plink/9a974c9e-d33f-30a5-bc72-44441cdcdb49","","2004","2026-02-05 01:58:06","2026-02-05 02:12:45","","null-null","","2","5","","JCRT","","","","","","Whitestone Foundation","","","","","","","","","","","","","Theology; Secularization (Theology); Religion and culture; 1900; Theology – Methodology","","","","","","","","","","","","","","","","","","","","","","","","","","","","","","","","","","","","","","","","","","","","","","",""
"B8L5VXZ2","journalArticle","2002","Bennett-Carpenter, Benjamin","Quoting Mieke Bal's navel: contemporary theory, preposterous religion","Journal for Cultural & Religious Theory","","1530-5228","","https://research.ebsco.com/plink/f3795dae-0242-3b5d-a7f1-e7ec04478919","","2002","2026-02-05 01:58:06","2026-02-05 02:12:45","","null-null","","1","4","","JCRT","","","","","","Whitestone Foundation","","","","","","","","","","","","","Art – Philosophy; Body; Human (Philosophy); Jacques; Religion – Philosophy; 1930-2004; Derrida; Language and languages – Philosophy; Phenomenology; 1946-; Representation (Philosophy); Bal; Mieke; Navel; Quotations","","","","","","","","","","","","","","","","","","","","","","","","","","","","","","","","","","","","","","","","","","","","","","",""
"9Y9Q3W29","journalArticle","2001","Raschke, Carl A","The deposition of the sign: postmodernism and the crisis of religious studies","Journal for Cultural & Religious Theory","","1530-5228","","https://research.ebsco.com/plink/9188f244-0cd2-33c9-9431-c7049c96b59f","","2001","2026-02-05 01:58:06","2026-02-05 02:12:45","","null-null","","1","3","","JCRT","","","","","","Whitestone Foundation","","","","","","","","","","","","","Semiotics; Postmodernism; Methodology; Religions (Study and teaching); Phenomenology; 1859-1938; Edmund; Husserl; Philosophy – Terminology; Theology (Study and teaching); Theology – Terminology","","","","","","","","","","","","","","","","","","","","","","","","","","","","","","","","","","","","","","","","","","","","","","",""
"ARQ36A73","journalArticle","2003","Taylor, Victor E; Lambert, Gregg","The Future of theory","Journal for Cultural & Religious Theory","","1530-5228","","https://research.ebsco.com/plink/79d58f06-f709-34c3-8b88-fb17117c4da1","","2003","2026-02-05 01:58:06","2026-02-05 02:12:45","","null-null","","2","4","","JCRT","","","","","","Whitestone Foundation","","","","","","","","","","","","","Postmodernism; Theory","","","","","","","","","","","","","","","","","","","","","","","","","","","","","","","","","","","","","","","","","","","","","","",""
"C2IIHVS2","journalArticle","2000","Halpern, Richard","Creation: Lacan in Kansas","Journal for Cultural & Religious Theory","","1530-5228","","https://research.ebsco.com/plink/ff9ae0ac-b4be-3b55-847d-463ca98b4ff7","","2000","2026-02-05 01:58:06","2026-02-05 02:12:45","","null-null","","1","2","","JCRT","","","","","","Whitestone Foundation","","","","","","","","","","","","","Religion; Creationism; Creation; 1901-1981; Jacques; Lacan; Psychoanalysis and religion; Kansas","","","","","","","","","","","","","","","","","","","","","","","","","","","","","","","","","","","","","","","","","","","","","","",""
"X9BQR848","journalArticle","2003","Caputo, John D","Without sovereignty, without being: unconditionality, the coming of God and Derrida's democracy to come","Journal for Cultural & Religious Theory","","1530-5228","","https://research.ebsco.com/plink/5209e1e2-1a99-3754-8a4e-1576934378f6","","2003","2026-02-05 01:58:06","2026-02-05 02:12:45","","null-null","","3","4","","JCRT","","","","","","Whitestone Foundation","","","","","","","","","","","","","Secularism; Future; Sovereignty; Political science – Philosophy; Jacques; The; 1930-2004; Derrida; Theology – Methodology; Hospitality; God – Sovereignty; Power (Philosophy); Democracy and religion; 2001; September 11 Terrorist Attacks; Promise (Theology)","","","","","","","","","","","","","","","","","","","","","","","","","","","","","","","","","","","","","","","","","","","","","","",""
"ZTX6XFGU","journalArticle","2002","Metcalf, Robert","The word of Freud: our god is logos","Journal for Cultural & Religious Theory","","1530-5228","","https://research.ebsco.com/plink/daecef94-79d2-3af5-a3c5-02b527ba0030","","2002","2026-02-05 01:58:06","2026-02-05 02:12:45","","null-null","","2","3","","JCRT","","","","","","Whitestone Foundation","","","","","","","","","","","","","Logos; Rationalism; Religion and culture; Religion and science; Psychoanalysis and religion; 1856-1939; Freud; Sigmund","","","","","","","","","","","","","","","","","","","","","","","","","","","","","","","","","","","","","","","","","","","","","","",""
"QYCR2PQH","journalArticle","2001","Weiss, Dennis M","A. I: Artificial intelligence","Journal for Cultural & Religious Theory","","1530-5228","","https://research.ebsco.com/plink/87b88223-be40-3ad3-adb5-33a5bc59be2f","","2001","2026-02-05 01:58:06","2026-02-05 02:12:45","","null-null","","3","2","","JCRT","","","","","","Whitestone Foundation","","","","","","","","","","","","","","","","","","","","","","","","","","","","","","","","","","","","","","","","","","","","","","","","","","","","","","","","","","","",""
"VGSHGSIM","journalArticle","2002","Putt, B Keith","The benefit of the doubt: Merold Westphal's prophetic philosophy of religion","Journal for Cultural & Religious Theory","","1530-5228","","https://research.ebsco.com/plink/3e1343c3-301e-371b-aa24-acff588cd75b","","2002","2026-02-05 01:58:06","2026-02-05 02:12:45","","null-null","","3","3","","JCRT","","","","","","Whitestone Foundation","","","","","","","","","","","","","Belief and doubt; Postmodernism; Religion – Philosophy; Knowledge; Phenomenology; Paul; 1913-2005; Theory of (Religion); Ricoeur; 1888-1965; Eliot; Merold; T S (Thomas Stearns); Westphal","","","","","","","","","","","","","","","","","","","","","","","","","","","","","","","","","","","","","","","","","","","","","","",""
"ID52BWVC","journalArticle","2003","Juschka, Darlene M","The writing of ethnography: magical realism and Michael Taussig","Journal for Cultural & Religious Theory","","1530-5228","","https://research.ebsco.com/plink/cf9cb4c3-917f-3a7b-afe9-e53ffc064fd4","","2003","2026-02-05 01:58:06","2026-02-05 02:12:45","","null-null","","1","5","","JCRT","","","","","","Whitestone Foundation","","","","","","","","","","","","","Feminism; Postmodernism; Other (Philosophy); Self (Philosophy); Knowledge; Theory of; 1940-; Literary; Style; Poststructuralism; Binary principle (Linguistics); Ethnology – Methodology; Magic realism (Literature); Michael T; Taussig","","","","","","","","","","","","","","","","","","","","","","","","","","","","","","","","","","","","","","","","","","","","","","",""
"5HTKZJCA","journalArticle","2001","Elias, Camelia","Ekphrastic plastic fragments: Mark C. Taylor in and out of context","Journal for Cultural & Religious Theory","","1530-5228","","https://research.ebsco.com/plink/6df9bbd3-ed76-3a88-b1f6-65c231b4d370","","2001","2026-02-05 01:58:06","2026-02-05 02:12:45","","null-null","","2","2","","JCRT","","","","","","Whitestone Foundation","","","","","","","","","","","","","Deconstruction (Criticism); Taylor; Literary; Style; 1945-; Mark C; Representation (Theology); Form (Philosophy); Krieger; Murray","","","","","","","","","","","","","","","","","","","","","","","","","","","","","","","","","","","","","","","","","","","","","","",""
"4RZXH9X3","journalArticle","2004","Taylor, Victor E","Theory fever: archivalism and the future of religious studies","Journal for Cultural & Religious Theory","","1530-5228","","https://research.ebsco.com/plink/5284d6c3-b26d-3e3a-b220-4574585862e5","","2004","2026-02-05 01:58:06","2026-02-05 02:12:45","","null-null","","2","5","","JCRT","","","","","","Whitestone Foundation","","","","","","","","","","","","","Postmodernism; Archives; Methodology; Jacques; 1930-2004; Derrida; Religion (Study and teaching); 1856-1939; Freud; Sigmund; Theory","","","","","","","","","","","","","","","","","","","","","","","","","","","","","","","","","","","","","","","","","","","","","","",""
"5N27AYDH","journalArticle","2002","Lokensgard, Ken","The matter of responsibility: Derrida and gifting across cultures","Journal for Cultural & Religious Theory","","1530-5228","","https://research.ebsco.com/plink/abeb43be-2069-3e25-900f-98787b663d3d","","2002","2026-02-05 01:58:06","2026-02-05 02:12:45","","null-null","","1","4","","JCRT","","","","","","Whitestone Foundation","","","","","","","","","","","","","Exchange theory (Sociology); Cross-cultural studies; Christians; Indigenous peoples of North America; Europe; Economics and religion; Gifts; Jacques; 1930-2004; Derrida; Language and languages – Philosophy; Marcel; 1872-1950; Blackfoot Confederacy (North American people); Comparative economics; Mauss","","","","","","","","","","","","","","","","","","","","","","","","","","","","","","","","","","","","","","","","","","","","","","",""
"RGJHJADC","journalArticle","2001","Dean, William D","The primal roots of American philosophy: pragmatism, phenomenology, and Native American thought","Journal for Cultural & Religious Theory","","1530-5228","","https://research.ebsco.com/plink/c50e997b-884b-33dc-bac5-ff6dfd4c8896","","2001","2026-02-05 01:58:06","2026-02-05 02:12:45","","null-null","","1","3","","JCRT","","","","","","Whitestone Foundation","","","","","","","","","","","","","","","","","","","","","","","","","","","","","","","","","","","","","","","","","","","","","","","","","","","","","","","","","","","",""
"EYUBPKLF","journalArticle","2003","Williams, Jeffrey J","Theory change","Journal for Cultural & Religious Theory","","1530-5228","","https://research.ebsco.com/plink/8ec9f9ce-41b8-3b27-85bb-9bdaa55d2403","","2003","2026-02-05 01:58:06","2026-02-05 02:12:45","","null-null","","2","4","","JCRT","","","","","","Whitestone Foundation","","","","","","","","","","","","","Postmodernism; Intellectual life; Theory; 1922-1996; Criticism – Historiography; Criticism – Methodology; Kuhn; Paradigms; Thomas S","","","","","","","","","","","","","","","","","","","","","","","","","","","","","","","","","","","","","","","","","","","","","","",""
"MH36WJWX","journalArticle","2000","Sugimoto, Michael Tadashi","The scandal of the evangelical mind","Journal for Cultural & Religious Theory","","1530-5228","","https://research.ebsco.com/plink/f246865f-0c5d-35e9-840f-15d1f8a8cceb","","2000","2026-02-05 01:58:06","2026-02-05 02:12:45","","null-null","","1","2","","JCRT","","","","","","Whitestone Foundation","","","","","","","","","","","","","","","","","","","","","","","","","","","","","","","","","","","","","","","","","","","","","","","","","","","","","","","","","","","",""
"D2KNVVTX","journalArticle","2003","Livingston, James C. (James Craig)","Religious pluralism and the question of religious truth in Wilfred C. Smith","Journal for Cultural & Religious Theory","","1530-5228","","https://research.ebsco.com/plink/de207a59-c58d-3c02-9c21-1c6e484fb658","","2003","2026-02-05 01:58:06","2026-02-05 02:12:45","","null-null","","3","4","","JCRT","","","","","","Whitestone Foundation","","","","","","","","","","","","","Transcendence; Tradition; Religious pluralism; Truth; Smith; Religions – Comparative studies; 1916-2000; Theology of religions; Wilfred Cantwell","","","","","","","","","","","","","","","","","","","","","","","","","","","","","","","","","","","","","","","","","","","","","","",""
"IMAUI8YG","journalArticle","2002","Hyman, Gavin","Radical Orthodoxy, ethics and ambivalence","Journal for Cultural & Religious Theory","","1530-5228","","https://research.ebsco.com/plink/d28771b1-a12a-3a04-bdf3-26692094fd28","","2002","2026-02-05 01:58:06","2026-02-05 02:12:45","","null-null","","2","3","","JCRT","","","","","","Whitestone Foundation","","","","","","","","","","","","","Postmodernism; Secularization (Theology); Taylor; Jacques; 1930-2004; Derrida; John; 1946-; Jean-Luc; Marion; 1925-1986; Certeau; Michel de; Milbank; Radical Orthodoxy (Movement); Christian ethics; 1934-2024; Fredric; Jameson; 1945-; Mark C; Ambivalence; Whole and parts (Philosophy)","","","","","","","","","","","","","","","","","","","","","","","","","","","","","","","","","","","","","","","","","","","","","","",""
"FKVXXES5","journalArticle","2001","Takim, Liyakatali","Muslims: their religious beliefs and practices","Journal for Cultural & Religious Theory","","1530-5228","","https://research.ebsco.com/plink/40739ef1-370d-3d8b-9cd6-f98384558edc","","2001","2026-02-05 01:58:06","2026-02-05 02:12:45","","null-null","","3","2","","JCRT","","","","","","Whitestone Foundation","","","","","","","","","","","","","","","","","","","","","","","","","","","","","","","","","","","","","","","","","","","","","","","","","","","","","","","","","","","",""
"KJE8737N","journalArticle","2002","Zerbe, Michael J","Anaximander and the architects: the contributions of Egyptian and Greek architectural technologies to the origins of Greek philosophy","Journal for Cultural & Religious Theory","","1530-5228","","https://research.ebsco.com/plink/5ed0e6c6-4381-391b-9b84-91194f0fa7c9","","2002","2026-02-05 01:58:06","2026-02-05 02:12:45","","null-null","","3","3","","JCRT","","","","","","Whitestone Foundation","","","","","","","","","","","","","","","","","","","","","","","","","","","","","","","","","","","","","","","","","","","","","","","","","","","","","","","","","","","",""
"ACZMP7MQ","journalArticle","2003","Meeks, John L","In the wake of Edward Said","Journal for Cultural & Religious Theory","","1530-5228","","https://research.ebsco.com/plink/e1e8e818-30a3-3cea-a0d7-d869a9c208d2","","2003","2026-02-05 01:58:06","2026-02-05 02:12:45","","null-null","","1","5","","JCRT","","","","","","Whitestone Foundation","","","","","","","","","","","","","Bibliographies; Criticism; Postmodernism; Arab-Israeli conflict; Edward W; Said; Communication – Theory; 1935-2003 – Bibliography","","","","","","","","","","","","","","","","","","","","","","","","","","","","","","","","","","","","","","","","","","","","","","",""
"TAHHJEMP","journalArticle","2001","Altizer, Thomas J J","Absolute nothingness and Taylor's imagology","Journal for Cultural & Religious Theory","","1530-5228","","https://research.ebsco.com/plink/0bd48852-242a-35fe-999f-715304cb259d","","2001","2026-02-05 01:58:06","2026-02-05 02:12:45","","null-null","","2","2","","JCRT","","","","","","Whitestone Foundation","","","","","","","","","","","","","Art and religion; Aesthetics; Taylor; Theology – Methodology; 1945-; Mark C","","","","","","","","","","","","","","","","","","","","","","","","","","","","","","","","","","","","","","","","","","","","","","",""
"M3V4TUKT","journalArticle","2004","Raschke, Carl A","Radical Islam and the spectre of the desert - otherwise, the call of theory","Journal for Cultural & Religious Theory","","1530-5228","","https://research.ebsco.com/plink/0a73b127-c200-3371-be8b-c4b315e73e60","","2004","2026-02-05 01:58:06","2026-02-05 02:12:45","","null-null","","2","5","","JCRT","","","","","","Whitestone Foundation","","","","","","","","","","","","","Postmodernism; Methodology; Religions (Study and teaching); Other (Philosophy); Jacques; 1930-2004; Derrida; Fundamentalism – Islam; Islam and politics; 2001; September 11 Terrorist Attacks; Culture conflict","","","","","","","","","","","","","","","","","","","","","","","","","","","","","","","","","","","","","","","","","","","","","","",""
"3B5MYYAI","journalArticle","2002","Manolopolous, Mark","When Marion's theology seeks certainty","Journal for Cultural & Religious Theory","","1530-5228","","https://research.ebsco.com/plink/22d65ce4-a237-3357-a6e1-a4eb1671db0b","","2002","2026-02-05 01:58:06","2026-02-05 02:12:45","","null-null","","1","4","","JCRT","","","","","","Whitestone Foundation","","","","","","","","","","","","","God (Philosophy); Metaphysics; Deconstruction (Criticism); Orthodoxy; Faith; Ambiguity; Jacques; 1930-2004; Derrida; Caputo; 1946-; Jean-Luc; Marion; 1940-; Theology – Methodology; John D; Cappadocian Fathers; Certainty","","","","","","","","","","","","","","","","","","","","","","","","","","","","","","","","","","","","","","","","","","","","","","",""
"BKLRINBV","journalArticle","2001","MacCammon, Linda M","The just","Journal for Cultural & Religious Theory","","1530-5228","","https://research.ebsco.com/plink/50599f75-c884-33a5-88fe-c19a7f1d4f37","","2001","2026-02-05 01:58:06","2026-02-05 02:12:45","","null-null","","1","3","","JCRT","","","","","","Whitestone Foundation","","","","","","","","","","","","","","","","","","","","","","","","","","","","","","","","","","","","","","","","","","","","","","","","","","","","","","","","","","","",""
"GYN7FMAW","journalArticle","2003","Caputo, John D","After Jacques Derrida comes the future","Journal for Cultural & Religious Theory","","1530-5228","","https://research.ebsco.com/plink/814e8ed3-cb98-3c21-9205-4f785ae3e892","","2003","2026-02-05 01:58:06","2026-02-05 02:12:45","","null-null","","2","4","","JCRT","","","","","","Whitestone Foundation","","","","","","","","","","","","","Deconstruction (Criticism); Future; Philosophy; Jacques; Religion – Philosophy; The; 1930-2004; Derrida; French; Theory","","","","","","","","","","","","","","","","","","","","","","","","","","","","","","","","","","","","","","","","","","","","","","",""
"U3LDMNNR","journalArticle","2000","Ochs, Peter","Idolatry and representation: the philosophy of Franz Rosenzweig reconsidered","Journal for Cultural & Religious Theory","","1530-5228","","https://research.ebsco.com/plink/4d15d5dc-d662-36ab-931b-b6d8fab61c37","","2000","2026-02-05 01:58:06","2026-02-05 02:12:45","","null-null","","1","2","","JCRT","","","","","","Whitestone Foundation","","","","","","","","","","","","","","","","","","","","","","","","","","","","","","","","","","","","","","","","","","","","","","","","","","","","","","","","","","","",""
"ZT4DWXMC","journalArticle","2003","Crockett, Clayton","Piety, power and bare life: what in the world is going on in the name of religion?","Journal for Cultural & Religious Theory","","1530-5228","","https://research.ebsco.com/plink/20d7df6c-207b-3de2-9d77-7d94d8f5d78f","","2003","2026-02-05 01:58:06","2026-02-05 02:12:45","","null-null","","3","4","","JCRT","","","","","","Whitestone Foundation","","","","","","","","","","","","","Philip; Jacques; Religion – Philosophy; Capitalism and religion; 1930-2004; Derrida; Philosophy – Methodology; 1925-1995; Deleuze; Gilles; 1942-; Agamben; Giorgio; Goodchild; Power (Philosophy)","","","","","","","","","","","","","","","","","","","","","","","","","","","","","","","","","","","","","","","","","","","","","","",""
"BSQZJM2L","journalArticle","2002","Taylor, Victor E","Desire and mourning: theology and the literary imagination","Journal for Cultural & Religious Theory","","1530-5228","","https://research.ebsco.com/plink/245c6316-e976-3116-8bb9-1e392756e57a","","2002","2026-02-05 01:58:06","2026-02-05 02:12:45","","null-null","","2","3","","JCRT","","","","","","Whitestone Foundation","","","","","","","","","","","","","Philosophy and theology; 1925-1995; Deleuze; Gilles; Literature – Themes; Religion and literature; Mourning; 1828-1910; Desire in literature; Graf; Leo; Tolstoy","","","","","","","","","","","","","","","","","","","","","","","","","","","","","","","","","","","","","","","","","","","","","","",""
"K8KSMFWZ","journalArticle","2001","Lakeland, Paul","Beyond foundationalism: shaping theology in a postmodern context","Journal for Cultural & Religious Theory","","1530-5228","","https://research.ebsco.com/plink/453d9050-a72a-379d-abaa-2e60dd8e0fee","","2001","2026-02-05 01:58:06","2026-02-05 02:12:45","","null-null","","3","2","","JCRT","","","","","","Whitestone Foundation","","","","","","","","","","","","","","","","","","","","","","","","","","","","","","","","","","","","","","","","","","","","","","","","","","","","","","","","","","","",""
"XF2KT2YA","journalArticle","2002","Reinhart, David","On cosmopolitanism and forgiveness","Journal for Cultural & Religious Theory","","1530-5228","","https://research.ebsco.com/plink/d874b5e3-55e7-3f23-b483-8975eab6b198","","2002","2026-02-05 01:58:06","2026-02-05 02:12:45","","null-null","","3","3","","JCRT","","","","","","Whitestone Foundation","","","","","","","","","","","","","","","","","","","","","","","","","","","","","","","","","","","","","","","","","","","","","","","","","","","","","","","","","","","",""
"3MZ7T6BA","journalArticle","2003","Lee, C Jason","Seeing is believing: Warhol's spiritualizing of materiality and the need for the historicizing of postmodernism","Journal for Cultural & Religious Theory","","1530-5228","","https://research.ebsco.com/plink/5381628b-0042-33e8-93e8-c3bbfd36e4db","","2003","2026-02-05 01:58:06","2026-02-05 02:12:45","","null-null","","1","5","","JCRT","","","","","","Whitestone Foundation","","","","","","","","","","","","","Art and religion; Postmodernism; Aesthetics; 1934-; 1929-2007; Baudrillard; Jean; 1928-1987; Andy; Art – Themes; Cupitt; Don; Foster; Hal; Warhol","","","","","","","","","","","","","","","","","","","","","","","","","","","","","","","","","","","","","","","","","","","","","","",""
"BKMZFPMM","journalArticle","2001","Robbins, Jeffrey W","God, the gift, and postmodernism","Journal for Cultural & Religious Theory","","1530-5228","","https://research.ebsco.com/plink/5b210b6e-d676-3b86-b0de-9ca76a215720","","2001","2026-02-05 01:58:06","2026-02-05 02:12:45","","null-null","","2","2","","JCRT","","","","","","Whitestone Foundation","","","","","","","","","","","","","","","","","","","","","","","","","","","","","","","","","","","","","","","","","","","","","","","","","","","","","","","","","","","",""
"R3PS4ULP","journalArticle","2004","Caputo, John D","Love among the deconstructibles: a response to Gregg Lambert","Journal for Cultural & Religious Theory","","1530-5228","","https://research.ebsco.com/plink/2afa88e0-2be8-310d-a639-7d120ac8ed71","","2004","2026-02-05 01:58:06","2026-02-05 02:12:45","","null-null","","2","5","","JCRT","","","","","","Whitestone Foundation","","","","","","","","","","","","","Deconstruction (Criticism); Reductionism; Rationalism; Difference (Philosophy); Jacques; Psychoanalysis and religion; 1930-2004; Derrida; Religion (Study and teaching); Love in religion; 1961-; Gregg; Lambert","","","","","","","","","","","","","","","","","","","","","","","","","","","","","","","","","","","","","","","","","","","","","","",""
"E99SJSKH","journalArticle","2002","Raschke, Carl A","From religion to faith: Levinasian ethics and the grammar of address","Journal for Cultural & Religious Theory","","1530-5228","","https://research.ebsco.com/plink/11df6b28-a213-3b1e-92ef-28429b5fba68","","2002","2026-02-05 01:58:06","2026-02-05 02:12:45","","null-null","","1","4","","JCRT","","","","","","Whitestone Foundation","","","","","","","","","","","","","Apophatic theology; Ethics; God (Philosophy); Ontology; Postmodernism; Consciousness; Other (Philosophy); 1906-1995; Emmanuel; Lévinas; Language and languages – Philosophy; René; Theology – Methodology; 1596-1650; Descartes","","","","","","","","","","","","","","","","","","","","","","","","","","","","","","","","","","","","","","","","","","","","","","",""
"U6XMDEZR","journalArticle","2001","Anderson, Carol S","Across the boundaries of belief: contemporary issues in the anthropology of religion","Journal for Cultural & Religious Theory","","1530-5228","","https://research.ebsco.com/plink/c4be29e2-761e-33c1-82be-c1a0d73637c6","","2001","2026-02-05 01:58:06","2026-02-05 02:12:45","","null-null","","1","3","","JCRT","","","","","","Whitestone Foundation","","","","","","","","","","","","","","","","","","","","","","","","","","","","","","","","","","","","","","","","","","","","","","","","","","","","","","","","","","","",""
"QADGSWW7","journalArticle","2003","Flaxman, Gregory","Past imperfect, future unknown: the discourse of theory","Journal for Cultural & Religious Theory","","1530-5228","","https://research.ebsco.com/plink/1c7067bd-ab69-394c-bf30-b6eacb013b42","","2003","2026-02-05 01:58:06","2026-02-05 02:12:45","","null-null","","2","4","","JCRT","","","","","","Whitestone Foundation","","","","","","","","","","","","","Criticism; Postmodernism; Philosophy; Self (Philosophy); 1901-1981; 1949-; Jacques; Lacan; Psychoanalysis; Paul; French; Philosophy – History; 1919-1983; Communication – Theory; Theory; De Man; Hysteria; Jean-Michel; Rabaté","","","","","","","","","","","","","","","","","","","","","","","","","","","","","","","","","","","","","","","","","","","","","","",""
"2TC7QQ9K","journalArticle","2003","Macri, Anthony L","I am the truth: toward a philosophy of Christianity","Journal for Cultural & Religious Theory","","1530-5228","","https://research.ebsco.com/plink/42552d3c-68a2-3a4a-9cd0-ae960619e844","","2003","2026-02-05 01:58:06","2026-02-05 02:12:45","","null-null","","3","4","","JCRT","","","","","","Whitestone Foundation","","","","","","","","","","","","","","","","","","","","","","","","","","","","","","","","","","","","","","","","","","","","","","","","","","","","","","","","","","","",""
"Z7NUDJ79","journalArticle","2002","Lee, C Jason","Dead man","Journal for Cultural & Religious Theory","","1530-5228","","https://research.ebsco.com/plink/7ce8b376-271e-31c4-82fe-1e46ff6b5a41","","2002","2026-02-05 01:58:06","2026-02-05 02:12:45","","null-null","","2","3","","JCRT","","","","","","Whitestone Foundation","","","","","","","","","","","","","","","","","","","","","","","","","","","","","","","","","","","","","","","","","","","","","","","","","","","","","","","","","","","",""
"E8ZSRC27","journalArticle","2001","Katchen, Martin H","Bluebird: deliberate creation of multiple personality by psychiatrists","Journal for Cultural & Religious Theory","","1530-5228","","https://research.ebsco.com/plink/90208b50-b1b8-373b-9665-caf8168e8fc9","","2001","2026-02-05 01:58:06","2026-02-05 02:12:45","","null-null","","3","2","","JCRT","","","","","","Whitestone Foundation","","","","","","","","","","","","","","","","","","","","","","","","","","","","","","","","","","","","","","","","","","","","","","","","","","","","","","","","","","","",""
"BMRZLAL7","journalArticle","2002","Druen, Perri","Sacred pain: hurting the body for the sake of the soul","Journal for Cultural & Religious Theory","","1530-5228","","https://research.ebsco.com/plink/8da9d2b0-b259-3779-9de8-0dac7fa24aea","","2002","2026-02-05 01:58:06","2026-02-05 02:12:45","","null-null","","3","3","","JCRT","","","","","","Whitestone Foundation","","","","","","","","","","","","","","","","","","","","","","","","","","","","","","","","","","","","","","","","","","","","","","","","","","","","","","","","","","","",""
"J3ESRB4U","journalArticle","2003","Iyer, Lars","'Write, write': testimony, Judaism and the infinite in Blanchot, Kofman and Levinas","Journal for Cultural & Religious Theory","","1530-5228","","https://research.ebsco.com/plink/9fafe484-0cbe-3e8f-8533-f18c27be00f7","","2003","2026-02-05 01:58:06","2026-02-05 02:12:45","","null-null","","1","5","","JCRT","","","","","","Whitestone Foundation","","","","","","","","","","","","","Psychic trauma; Experience; Antisemitism; Witnessing; Other (Philosophy); Self (Philosophy); 1906-1995; Emmanuel; Lévinas; Sarah; Holocaust; Literary; Style; Infinite; Maurice; 1907-2003; Blanchot; Judaism and philosophy; Jewish (1939-1945) in literature; Kofman","","","","","","","","","","","","","","","","","","","","","","","","","","","","","","","","","","","","","","","","","","","","","","",""
"M4L6S77Z","journalArticle","2004","Lambert, Gregg","Against religion ('without religion'): a new rationalist reply to John D. Caputo's On religion","Journal for Cultural & Religious Theory","","1530-5228","","https://research.ebsco.com/plink/0ea93dfe-e27c-3812-809f-151b5214f1bb","","2004","2026-02-05 01:58:06","2026-02-05 02:12:45","","null-null","","2","5","","JCRT","","","","","","Whitestone Foundation","","","","","","","","","","","","","Theology; Duty; 2000; Doctrinal; Culture – Philosophy; 1901-1981; Jacques; Lacan; Psychoanalysis and religion; The; 1632-1677; Benedictus de; Spinoza; Phenomenology; Caputo; 1940-; Love in religion; John D; Good; God – Love","","","","","","","","","","","","","","","","","","","","","","","","","","","","","","","","","","","","","","","","","","","","","","",""
"QHB8ELBC","journalArticle","2002","Blundell, Boyd","Paul Ricoeur and contemporary moral thought","Journal for Cultural & Religious Theory","","1530-5228","","https://research.ebsco.com/plink/d2d6605d-c818-3763-91bd-29e73c919c05","","2002","2026-02-05 01:58:07","2026-02-05 02:12:45","","null-null","","1","4","","JCRT","","","","","","Whitestone Foundation","","","","","","","","","","","","","","","","","","","","","","","","","","","","","","","","","","","","","","","","","","","","","","","","","","","","","","","","","","","",""
"DZUFD5B8","journalArticle","2003","Rabaté, Jean-Michel; Lambert, Gregg","A conversation on The future of theory","Journal for Cultural & Religious Theory","","1530-5228","","https://research.ebsco.com/plink/cd5aea47-7b51-3efd-86a9-c5a2419e8a7b","","2003","2026-02-05 01:58:07","2026-02-05 02:12:45","","null-null","","2","4","","JCRT","","","","","","Whitestone Foundation","","","","","","","","","","","","","Postmodernism; Philosophy; 1901-1981; Jacques; Lacan; 1930-2004; Derrida; Philosophy – Methodology; 1947-; French; Theory; Hysteria; Camille; Paglia; Twenty-first century – Forecasts","","","","","","","","","","","","","","","","","","","","","","","","","","","","","","","","","","","","","","","","","","","","","","",""
"UZ7WLACE","journalArticle","2003","Thompson, Curtis L","The God who may be: a hermeneutics of religion","Journal for Cultural & Religious Theory","","1530-5228","","https://research.ebsco.com/plink/69cc6e85-ed01-3f54-b687-3ed5edbb0c4f","","2003","2026-02-05 01:58:07","2026-02-05 02:12:45","","null-null","","3","4","","JCRT","","","","","","Whitestone Foundation","","","","","","","","","","","","","","","","","","","","","","","","","","","","","","","","","","","","","","","","","","","","","","","","","","","","","","","","","","","",""
"7QAJNQC4","journalArticle","2002","Hale, David","Terror in the mind of God: the global rise of religious violence","Journal for Cultural & Religious Theory","","1530-5228","","https://research.ebsco.com/plink/add1a5cc-6bf6-3095-bf0f-10d7322f5d61","","2002","2026-02-05 01:58:07","2026-02-05 02:12:45","","null-null","","2","3","","JCRT","","","","","","Whitestone Foundation","","","","","","","","","","","","","","","","","","","","","","","","","","","","","","","","","","","","","","","","","","","","","","","","","","","","","","","","","","","",""
"HE8E5IDS","journalArticle","2001","Hale, David","The critique of theological reason","Journal for Cultural & Religious Theory","","1530-5228","","https://research.ebsco.com/plink/a4839ce9-9774-3ab6-b03d-4dca61f62947","","2001","2026-02-05 01:58:07","2026-02-05 02:12:45","","null-null","","3","2","","JCRT","","","","","","Whitestone Foundation","","","","","","","","","","","","","","","","","","","","","","","","","","","","","","","","","","","","","","","","","","","","","","","","","","","","","","","","","","","",""
"XWLCY5CB","journalArticle","2002","Scott, Noel Dane","Why God won't go away: brain science and the biology of belief","Journal for Cultural & Religious Theory","","1530-5228","","https://research.ebsco.com/plink/009416db-fcd7-3e02-9f5c-2469120dddd2","","2002","2026-02-05 01:58:07","2026-02-05 02:12:45","","null-null","","3","3","","JCRT","","","","","","Whitestone Foundation","","","","","","","","","","","","","","","","","","","","","","","","","","","","","","","","","","","","","","","","","","","","","","","","","","","","","","","","","","","",""
"D5C59RDY","journalArticle","2003","Siebers, Tobin","The return to ritual: violence and art in the media age","Journal for Cultural & Religious Theory","","1530-5228","","https://research.ebsco.com/plink/0d7124a6-229d-3bcf-8523-0efd73ab84e2","","2003","2026-02-05 01:58:07","2026-02-05 02:12:45","","null-null","","1","5","","JCRT","","","","","","Whitestone Foundation","","","","","","","","","","","","","Aesthetics; Violence; Culture; 1892-1940; Benjamin; Walter; Human figure in art; Study and teaching; 2001; September 11 Terrorist Attacks; Communication – Theory; Film criticism; 1928-1987; Andy; Warhol; Art – Exhibitions; Ritual (Study and teaching); Tiananmen Square Incident (China : 1989)","","","","","","","","","","","","","","","","","","","","","","","","","","","","","","","","","","","","","","","","","","","","","","",""
"TECN28A3","journalArticle","2004","Lambrianou, Nikolas","'A philosophy and theology of hyperinflation': Walter Benjamin, Weimar and the new thinking","Journal for Cultural & Religious Theory","","1530-5228","","https://research.ebsco.com/plink/6c6b960d-20c3-36f1-9c4b-d471ac752e7d","","2004","2026-02-05 01:58:07","2026-02-05 02:12:45","","null-null","","2","5","","JCRT","","","","","","Whitestone Foundation","","","","","","","","","","","","","Modernity; History; Messianism; Philosophy; Political science – Philosophy; 1892-1940; Benjamin; Walter; History – Philosophy; 1724-1804; Immanuel; Kant; Franz; 1886-1929; Rosenzweig; Germany; 1842-1918; 1918-1933; Cohen; Economics – Philosophy; German; Hermann; Inflation","","","","","","","","","","","","","","","","","","","","","","","","","","","","","","","","","","","","","","","","","","","","","","",""
"SBZHE7MW","journalArticle","2002","Hamner, M Gail","Revolt, she said","Journal for Cultural & Religious Theory","","1530-5228","","https://research.ebsco.com/plink/23d27ea0-4444-327d-ae15-1d0e56ef5c83","","2002","2026-02-05 01:58:07","2026-02-05 02:12:45","","null-null","","1","4","","JCRT","","","","","","Whitestone Foundation","","","","","","","","","","","","","","","","","","","","","","","","","","","","","","","","","","","","","","","","","","","","","","","","","","","","","","","","","","","",""
"EJI9K6G3","journalArticle","2003","Pecora, Vincent P","Religion and modernity in current debate","Journal for Cultural & Religious Theory","","1530-5228","","https://research.ebsco.com/plink/bbf3b7a4-3129-37b7-beea-4e7b5b0eab9b","","2003","2026-02-05 01:58:07","2026-02-05 02:12:45","","null-null","","2","4","","JCRT","","","","","","Whitestone Foundation","","","","","","","","","","","","","Secularization (Sociology); Modernity; Arab-Israeli conflict; Christianity and politics; Economics and religion; Religion – Philosophy; 2001-2009; War on Terrorism; Islam and politics; Social conflict","","","","","","","","","","","","","","","","","","","","","","","","","","","","","","","","","","","","","","","","","","","","","","",""
"928SMPLA","journalArticle","2003","Lokensgard, Ken","Native pragmatism: rethinking the roots of American philosophy","Journal for Cultural & Religious Theory","","1530-5228","","https://research.ebsco.com/plink/2c6dce3b-0929-3a5f-b3d0-88d28cde2355","","2003","2026-02-05 01:58:07","2026-02-05 02:12:45","","null-null","","3","4","","JCRT","","","","","","Whitestone Foundation","","","","","","","","","","","","","","","","","","","","","","","","","","","","","","","","","","","","","","","","","","","","","","","","","","","","","","","","","","","",""
"EAJSDF6U","journalArticle","2002","Parmenter, Dorina Miller","The book of the heart","Journal for Cultural & Religious Theory","","1530-5228","","https://research.ebsco.com/plink/c538bb21-b76d-3a3c-8bbd-766830ec3d18","","2002","2026-02-05 01:58:07","2026-02-05 02:12:45","","null-null","","2","3","","JCRT","","","","","","Whitestone Foundation","","","","","","","","","","","","","","","","","","","","","","","","","","","","","","","","","","","","","","","","","","","","","","","","","","","","","","","","","","","",""
"ATIJ6VPR","journalArticle","2001","Katchen, Martin H","Secret weapons: two sisters' terrifying true story of spies and sabotage","Journal for Cultural & Religious Theory","","1530-5228","","https://research.ebsco.com/plink/18c629c9-a685-377e-90cf-a9bec07974dc","","2001","2026-02-05 01:58:07","2026-02-05 02:12:45","","null-null","","3","2","","JCRT","","","","","","Whitestone Foundation","","","","","","","","","","","","","","","","","","","","","","","","","","","","","","","","","","","","","","","","","","","","","","","","","","","","","","","","","","","",""
"HIFISA5A","journalArticle","2002","Taylor, Victor E","The city of K: Franz Kafka and Prague","Journal for Cultural & Religious Theory","","1530-5228","","https://research.ebsco.com/plink/d1b06615-80c7-3956-8192-72653c425da6","","2002","2026-02-05 01:58:07","2026-02-05 02:12:45","","null-null","","3","3","","JCRT","","","","","","Whitestone Foundation","","","","","","","","","","","","","","","","","","","","","","","","","","","","","","","","","","","","","","","","","","","","","","","","","","","","","","","","","","","",""
"58D94I9J","journalArticle","2003","Raschke, Carl A","Bataille's gift","Journal for Cultural & Religious Theory","","1530-5228","","https://research.ebsco.com/plink/cc4ff2ce-460b-3452-a5ac-4a3d4f89bc7c","","2003","2026-02-05 01:58:07","2026-02-05 02:12:45","","null-null","","1","5","","JCRT","","","","","","Whitestone Foundation","","","","","","","","","","","","","Experience (Religion); Death of God (Philosophy); Exchange theory (Sociology); Postmodernism; Nihilism; 1844-1900; Friedrich Wilhelm; Nietzsche; Language and languages – Philosophy; Georges; Literary; Style; 1897-1962; Bataille; Marcel; 1872-1950; Mauss; Aphorisms","","","","","","","","","","","","","","","","","","","","","","","","","","","","","","","","","","","","","","","","","","","","","","",""
"YHC4ZFP8","journalArticle","2004","Ware, Owen","Dialectic of the past / disjuncture of the future: Derrida and Benjamin on the concept of messianism","Journal for Cultural & Religious Theory","","1530-5228","","https://research.ebsco.com/plink/351f54a4-dab9-3c53-af82-ec89afabe8dc","","2004","2026-02-05 01:58:07","2026-02-05 02:12:45","","null-null","","2","5","","JCRT","","","","","","Whitestone Foundation","","","","","","","","","","","","","Marxism; Messianism; Jacques; 1892-1940; Benjamin; Walter; 1930-2004; Derrida; History – Philosophy; Events (Philosophy); Promise (Theology)","","","","","","","","","","","","","","","","","","","","","","","","","","","","","","","","","","","","","","","","","","","","","","",""
"9ZMG62ZB","journalArticle","2002","Hamner, M Gail","The feminine and the sacred","Journal for Cultural & Religious Theory","","1530-5228","","https://research.ebsco.com/plink/44ec2f75-adf8-336e-9583-d8396f8be35a","","2002","2026-02-05 01:58:07","2026-02-05 02:12:45","","null-null","","1","4","","JCRT","","","","","","Whitestone Foundation","","","","","","","","","","","","","","","","","","","","","","","","","","","","","","","","","","","","","","","","","","","","","","","","","","","","","","","","","","","",""
"NZGQS3AV","journalArticle","2003","Lambert, Gregg","'Create, she said': Deleuze and feminism (on Dorothea Olkowski's Gilles Deleuze and the ruin of representation)","Journal for Cultural & Religious Theory","","1530-5228","","https://research.ebsco.com/plink/055ae554-6dd6-3f94-ae2b-a531e740ead0","","2003","2026-02-05 01:58:07","2026-02-05 02:12:45","","null-null","","2","4","","JCRT","","","","","","Whitestone Foundation","","","","","","","","","","","","","Ontology; Art – Philosophy; Jacques; 1930-2004; Derrida; 1944-; Feminist theory; 1925-1995; Deleuze; Gilles; Representation (Philosophy); Mary; Dorothea; Kelly; Olkowski","","","","","","","","","","","","","","","","","","","","","","","","","","","","","","","","","","","","","","","","","","","","","","",""
"QGUB58QN","journalArticle","2003","Thompson, Curtis L","Strangers, Gods, and monsters: interpreting otherness","Journal for Cultural & Religious Theory","","1530-5228","","https://research.ebsco.com/plink/11af2da7-d3ee-3071-bc16-18fdcef771ad","","2003","2026-02-05 01:58:07","2026-02-05 02:12:45","","null-null","","3","4","","JCRT","","","","","","Whitestone Foundation","","","","","","","","","","","","","","","","","","","","","","","","","","","","","","","","","","","","","","","","","","","","","","","","","","","","","","","","","","","",""
"D6E7J4IL","journalArticle","2002","Hale, David","The ambivalence of the sacred: religion, violence, and reconciliation","Journal for Cultural & Religious Theory","","1530-5228","","https://research.ebsco.com/plink/039b88a6-a570-3897-8503-91f9438bd834","","2002","2026-02-05 01:58:07","2026-02-05 02:12:45","","null-null","","2","3","","JCRT","","","","","","Whitestone Foundation","","","","","","","","","","","","","","","","","","","","","","","","","","","","","","","","","","","","","","","","","","","","","","","","","","","","","","","","","","","",""
"8H6ZTUYL","journalArticle","2001","Crockett, Clayton","Contributions to philosophy (from enowning)","Journal for Cultural & Religious Theory","","1530-5228","","https://research.ebsco.com/plink/2b9c34b8-a324-379a-b8ae-090a16c8ed4a","","2001","2026-02-05 01:58:07","2026-02-05 02:12:45","","null-null","","3","2","","JCRT","","","","","","Whitestone Foundation","","","","","","","","","","","","","","","","","","","","","","","","","","","","","","","","","","","","","","","","","","","","","","","","","","","","","","","","","","","",""
"4IDPHGC3","journalArticle","2002","Flato, Jason M","Christianity in Jewish terms","Journal for Cultural & Religious Theory","","1530-5228","","https://research.ebsco.com/plink/219b33b8-7fe9-376a-b5e6-a7e02688c38e","","2002","2026-02-05 01:58:07","2026-02-05 02:12:45","","null-null","","3","3","","JCRT","","","","","","Whitestone Foundation","","","","","","","","","","","","","","","","","","","","","","","","","","","","","","","","","","","","","","","","","","","","","","","","","","","","","","","","","","","",""
"REWR6SX4","journalArticle","2003","Fasching, Darrell J","Anonymous God","Journal for Cultural & Religious Theory","","1530-5228","","https://research.ebsco.com/plink/335bad4c-7b53-3414-b614-2fb01e6a2079","","2003","2026-02-05 01:58:07","2026-02-05 02:12:45","","null-null","","1","5","","JCRT","","","","","","Whitestone Foundation","","","","","","","","","","","","","","","","","","","","","","","","","","","","","","","","","","","","","","","","","","","","","","","","","","","","","","","","","","","",""
"G9464UWL","journalArticle","2004","Crockett, Clayton","Long time coming: theology, methodology, cultural theory","Journal for Cultural & Religious Theory","","1530-5228","","https://research.ebsco.com/plink/eb58a32f-ac6f-33a1-bfc1-5606d21ecc2d","","2004","2026-02-05 01:58:07","2026-02-05 02:12:45","","null-null","","2","5","","JCRT","","","","","","Whitestone Foundation","","","","","","","","","","","","","Culture – Philosophy; Knowledge; 1926-2020; Charles H; Long; Theology – Methodology; Theory of (Religion); 1961-; McCutcheon; Russell T; Religionsgeschichtliche Schule","","","","","","","","","","","","","","","","","","","","","","","","","","","","","","","","","","","","","","","","","","","","","","",""
"MAN7U37M","journalArticle","2002","McGrath, Sean J","Phänomenologie des religiösen Lebens","Journal for Cultural & Religious Theory","","1530-5228","","https://research.ebsco.com/plink/3ca6c0c9-1fff-3b96-8634-7814e0e885fd","","2002","2026-02-05 01:58:07","2026-02-05 02:12:45","","null-null","","1","4","","JCRT","","","","","","Whitestone Foundation","","","","","","","","","","","","","","","","","","","","","","","","","","","","","","","","","","","","","","","","","","","","","","","","","","","","","","","","","","","",""
"62ZLPC4J","journalArticle","2003","Taylor, Victor E","Refusing theory: Avital Ronell and the structure of stupidity","Journal for Cultural & Religious Theory","","1530-5228","","https://research.ebsco.com/plink/88c23d4b-1af9-3c6b-a709-46123cd7b0b0","","2003","2026-02-05 01:58:07","2026-02-05 02:12:45","","null-null","","2","4","","JCRT","","","","","","Whitestone Foundation","","","","","","","","","","","","","Postmodernism; Criticism (Philosophy); Knowledge; Theory of; Language and languages – Philosophy; 1925-1995; Deleuze; Gilles; Theory; Avital; Ronell; Stupidity","","","","","","","","","","","","","","","","","","","","","","","","","","","","","","","","","","","","","","","","","","","","","","",""
"LC9RW4X3","journalArticle","2003","Atchley, J Heath","Sensible ecstasy: mysticism, sexual difference, and the demands of history","Journal for Cultural & Religious Theory","","1530-5228","","https://research.ebsco.com/plink/bef4c858-cbde-3b45-8784-903aae447939","","2003","2026-02-05 01:58:07","2026-02-05 02:12:45","","null-null","","3","4","","JCRT","","","","","","Whitestone Foundation","","","","","","","","","","","","","","","","","","","","","","","","","","","","","","","","","","","","","","","","","","","","","","","","","","","","","","","","","","","",""
"2EN2KZDL","journalArticle","2002","Grimshaw, Mike","Preacher","Journal for Cultural & Religious Theory","","1530-5228","","https://research.ebsco.com/plink/debc89fc-17fa-350d-904f-9638933abd3b","","2002","2026-02-05 01:58:07","2026-02-05 02:12:45","","null-null","","2","3","","JCRT","","","","","","Whitestone Foundation","","","","","","","","","","","","","","","","","","","","","","","","","","","","","","","","","","","","","","","","","","","","","","","","","","","","","","","","","","","",""
"MQUYQDHS","journalArticle","2002","Weiss, Dennis M","In our image: artificial intelligence and the human spirit","Journal for Cultural & Religious Theory","","1530-5228","","https://research.ebsco.com/plink/bdf3fc6c-0756-393b-99de-e84512bd12bb","","2002","2026-02-05 01:58:07","2026-02-05 02:12:45","","null-null","","3","3","","JCRT","","","","","","Whitestone Foundation","","","","","","","","","","","","","","","","","","","","","","","","","","","","","","","","","","","","","","","","","","","","","","","","","","","","","","","","","","","",""
"8IPJ5BY3","journalArticle","2003","Tate, Daniel L","Tragic thoughts at the end of philosophy: language, literature and ethical theory","Journal for Cultural & Religious Theory","","1530-5228","","https://research.ebsco.com/plink/b61d2c5a-a300-3c53-a83d-97ea20b25e12","","2003","2026-02-05 01:58:07","2026-02-05 02:12:45","","null-null","","1","5","","JCRT","","","","","","Whitestone Foundation","","","","","","","","","","","","","","","","","","","","","","","","","","","","","","","","","","","","","","","","","","","","","","","","","","","","","","","","","","","",""
"A49B4NQ6","journalArticle","2004","Crudhington, Richard; Cranny, Fiona; Burnup, Sandra; Eagle, Tom; Dandy, David; Merriman, Charlotte; Cocksworth, Michael; Goodchild, Philip","The return of the prophet: a dialogue","Journal for Cultural & Religious Theory","","1530-5228","","https://research.ebsco.com/plink/82d115ee-0b28-392b-8828-f38fabdd0a72","","2004","2026-02-05 01:58:07","2026-02-05 02:12:45","","null-null","","2","5","","JCRT","","","","","","Whitestone Foundation","","","","","","","","","","","","","Prophetic office; Postmodernism; Economics and religion; The; Theology – Methodology; Truth (Religion); Good; Eschatology (Christianity) – History of doctrines","","","","","","","","","","","","","","","","","","","","","","","","","","","","","","","","","","","","","","","","","","","","","","",""
"GC6TQDU9","journalArticle","2002","Blundell, Boyd","Ricoeur as another: the ethics of subjectivity","Journal for Cultural & Religious Theory","","1530-5228","","https://research.ebsco.com/plink/ad47476c-5eed-3b55-8c2f-a292fbf4c926","","2002","2026-02-05 01:58:07","2026-02-05 02:12:45","","null-null","","1","4","","JCRT","","","","","","Whitestone Foundation","","","","","","","","","","","","","","","","","","","","","","","","","","","","","","","","","","","","","","","","","","","","","","","","","","","","","","","","","","","",""
"W4ZXIDCW","journalArticle","2003","Saldino, Andrew","World and life as one: ethics and ontology in Wittgenstein's early thought","Journal for Cultural & Religious Theory","","1530-5228","","https://research.ebsco.com/plink/25d38a5b-7c71-37f2-98ad-0ab4330ee795","","2003","2026-02-05 01:58:07","2026-02-05 02:12:45","","null-null","","3","4","","JCRT","","","","","","Whitestone Foundation","","","","","","","","","","","","","","","","","","","","","","","","","","","","","","","","","","","","","","","","","","","","","","","","","","","","","","","","","","","",""
"C4GZRWYU","journalArticle","2003","Putt, B Keith","Cities of God","Journal for Cultural & Religious Theory","","1530-5228","","https://research.ebsco.com/plink/aa7481c4-acb2-3839-9fbe-3b71595229f1","","2003","2026-02-05 01:58:07","2026-02-05 02:12:45","","null-null","","1","5","","JCRT","","","","","","Whitestone Foundation","","","","","","","","","","","","","","","","","","","","","","","","","","","","","","","","","","","","","","","","","","","","","","","","","","","","","","","","","","","",""
"JBUS92IR","journalArticle","2004","Woodard, Jared","The puppet and the dwarf: the perverse core of Christianity","Journal for Cultural & Religious Theory","","1530-5228","","https://research.ebsco.com/plink/a767fb56-f34f-33bb-bc2f-972de3b1aca2","","2004","2026-02-05 01:58:08","2026-02-05 02:12:45","","null-null","","2","5","","JCRT","","","","","","Whitestone Foundation","","","","","","","","","","","","","","","","","","","","","","","","","","","","","","","","","","","","","","","","","","","","","","","","","","","","","","","","","","","",""
"D2R444ZU","journalArticle","2003","Thompson, Curtis L","On stories: thinking in action","Journal for Cultural & Religious Theory","","1530-5228","","https://research.ebsco.com/plink/0f5d9967-7589-3a3d-91d2-146a27253373","","2003","2026-02-05 01:58:08","2026-02-05 02:12:45","","null-null","","3","4","","JCRT","","","","","","Whitestone Foundation","","","","","","","","","","","","","","","","","","","","","","","","","","","","","","","","","","","","","","","","","","","","","","","","","","","","","","","","","","","",""
"AWXSC7NR","journalArticle","2003","Bain-Selbo, Eric","Religion and rationality: essays on reason, God, and modernity","Journal for Cultural & Religious Theory","","1530-5228","","https://research.ebsco.com/plink/caebf469-ebf2-3303-a7d9-9e1e3d9d5c36","","2003","2026-02-05 01:58:08","2026-02-05 02:12:45","","null-null","","1","5","","JCRT","","","","","","Whitestone Foundation","","","","","","","","","","","","","","","","","","","","","","","","","","","","","","","","","","","","","","","","","","","","","","","","","","","","","","","","","","","",""
"VY8NXPCW","journalArticle","2004","Ream, Todd","Augustine and modernity","Journal for Cultural & Religious Theory","","1530-5228","","https://research.ebsco.com/plink/9bcb2ae7-7731-30fd-b427-ddf28b7e7496","","2004","2026-02-05 01:58:08","2026-02-05 02:12:45","","null-null","","2","5","","JCRT","","","","","","Whitestone Foundation","","","","","","","","","","","","","","","","","","","","","","","","","","","","","","","","","","","","","","","","","","","","","","","","","","","","","","","","","","","",""
"DXRN7GI7","journalArticle","2003","Rennie, Bryan S","Indian philosophers and postmodern thinkers","Journal for Cultural & Religious Theory","","1530-5228","","https://research.ebsco.com/plink/ddd43af1-794a-341c-b9b0-205aa6d1953f","","2003","2026-02-05 01:58:08","2026-02-05 02:12:45","","null-null","","3","4","","JCRT","","","","","","Whitestone Foundation","","","","","","","","","","","","","","","","","","","","","","","","","","","","","","","","","","","","","","","","","","","","","","","","","","","","","","","","","","","",""
"8NWJ22I9","journalArticle","2004","Iyer, Lars","Capitalism and religion: the price of piety","Journal for Cultural & Religious Theory","","1530-5228","","https://research.ebsco.com/plink/ed4ba24e-f25a-33b8-a2c4-1fde747ac695","","2004","2026-02-05 01:58:08","2026-02-05 02:12:45","","null-null","","2","5","","JCRT","","","","","","Whitestone Foundation","","","","","","","","","","","","","","","","","","","","","","","","","","","","","","","","","","","","","","","","","","","","","","","","","","","","","","","","","","","",""
"TRZM6KGX","journalArticle","2003","Ream, Todd","Varieties of religion today: William James revisited","Journal for Cultural & Religious Theory","","1530-5228","","https://research.ebsco.com/plink/d1ea8c01-4b09-3a97-b80b-412d72c7f1a1","","2003","2026-02-05 01:58:08","2026-02-05 02:12:45","","null-null","","3","4","","JCRT","","","","","","Whitestone Foundation","","","","","","","","","","","","","","","","","","","","","","","","","","","","","","","","","","","","","","","","","","","","","","","","","","","","","","","","","","","",""
"FC8HTQI6","journalArticle","2004","Conroy, Melissa","Religion and media","Journal for Cultural & Religious Theory","","1530-5228","","https://research.ebsco.com/plink/4609fd1a-5895-3e87-8e14-c702ffa33766","","2004","2026-02-05 01:58:08","2026-02-05 02:12:45","","null-null","","2","5","","JCRT","","","","","","Whitestone Foundation","","","","","","","","","","","","","","","","","","","","","","","","","","","","","","","","","","","","","","","","","","","","","","","","","","","","","","","","","","","",""
"JX676BER","journalArticle","2003","Michaud, Derek","The face of the deep: a theology of becoming","Journal for Cultural & Religious Theory","","1530-5228","","https://research.ebsco.com/plink/4b2aa3ee-a219-3147-b64d-efaa855234e4","","2003","2026-02-05 01:58:08","2026-02-05 02:12:45","","null-null","","3","4","","JCRT","","","","","","Whitestone Foundation","","","","","","","","","","","","","","","","","","","","","","","","","","","","","","","","","","","","","","","","","","","","","","","","","","","","","","","","","","","",""
"FDZ2IQWF","journalArticle","2004","Weislogel, Eric","Science and wisdom","Journal for Cultural & Religious Theory","","1530-5228","","https://research.ebsco.com/plink/0896bcc3-c1e4-3f72-ae70-20deb9b8748e","","2004","2026-02-05 01:58:08","2026-02-05 02:12:45","","null-null","","2","5","","JCRT","","","","","","Whitestone Foundation","","","","","","","","","","","","","","","","","","","","","","","","","","","","","","","","","","","","","","","","","","","","","","","","","","","","","","","","","","","",""
"2CKUD7JM","journalArticle","2003","Snyder, G Chad","The predicament of postmodern theology: Radical Orthodoxy or nihilist textualism?","Journal for Cultural & Religious Theory","","1530-5228","","https://research.ebsco.com/plink/4bc6ec7d-78fe-3c2c-bf53-d62ab809a9d0","","2003","2026-02-05 01:58:08","2026-02-05 02:12:45","","null-null","","3","4","","JCRT","","","","","","Whitestone Foundation","","","","","","","","","","","","","","","","","","","","","","","","","","","","","","","","","","","","","","","","","","","","","","","","","","","","","","","","","","","",""
"9BZLBXNE","journalArticle","2004","Rodkey, Christopher D","Shopping malls and other sacred spaces: putting God in place","Journal for Cultural & Religious Theory","","1530-5228","","https://research.ebsco.com/plink/1eff828c-f2d5-3742-b33f-1f7167b07577","","2004","2026-02-05 01:58:08","2026-02-05 02:12:45","","null-null","","2","5","","JCRT","","","","","","Whitestone Foundation","","","","","","","","","","","","","","","","","","","","","","","","","","","","","","","","","","","","","","","","","","","","","","","","","","","","","","","","","","","",""